# Layer Numbers: 4
# Layer Number: 0
relu
128 27
# W
0.16162556
0.04755982
0.13116464
0.09823817
-0.02289909
0.13026419
-0.03024115
0.08545337
-0.07351495
0.14854710
0.06496985
-0.01896461
0.10343458
0.20937288
-0.13347837
0.07522550
-0.17386149
0.12378413
-0.03831950
0.14341906
-0.13262840
-0.07398840
0.15216570
-0.15673392
0.05718397
-0.15393148
-0.15955505
-0.08837282
-0.16699706
0.06103702
-0.02157541
0.05633405
0.11794214
-0.12385850
0.03082411
-0.06199570
0.00908747
0.08658527
0.00626934
0.03242978
-0.03338607
0.19673584
-0.05143580
0.07424389
0.14526729
-0.14705397
-0.02031752
-0.05629327
0.07485293
0.06538876
-0.00426206
-0.16937269
0.01861206
-0.09748399
-0.12603721
0.10212626
-0.15800907
-0.02043746
-0.09232519
-0.21116702
-0.17386664
0.08311880
-0.18080273
-0.05210862
0.21036045
0.02065710
-0.00009116
0.17389163
0.07441042
0.05714451
-0.04115712
0.05490734
0.20052333
-0.11566456
0.01858587
-0.03289120
-0.03312415
0.11371075
-0.17404556
-0.18172280
-0.04441708
0.02250976
0.04429410
-0.05301810
0.01715579
0.00870960
-0.07828916
0.03006215
-0.06090457
-0.19155942
0.06815985
0.16370307
0.04687666
-0.14802402
0.09302647
-0.02089197
-0.12944295
-0.21560141
-0.15541910
-0.10942242
0.03074494
0.03817908
-0.02376408
0.09426599
0.12538047
-0.01687773
0.15597363
0.17490867
0.06584813
0.03314677
-0.13042597
-0.07132486
0.07381629
-0.12118876
0.05478655
0.08481833
-0.06299881
0.13385867
0.14722146
-0.12328027
-0.07043286
-0.06095828
0.03382199
-0.10764900
0.15357772
-0.18744940
-0.00226370
-0.15215503
-0.14803728
0.12106401
-0.08358408
-0.10987785
0.08713619
-0.01378754
0.04571007
0.13775948
-0.11951071
0.08162735
-0.09991358
-0.11031988
-0.02649217
-0.17778204
-0.10688438
-0.02837473
0.07045460
-0.12464210
-0.07922760
0.01265034
-0.02699057
-0.02862258
0.09445830
-0.03482873
-0.27543691
-0.04995832
-0.05087432
0.06589719
0.05957201
0.08000553
0.06470124
-0.02376485
-0.22131878
-0.14416671
-0.02611564
-0.19316594
-0.00431600
-0.08839193
-0.22446947
0.07493737
0.13245356
0.20754327
-0.10038444
0.22416970
-0.08518875
0.00571275
-0.02586477
0.02449080
-0.10839295
-0.19746238
0.09774660
-0.16339019
0.04892023
0.09568259
-0.10504481
-0.09169652
-0.12677030
0.06952374
0.05748525
-0.19259705
-0.18474586
-0.12365133
-0.00064389
-0.03048717
-0.02491594
-0.02921109
0.12908882
-0.09223345
0.07237980
-0.21215668
-0.05340997
0.13092022
0.12017667
0.05571248
0.07501554
-0.13439707
-0.09140110
-0.02954000
0.12172257
-0.09818661
0.01542241
-0.07302628
0.10957748
-0.13631421
0.13628416
0.01256556
0.13524270
-0.06786715
-0.08319905
0.06673254
0.21331179
-0.04595267
0.01968413
-0.08662549
0.00796737
-0.16471076
-0.05872510
-0.05415873
0.03807155
0.05569612
-0.08465637
0.14785051
0.12302440
-0.00617059
-0.11294435
0.02784597
0.25004956
-0.17433816
-0.10680155
0.06518494
-0.20109881
0.08287567
-0.00030661
0.04683968
-0.16190682
-0.00881341
0.04225881
0.04280243
-0.06184740
0.14751408
-0.09350603
-0.22383635
0.07391440
0.07982592
0.04184307
0.00809685
-0.15680315
-0.02087377
-0.01261086
0.08146252
-0.01190766
-0.50399888
0.16875537
-0.25712460
0.03327573
-0.21563485
0.16436093
-0.24118768
-0.20111610
0.05408300
0.11980634
-0.21504515
-0.03554964
0.07340289
-0.10789466
-0.00296393
0.12300867
-0.21200190
0.03933277
-0.14449853
-0.00873942
-0.26242706
0.17904139
-0.00559064
0.11393297
-0.25024626
0.29276097
-0.13301641
-0.02547234
0.23898934
0.17892508
0.17603147
-0.17817035
0.14294598
-0.06784411
0.13275790
-0.31583858
0.11655106
-0.07174163
0.07445370
-0.09568639
-0.04112537
-0.07146402
0.00664550
0.07332985
-0.04372117
0.03065757
0.40708902
-0.06875442
-0.23829612
0.61634398
0.12467689
-0.08582883
-0.02048972
0.03526774
0.03026623
0.12528354
0.27341765
0.20557362
-0.13343608
-0.29160917
-0.08793802
-0.12525709
0.39363950
-0.22686158
-0.07707759
-0.10298987
-0.17560884
-0.06601074
0.00765050
0.36314300
-0.06794578
0.21643132
0.38197559
-0.12715468
-0.54186106
0.28118262
-0.03217248
-0.20073587
-0.03553935
0.06183777
0.12263762
0.16555619
-0.14267720
0.02880302
-0.17527787
-0.17334065
0.43978769
0.14040740
-0.13556190
0.02177164
-0.01197733
0.23294243
-0.24716145
0.46355247
0.18038246
0.18795444
-0.02704553
-0.05934808
-0.14387129
0.04511209
-0.07219327
-0.11382458
-0.06121768
0.01626546
0.24247387
-0.03513297
-0.21514659
-0.13238721
0.14529335
0.03415354
-0.03886573
-0.07635106
-0.27715853
-0.02249201
0.00985202
-0.29964140
-0.15430310
0.08280374
-0.14553708
0.04700239
0.31763569
-0.24282800
-0.01445485
-0.19866271
-0.09602854
0.18113755
-0.18614177
0.08617693
0.08941977
-0.29666129
0.17297627
-0.09296574
0.13005726
-0.13060132
-0.26788089
-0.01178701
-0.29408446
-0.29040191
0.34641063
-0.25965625
0.17609003
-0.04224585
-0.14813805
0.27746087
0.04329170
0.18071820
0.08790439
0.06810665
0.25610092
0.20413947
-0.16117483
-0.05931005
-0.27265188
0.16036795
-0.18869060
0.10784864
-0.06578190
0.26909274
0.20315818
0.21710588
0.06844961
-0.01775057
-0.04043987
0.00821912
-0.18936497
-0.00902744
-0.02341848
0.02569839
-0.07641773
-0.15789783
-0.03987507
-0.13553993
-0.21540511
0.31501898
-0.42851448
0.01878012
0.22681335
0.44073993
-0.02892518
0.07532070
-0.25813395
-0.08326994
0.08567643
-0.01533801
-0.06560537
-0.04347374
0.11769610
0.02574438
0.04513611
-0.19505629
0.13832477
-0.15048096
0.00306373
0.05655340
0.07062227
-0.05436177
0.02454186
-0.10144300
0.00501809
-0.15201609
-0.36477411
-0.08967506
0.16343674
-0.04653285
-0.23343296
-0.07560488
0.07014703
0.13292234
-0.08090646
-0.07296395
-0.17521100
0.01844692
0.05150983
0.00917893
0.29617101
0.56534564
0.00028696
0.18655509
0.13567545
-0.11122025
0.02708503
-0.04323656
-0.17995934
-0.09083726
-0.01511156
0.14453046
0.36746305
0.11110705
0.09535816
0.12894459
0.06135581
-0.11171868
0.13129587
0.05500270
0.00355600
0.11380453
0.14495529
-0.15675126
-0.03201884
-0.07218163
0.19836101
-0.08277648
0.10413641
-0.65272462
-0.21996918
-0.13282752
0.01088373
-0.06005026
-0.07385357
0.21996152
-0.22491390
-0.00962325
-0.06766277
-0.09425700
-0.09671478
-0.07345166
-0.28428659
-0.03834564
-0.03528721
0.07020108
0.07057552
0.02990212
-0.26388022
0.00566180
-0.04921471
-0.03961783
-0.20978881
0.13778532
-0.18954796
-0.10126718
-0.14935242
-0.03644541
-0.18367134
-0.11763754
-0.07381037
-0.00290615
-0.21310775
-0.01144578
-0.08507182
0.10350128
-0.18732782
0.14108486
0.01207151
-0.18330172
0.21715952
0.07411628
-0.18984163
-0.20550781
0.08774044
-0.01967106
-0.00681691
-0.01881021
0.22316138
0.02496857
-0.11968031
-0.00223211
-0.25698611
-0.19908407
-0.03033729
0.10564770
0.10192238
0.02149533
-0.15943034
0.12378833
0.25992787
0.11455437
0.18819261
0.18250245
0.02491204
-0.03781719
-0.04030215
0.08914668
-0.02030323
0.06005906
-0.15618323
-0.00406141
-0.07049252
0.08725460
-0.05718425
0.06021843
-0.18833971
-0.00119071
-0.10054268
0.06884335
-0.00406329
0.07468176
0.02537961
-0.01019904
-0.09164847
-0.04883147
-0.18653440
0.05482847
0.08163983
0.03305907
0.09659267
-0.00128625
0.18524836
0.05865001
-0.06654182
-0.09011539
0.00587212
-0.15899591
0.20057000
0.02121701
0.02272889
-0.15795229
0.07075965
0.06417806
-0.14585771
0.21586658
-0.07918344
-0.19616920
0.00578794
-0.06691657
0.14344409
-0.21484397
-0.17988583
0.01912518
0.04339348
-0.00059239
-0.05743992
0.02124196
-0.11609709
-0.01921778
-0.00387830
0.25036779
-0.11633957
-0.20135915
0.11502991
-0.11234739
0.06134153
0.04582289
-0.13506708
-0.00479361
-0.30563733
-0.06084317
0.20205444
-0.25688484
0.18082654
-0.15509795
-0.12955390
-0.11234787
0.02440891
0.28717768
-0.03731956
-0.17829226
0.00654090
0.04165804
0.01222042
-0.20206243
0.23045470
0.19332232
0.00207889
-0.08011481
-0.10645734
-0.08951801
-0.09631626
0.03617286
-0.22352062
-0.07646443
0.18293129
0.15114057
-0.12466839
0.20213830
-0.18302071
-0.08871441
0.04947198
0.14011316
0.10316934
-0.01964588
-0.15366265
-0.01502324
-0.10577626
-0.12781906
0.16963914
0.10153759
-0.02436029
-0.02016538
-0.13330130
0.21397464
0.04332436
0.26932281
0.05469287
-0.12366126
0.20157044
-0.08521251
0.16717669
0.20912024
-0.18443963
0.17706233
0.15870030
0.02557472
0.18472189
0.05047091
0.04431900
0.08414344
0.20978898
-0.05925446
0.02880219
-0.09587248
-0.14835700
0.06798696
0.01126558
0.04392346
-0.10938649
-0.04611694
-0.06137131
0.23340704
-0.17716581
0.13869980
0.21199898
-0.10351392
0.01466817
-0.16396460
0.22047274
-0.15375111
-0.08763027
0.02969469
-0.10322098
-0.11524395
-0.07009516
-0.11059380
-0.08876844
0.17944783
-0.13166326
0.06756516
-0.21510324
0.01129888
-0.16924269
-0.13960725
0.24469024
0.23585114
0.21811676
-0.10770624
0.09642678
-0.13321304
0.13035934
-0.01936443
0.19816138
-0.31966913
-0.06118415
-0.03781286
-0.06147076
-0.03938063
-0.10379614
-0.10344046
0.04810440
0.19601651
-0.13138612
-0.21478337
0.17016107
0.17141394
0.17050467
0.25488329
-0.00189109
0.01608136
-0.03000944
-0.24331243
0.01954572
0.00020426
-0.25288984
-0.05741075
0.20247106
0.16818619
0.15302655
-0.00931953
-0.17809856
-0.08775979
-0.07412613
-0.04770616
-0.03481189
0.15082383
0.10710388
-0.00961357
0.05250366
-0.20897564
-0.16551155
-0.00658956
0.19694722
0.04011071
0.04410750
0.16297215
-0.05317711
-0.11102974
0.02530451
0.26357773
-0.06698795
-0.09418894
0.16628848
-0.03178509
-0.14635175
-0.16756411
-0.01888655
0.07178850
0.12539347
-0.13745466
-0.20075211
0.07949944
-0.17783858
-0.15973438
0.12284534
-0.12476380
-0.08269755
-0.02518479
0.14048445
0.11021941
0.01455298
0.05073159
-0.00377624
-0.01819890
-0.08559413
0.01845873
0.03756915
0.03784475
-0.16300163
0.20763710
0.00814666
0.04342654
-0.19503006
0.13923404
-0.18186396
0.20237406
-0.03962481
-0.13582259
-0.09724550
-0.05219306
0.15609761
-0.02553256
0.16442475
0.00035725
-0.08512620
-0.09511188
0.17760246
-0.11234785
0.19094862
-0.03025023
-0.01114204
-0.10382704
0.12342441
-0.14111416
0.16490243
0.01245991
-0.14917070
0.17934003
0.06187377
0.00173457
-0.02782356
0.12476575
0.11477476
0.11432750
0.17917740
-0.05887611
0.21596731
0.11500061
-0.01451618
-0.00840977
-0.13997535
0.00527588
0.12477040
-0.07146441
-0.12155979
-0.07047227
-0.09376838
0.03604066
0.11777201
0.01922790
-0.16379413
0.20956554
0.13809556
0.00894870
0.05520628
-0.11522075
-0.07258283
0.07149670
0.19010220
-0.20408723
0.04176640
-0.11394323
0.09242470
0.16140573
-0.04039784
-0.03889529
-0.16007464
-0.00944000
0.16641349
0.08426951
-0.17566605
-0.28633100
-0.14419796
-0.02578200
0.05299674
-0.06628241
0.05697973
-0.05505641
0.13774274
-0.17627066
-0.09850198
0.18608762
-0.07137118
0.02707780
0.06681667
0.13813227
0.15219727
0.05789785
-0.02330510
0.00567687
0.15278885
-0.10672604
-0.05886456
0.06476232
0.09805740
0.13386747
0.10168486
0.08275004
-0.06768857
0.01682349
0.16585220
-0.15241309
0.02934338
-0.13403955
-0.14927669
0.14452432
0.00834082
0.18358983
0.18997417
0.06763040
-0.07703761
0.00733036
-0.20967518
-0.02177560
-0.07968320
0.06712566
-0.19989808
-0.11143718
0.00307446
0.13794704
-0.20337890
0.05335913
-0.06083495
0.07718590
0.05794807
-0.00511252
0.02010057
0.06757523
-0.14230475
0.00303098
0.14458218
-0.02614975
0.05845275
-0.10749304
-0.08287121
0.19975975
0.12062249
0.05880024
-0.08039603
-0.16905959
0.01271061
-0.14031497
0.01648933
-0.11758446
0.09491755
-0.10806847
-0.01818351
-0.14648615
-0.14827608
0.00554764
0.10258100
-0.05253198
-0.12471008
-0.08280487
-0.10990936
-0.17528036
-0.02436502
-0.06307416
0.18061145
0.07961709
0.00448527
0.01010431
-0.09699588
-0.09918714
-0.07791788
-0.15576802
0.08698106
-0.14724404
-0.13973686
-0.00634338
0.07459820
0.11466943
-0.13296980
0.03616597
0.09666945
-0.14910200
0.14501691
0.14892033
-0.06735997
0.15178832
-0.13658044
0.12707512
0.14130525
0.16980393
0.12147326
-0.04783389
-0.15308098
-0.10815207
-0.10201125
-0.11497630
0.10788248
-0.05780079
0.07121196
0.16497186
0.09282181
-0.08852129
0.10521002
-0.00115831
0.07543705
0.04675710
0.18722035
0.11565838
-0.19244263
-0.15271993
-0.06453570
0.05948114
-0.20863059
-0.01593209
0.19871539
-0.11740773
-0.04695563
0.15657710
-0.01482009
-0.03328571
-0.11009011
0.07751852
-0.00925842
-0.12610683
-0.06700693
-0.18897146
0.18898708
0.00310691
-0.19929403
0.12725988
-0.17330642
-0.15525107
0.09206968
-0.18219708
0.02763102
0.11456580
0.22658288
-0.07324389
-0.06648447
-0.01675987
0.09217580
0.04593088
0.14573093
0.11608101
0.07751291
-0.05159428
-0.15483123
-0.01930495
-0.02979056
-0.14881499
-0.07925250
-0.00236030
0.10990374
-0.06504425
0.09695016
0.01961785
0.27155381
-0.01414012
0.11186730
0.08232029
0.23146148
-0.06764139
-0.02748113
-0.26039788
-0.28855866
0.21005872
-0.10407240
0.00564183
0.16670056
-0.11921877
-0.22084723
-0.25652549
-0.23188363
-0.18269905
0.11423443
-0.00556269
-0.20629081
0.05210412
0.08420543
0.02046917
0.18883267
0.22808336
-0.01070594
0.32636768
-0.00169954
-0.14589076
0.32331875
-0.01533793
0.05487101
0.11384971
-0.19227996
-0.16424809
0.09513674
0.26224369
0.02438998
0.01436671
0.10066539
0.19096528
0.07050119
-0.11836439
-0.04367880
0.21556281
-0.06208431
0.02371281
0.04935054
0.13491319
-0.07312566
-0.20967023
0.17809798
-0.00385869
0.02043375
-0.04410984
0.03109593
0.02333228
0.00899228
-0.00420065
-0.07978336
-0.20995519
-0.14674211
-0.26789483
0.04566301
0.39130428
0.17375496
0.03177792
-0.24276447
-0.27526224
0.04905932
0.01725890
-0.04815166
-0.04637243
-0.19273327
-0.02383241
0.12393308
-0.13848731
0.12593684
-0.14402086
-0.16748658
-0.02424448
-0.08259951
-0.08265236
-0.06792557
-0.15189701
-0.15011919
-0.11600826
0.06392679
0.17959039
-0.02750332
0.02828213
-0.00064474
0.08497064
-0.08841163
-0.00335331
0.27269378
-0.25938258
-0.26315251
0.21292567
0.13172127
0.08469483
-0.10621921
0.06260319
0.19743706
-0.14998557
-0.01926016
0.08116123
-0.16419506
-0.02470221
-0.19910955
0.06554583
-0.01296540
0.03521587
0.15916407
-0.00267121
0.14157979
0.15195557
0.08203762
0.11257960
-0.26284021
0.02456720
-0.07475811
-0.12132385
0.22030210
0.01893878
0.03579621
-0.00456574
-0.00373623
0.04198657
-0.11632618
-0.01919717
0.32068396
0.23813434
0.23975821
-0.18512896
0.22228126
-0.04193051
-0.22094609
-0.00953306
0.01867495
-0.05416254
0.22622362
-0.01314413
-0.25425103
0.07367165
0.01049844
-0.13817659
-0.07244963
0.22968529
0.17029710
0.18987927
-0.03438509
-0.03161657
0.13654298
-0.19343559
-0.09854525
0.01995968
-0.27271673
0.03544347
-0.06891434
0.21023518
0.05852120
-0.06951353
0.15596157
0.07257979
0.08918402
-0.07206720
-0.16836993
0.16974895
0.04215890
0.10756433
-0.19118188
-0.04326443
0.19569086
0.01618366
0.04357243
0.22306119
0.02941643
-0.30471185
-0.00472115
-0.11582045
0.02246798
0.08727439
0.03921185
0.13183424
0.10418001
-0.09495754
-0.26785406
-0.16817252
-0.12181681
-0.00164625
-0.02975564
0.06533477
-0.18548915
0.22550704
-0.13936472
0.11395004
-0.07972845
0.17971550
0.21207674
0.02417049
0.16674452
-0.15879077
-0.03704175
-0.01293195
-0.21022165
-0.05358953
-0.03570121
-0.00537183
-0.06557263
-0.07382218
0.12985158
-0.15439962
0.00347568
-0.19599630
0.00060828
-0.12633613
0.00089018
0.04080595
-0.02095906
0.02395693
-0.16115436
0.18231581
-0.14700514
-0.05454025
0.04832942
0.00664784
-0.09827080
0.09106907
-0.16929466
0.09676439
-0.04650823
-0.30685186
0.07686385
-0.09571337
0.13721977
0.01937672
-0.01496793
-0.24701566
0.10270694
0.04757413
-0.21216986
0.00793999
-0.17505433
-0.01676227
-0.22701290
0.06195339
-0.23158008
0.15499468
-0.03930140
-0.15660343
0.06703034
0.02496664
-0.20692368
-0.12484588
-0.04587917
0.11737434
0.12513940
-0.00875626
0.02785351
-0.02142770
-0.02105184
-0.07952099
0.15246762
-0.15942606
-0.15062040
0.14323248
-0.01058472
-0.13397941
-0.21197638
-0.19557530
-0.07873780
-0.13809873
0.14052562
-0.06122563
0.13986771
-0.07840663
0.15592384
-0.15187161
-0.11816077
-0.14279750
0.11615506
0.05656650
0.10113937
0.13812932
-0.04552794
0.00935833
-0.12549378
0.04028764
-0.16611187
-0.05270632
0.05642609
-0.00943763
0.12141941
-0.09698997
-0.05725716
-0.17953569
-0.02564714
0.04082346
0.11913826
-0.04897121
0.01292708
0.11997256
0.04220109
0.02580212
0.08638240
0.09243538
-0.02535271
-0.14450778
-0.14292303
-0.04579696
-0.01625485
0.06875172
0.04246914
0.09455058
-0.19361502
-0.08775359
-0.10970560
-0.05597294
-0.22950152
-0.03907309
-0.09044427
0.05440969
-0.14398395
-0.21961114
0.06476644
-0.16777626
0.07732128
-0.03313734
-0.04371963
-0.15398818
0.05863118
-0.17674848
0.12543251
0.12611651
0.09663043
0.19786863
0.01120743
0.02497335
0.04331246
-0.18325241
0.04724487
-0.38702121
0.10370742
0.12926495
-0.07694720
0.25499114
-0.02457005
-0.04802610
0.01457345
0.07336402
-0.17139450
0.15959354
-0.23016635
0.09621522
-0.16385677
-0.08153924
0.00954689
-0.35073674
0.08639674
-0.22393142
0.08658625
-0.22624515
0.33552134
0.10915421
0.16695988
-0.00343766
-0.04835943
-0.09666563
-0.02467019
0.24493314
-0.01535605
-0.07693586
0.12079393
-0.11276242
0.06428925
0.06570271
-0.12380534
-0.18458886
-0.25074688
-0.08423798
-0.17854945
-0.21615088
0.20644170
-0.14713824
-0.00704860
-0.11634384
-0.10674590
0.00954554
-0.03690703
0.00531183
-0.17401803
-0.05746353
0.11072787
-0.00653243
0.27080795
0.13990696
0.17110695
0.06570625
-0.02620921
-0.24718387
0.01782692
0.01779550
0.02356431
-0.21642601
-0.24477887
-0.22443870
0.09045840
0.10768826
-0.03045547
-0.07171340
-0.20093881
-0.02348196
-0.07222036
0.13669804
-0.30766237
-0.07950418
-0.04325178
0.13106987
0.04267577
-0.01362456
-0.32423910
-0.04666250
-0.21964534
0.06882974
0.13681237
-0.28631148
0.12699009
-0.25170332
-0.22567266
-0.10766914
0.13730647
0.29977807
-0.26712453
-0.22196248
0.24465640
0.13871959
-0.09520391
0.21710867
-0.04447223
0.11493120
-0.31689993
-0.02777160
-0.05688266
0.06450235
-0.09223945
-0.36527237
-0.34959969
0.13069297
-0.15834454
-0.08412818
0.17467926
-0.05900691
0.17235550
0.05833897
-0.22471261
0.08101530
-0.23530066
-0.03784992
0.01667032
0.12919888
0.17056787
0.02904772
0.01753057
-0.14552888
-0.02642616
-0.05994318
0.12099961
0.09793411
0.23032854
-0.18900938
0.07507380
-0.01616686
0.12002255
0.17784677
0.11505666
0.13471046
-0.14801157
0.15625119
-0.03315344
-0.10226832
0.16805321
0.19558111
0.07836840
0.09818922
0.04096401
-0.20438121
-0.11302637
-0.22559373
0.04114829
0.04579478
0.03687677
0.03585344
-0.08764373
0.00486028
0.03910481
-0.15967445
0.03103734
0.18827283
-0.07195126
-0.01544370
0.05407451
-0.08624867
-0.07924596
0.14670199
-0.08893809
0.21794865
-0.02722277
-0.05875711
-0.10424491
-0.10651293
0.20379682
-0.09085497
0.15829737
0.07487105
0.05499930
0.06686768
0.02722147
-0.12847051
-0.16148005
0.14820121
-0.09497313
0.14563476
0.10418068
0.00023840
0.09079628
-0.08844694
-0.08165575
-0.19344971
0.05937871
-0.21691886
-0.11445756
-0.16740364
0.20707992
0.07429931
0.17927168
-0.14768820
0.00997173
-0.09000056
0.01178817
-0.07938118
0.07854968
0.19949202
-0.14447553
0.13056308
0.03228488
-0.05406938
0.06520823
0.11806951
-0.09029408
0.14344701
0.01113247
-0.02904552
0.05001045
-0.17656308
0.04158115
0.09501813
-0.17528120
0.04721534
0.15209612
0.09753416
-0.18982387
-0.09803438
0.16901201
0.22744761
-0.07161258
0.05796492
-0.02769263
0.26241681
-0.10989500
0.14699157
0.03562355
-0.23545334
-0.26493394
-0.10994269
-0.24238108
-0.15450284
-0.01477796
-0.00563276
0.14847051
-0.03532424
0.04996559
-0.05181743
0.03666336
0.12008761
-0.11675150
0.10130370
-0.13656873
0.00457963
0.22862011
0.11273645
0.22658604
-0.04137402
-0.06253851
0.04511899
0.03724450
-0.13393331
0.09123914
-0.24860805
0.09483018
-0.22306538
0.07061917
0.19575240
-0.00953539
0.18604045
0.18406551
0.16469344
0.07067452
0.06791064
-0.09489560
-0.07096728
0.11737026
-0.18465056
-0.16174814
0.00847981
0.13092579
0.08542783
-0.12756750
0.07270084
0.03189358
-0.11450092
-0.14012335
0.07726904
-0.10306278
-0.11443703
0.02860129
-0.03099959
0.12759152
0.03722334
0.17766707
0.08339502
0.04641531
-0.03740152
0.35128167
0.15338056
-0.10398888
-0.08290118
-0.14057653
0.14227819
-0.22030088
-0.10871255
0.07771092
0.11737017
-0.04036268
-0.12269075
0.10535663
-0.03819200
-0.05224118
-0.03175441
-0.15853238
0.07678615
0.23188557
-0.15849665
-0.02740642
0.13840938
-0.13076299
0.13530046
0.15223810
-0.04130679
0.13154912
-0.04997882
-0.04439829
-0.07988503
0.18594353
0.09342875
-0.06163255
0.05311169
-0.20368406
0.18528794
0.25290522
0.00281022
-0.00964921
0.05630169
0.17828961
0.12512255
-0.21372987
0.16998227
-0.07042900
0.17893668
-0.01514063
0.04561325
0.26091823
-0.04338216
0.11488719
0.19739036
0.06747512
0.09637461
-0.10537669
-0.23244238
-0.02611241
0.01181505
0.15003775
0.06885789
0.04630877
0.05316415
-0.05619115
-0.08568064
-0.11817119
-0.11666652
-0.15655208
0.15363708
-0.00080430
0.03337752
-0.10761848
0.17753819
-0.09171858
0.07246380
-0.02406072
-0.17485696
-0.11574011
-0.09005961
0.08673105
0.16171490
-0.03890475
-0.09847806
0.07839184
-0.21855822
-0.06849853
-0.06717864
0.04157870
0.06629920
0.21908975
0.05270784
0.14015350
-0.18282013
-0.05867858
-0.07177868
-0.04505436
0.00412613
-0.11968105
-0.25173721
0.08134367
0.10327620
0.10628142
0.03939493
-0.09842023
-0.09497649
0.04889420
0.07188953
0.14531451
-0.05766568
-0.00626656
-0.08057170
0.17804453
0.08765180
-0.21339113
0.11933331
0.00737786
-0.06989524
0.10669747
0.02196688
-0.05323266
-0.11483681
0.10408651
0.06195740
0.07412831
-0.25331822
-0.19373108
0.07288067
0.08830313
0.03955852
-0.00183983
0.11179674
0.13903360
0.12412944
-0.02723351
-0.17073819
-0.08264995
0.02004749
0.05946842
0.17361625
-0.01657690
-0.10827044
0.11458427
-0.11799615
-0.23516625
-0.11449347
-0.09391212
-0.24953486
-0.13081625
-0.06327829
0.19616197
0.02256582
-0.11889253
-0.05232352
-0.04753093
0.04190652
0.16172317
-0.23830745
0.10533513
0.03691738
-0.03744479
-0.08219905
0.08319075
-0.33335286
0.07413304
-0.08491736
0.07489305
0.12702298
-0.13804235
-0.18249235
-0.16931847
0.00749763
0.11260948
-0.26448402
0.03936103
-0.00716938
-0.10100824
0.07679065
0.07663240
-0.06740689
-0.18560474
0.09957244
-0.21108365
0.19505455
0.00577311
0.10461843
0.09091052
-0.11181486
0.03693245
-0.15193586
0.00426264
-0.30267343
-0.10835153
0.05145608
-0.02125181
-0.01165991
0.11157317
0.08417925
-0.21595134
0.19562706
-0.12542355
-0.14173326
-0.01031793
-0.28668427
0.09214085
-0.11669513
-0.14240529
-0.06012130
0.08632973
0.08687837
0.18702297
-0.13054022
-0.22418806
-0.01567151
0.04093956
-0.03918654
0.09978989
-0.04094308
0.00102785
-0.07286642
-0.26017925
-0.09227747
0.05933732
0.11741481
0.02392666
-0.09174342
-0.00551630
0.09442015
0.09298947
0.15149528
0.16479209
0.12257328
-0.11039506
-0.14302930
0.00318819
-0.21350536
0.04760528
0.16546164
0.05348636
-0.05471928
-0.15318821
-0.01620933
0.02599927
-0.13280495
0.00770359
0.08948614
0.07080224
-0.01686550
-0.01978447
0.03798538
-0.15506114
0.05298857
-0.00264802
-0.04228704
-0.07281195
0.10244803
-0.15183771
-0.13013487
-0.08774237
0.01243948
-0.13020507
0.07878886
0.06788209
-0.08673546
0.13889208
-0.05200729
0.01533592
0.01948663
0.19658974
-0.07864462
0.12595557
0.08563913
0.15437403
-0.06393938
0.07621854
-0.04750553
-0.01188436
-0.07704308
-0.15541847
0.12723108
0.07871522
-0.10040109
0.01904107
0.14699283
-0.15597676
0.18950395
0.10673701
-0.13474162
-0.00016717
0.14703706
0.03080683
0.08775992
0.11160135
0.09456924
-0.00271369
-0.10585327
0.07122914
0.16924207
0.10472713
0.15098746
-0.17227852
-0.03746421
0.05358524
-0.04289416
-0.06406818
0.01661988
-0.18549228
-0.09922276
-0.10895497
-0.11181419
0.15515241
0.19117908
0.12838376
-0.03167481
-0.03766588
-0.13698864
-0.00341122
0.00641974
-0.10264360
-0.09060816
-0.00322449
-0.06926813
0.01885993
0.08099407
-0.11446160
-0.05870230
-0.02080879
0.08124109
-0.07756282
-0.11777984
-0.17147014
0.16550598
-0.02380390
-0.08786307
-0.01335131
0.04872090
0.20282426
0.04252128
-0.11263876
0.11574204
-0.18726751
-0.02532690
0.14604750
0.01760350
0.14573216
0.17429861
0.15242831
-0.03213196
-0.05217019
-0.08300330
-0.02807875
0.12312441
-0.00894526
0.29505929
-0.06282124
0.06006201
0.04300477
-0.08629905
-0.15200253
0.04377687
-0.10770593
-0.19981055
0.10254587
0.23891708
0.08835012
-0.01544737
0.08861556
-0.20071529
0.04417637
0.07479163
-0.03940667
0.01666652
0.00555370
0.10348850
-0.46884516
0.01297961
0.13977486
-0.01624965
0.13618310
-0.16520616
-0.10400157
0.20290771
-0.06318941
0.27880916
0.35391700
0.15586784
0.10035813
0.20468257
-0.04787020
0.10148754
0.19158982
0.07234081
0.22775520
0.03328083
0.14632960
-0.00256449
-0.51547104
0.16291517
-0.28562513
-0.05035691
0.08452690
-0.02498582
-0.13724267
0.35613292
-0.01202396
-0.18544874
0.04350866
-0.44382590
0.11171984
-0.04359010
-0.06309515
0.55070174
-0.02333650
0.08588431
0.19167890
-0.23097335
0.18304442
-0.11636807
-0.06108112
0.04738155
0.00338571
-0.05281998
0.15573578
0.06080059
0.22643088
0.16234247
-0.04676018
-0.07649993
0.37097710
-0.07331888
-0.04516438
-0.13735394
-0.07391977
-0.08407387
0.13279721
0.14095488
0.03486586
0.00546249
-0.20409736
0.01933900
0.21099778
0.36608914
-0.19928181
0.32938871
-0.00623703
-0.24732661
-0.13708912
-0.19554134
-0.07550377
0.04383320
-0.16454974
-0.16667689
0.29921907
0.30299827
0.03361346
-0.03163662
-0.09180341
0.12622696
0.00977177
-0.24540302
-0.26864982
-0.14322706
0.09055359
0.24617684
-0.36838534
-0.10056870
0.04291815
-0.31589881
-0.07725623
-0.35823366
-0.26598999
-0.18946664
0.05279241
-0.16173194
-0.11507764
-0.31235281
-0.02765002
-0.00315961
0.02536377
0.21164523
0.07621151
0.14007799
0.68573016
-0.03790441
-0.01048035
0.18978938
-0.18713975
0.23350446
0.34183303
0.08472287
-0.18838550
-0.02555764
0.05348136
0.05177033
-0.22276962
0.07717598
-0.19443120
0.10926937
0.17329854
-0.44281107
-0.14644657
0.02721501
0.08810121
0.04132452
-0.23747025
0.00098533
-0.16909629
-0.20785250
0.01990425
-0.01927316
-0.26923874
-0.28048578
0.00051835
0.45972157
0.07442647
0.25995207
-0.24921104
0.16266905
-0.14526978
0.28045341
-0.08294309
-0.19134746
0.59852082
-0.10642742
0.36214939
0.41615620
0.11745452
0.00456123
0.11064796
0.17972863
-0.12863667
-0.58046335
-0.17802542
0.04325964
-0.40228114
0.15576042
-0.26274577
-0.09962860
-0.10327914
0.17668334
0.10023976
-0.01482270
0.05763447
-0.33625460
-0.11117395
0.12335643
-0.10410790
-0.10164180
0.28436714
-0.05742216
0.25522336
-0.16016585
0.09925192
-0.18402347
-0.96557987
0.16393159
-0.14869803
-0.10818267
0.01244103
0.14417616
0.14000939
-0.01315537
-0.11719308
-0.21688199
-0.03684179
0.02432973
0.01012060
0.23306289
-0.31068778
-0.55552852
0.38616535
-0.07123175
-0.21785988
-0.17194389
0.08935808
-0.21068810
-0.09454317
0.08665632
-0.01964523
0.05336096
-0.08460865
-0.01228288
0.19410203
0.21404165
-0.17578717
0.13078623
0.04323197
0.08255512
-0.12039257
0.49575093
-0.26398876
-0.17799217
0.26048803
0.07431884
0.18168321
0.67542666
0.09127749
-0.46924174
0.02628416
-0.29530773
0.07990763
-0.02504268
-0.17635268
0.10573976
-0.26997000
0.30932605
-0.24120891
-0.23082845
0.16809654
-0.25552323
0.11462459
0.07274902
0.10097434
0.05857380
0.20399956
0.30445367
0.24250402
0.00262058
0.03935081
-0.31770885
0.16501942
-0.02729451
0.12677851
-0.19906209
-0.43975765
-0.35990784
-0.23839103
-0.18823235
0.35283190
0.15697813
0.61365825
0.14828983
-0.27743074
-0.00269808
0.06259409
0.13875346
0.23537600
-0.34297490
0.02679058
0.11183573
0.02466852
0.37469861
-0.12767364
0.01647264
0.03521811
-0.14444134
-0.11150562
-0.09069802
0.35253718
-0.15965851
-0.09082031
0.02194471
-0.20674478
0.49419206
0.05094202
-0.07402326
0.06193186
0.67927617
-0.14023830
-0.09756947
-0.00891498
0.20764327
-0.06392822
0.58101976
-0.09312287
-0.06731010
-0.02275460
-0.20672376
-0.09242780
-0.00658917
-0.13129227
-0.12098400
-0.23839366
0.12896708
0.14341487
0.13324562
0.14959562
-0.15264839
-0.13413280
0.29999939
-0.22481462
-0.37988895
-0.30296683
0.17163381
0.00121105
-0.21297406
-0.04521124
-0.20128711
-0.17525680
-0.14220279
-0.08533608
-0.09671987
0.36209601
0.04051070
-0.33287933
-0.42009854
0.13894601
0.00773571
-0.17557025
-0.15999222
0.05385301
-0.32748502
0.10042852
-0.40049338
-0.11428102
0.08423927
-0.19006377
0.23056434
-0.28121346
-0.31389004
0.01546573
-0.13870077
-0.21241318
0.14929441
-0.11673693
-0.00531305
-0.34254408
0.30156398
0.33470032
0.07888380
0.08170526
0.04839309
0.21524011
0.49875700
0.15080926
0.39561567
0.24898154
-0.31868863
-0.09939400
-0.03653046
0.09900461
-0.05968900
-0.26793751
0.23687668
-0.23753573
-0.12218727
-0.02521090
-0.10481506
-0.10169026
-0.08541424
0.15806304
0.30356506
-0.07967100
0.04178333
0.19995220
-0.25508720
0.12702644
-0.04650427
0.10451147
-0.33436957
-0.13835511
0.05797834
-0.27539602
0.08704530
0.11138290
0.34333760
-0.17401460
-0.23048423
0.02052044
-0.19051597
0.11015405
-0.02354514
-0.21582076
0.04498317
-0.14459071
0.09434166
-0.13644853
-0.23115292
0.15855019
-0.13076988
-0.02905875
0.28647014
0.16471657
-0.01527970
0.16574867
0.33344260
-0.26108187
-0.01218039
0.22207896
-0.11124836
0.23465259
-0.25715098
0.34701705
0.01250331
-0.07297435
-0.03263927
-0.05521076
-0.09056764
-0.28374645
-0.09062213
-0.15671740
-0.09448099
0.24955824
-0.01309525
-0.18458430
0.22718120
0.27707395
-0.24231037
-0.10525519
0.13259029
-0.17028305
-0.25147569
0.25160393
-0.22172928
-0.06103289
-0.25242174
-0.10943782
0.16925541
0.21086025
-0.25365442
-0.08864982
-0.19991201
-0.13320908
-0.11484769
0.25276306
-0.04576314
0.12123915
-0.36620042
-0.15104176
0.17223310
-0.12392654
0.03067351
0.26231492
-0.26547211
-0.10416529
-0.27315724
0.09089999
-0.05553365
-0.44860110
0.00083361
0.19557805
-0.03549310
0.19031231
-0.03426097
0.21221636
-0.10604235
-0.02020746
-0.04635800
-0.16508622
-0.04519508
0.20386031
-0.20441775
0.10726511
0.05189353
-0.18548907
-0.03234296
-0.14281897
-0.28825238
0.29058984
-0.05616805
0.32199484
-0.05356764
-0.09607124
-0.45869014
-0.35633123
-0.21948844
-0.08395827
0.29110089
-0.06195599
-0.02315988
-0.23594187
-0.24484558
-0.42340124
0.08798233
-0.07309998
-0.06123386
-0.14298826
-0.23946327
0.06203378
-0.12118852
-0.16039273
-0.06644804
-0.14556123
-0.05592267
-0.10710645
0.03994616
0.15256216
0.07506008
0.01576868
-0.08119688
-0.00645017
0.18595921
0.06618290
-0.13048175
0.09537360
0.11893381
0.15238382
-0.13427570
-0.11610811
0.11682150
0.20633827
0.01737335
0.21016094
-0.06769615
0.03468215
0.10670286
0.14070797
-0.10945111
-0.02245101
0.12879360
0.04306764
0.18156269
-0.01077505
-0.00384840
-0.03254706
0.07421076
0.19543129
-0.11984213
0.14637138
-0.13067560
-0.06030265
0.08585597
-0.15208222
0.08022207
0.15403485
-0.09260612
0.04131854
0.12856449
0.18233722
-0.14374177
-0.08390917
-0.07882540
0.04366922
0.09776859
0.10960298
-0.04722292
0.05915724
0.13526717
-0.13188037
0.05539418
-0.05667034
0.03001961
0.15997954
-0.03260537
-0.17210817
-0.09921163
0.08536130
0.06878736
-0.14458743
-0.20006929
0.10078198
0.07030316
-0.00606561
-0.15282615
-0.04642766
0.06431695
-0.02540555
-0.05305269
-0.13289481
0.18195529
0.19632329
-0.13243239
-0.00712073
0.06912968
0.06669049
0.13724452
0.08300464
0.03957739
0.19352065
-0.01005444
-0.07148333
0.01363013
0.09763627
-0.01565402
0.18868265
-0.04904864
-0.12612884
0.14093588
0.12210421
0.17097420
-0.16569205
0.07416387
-0.12314646
0.07665721
0.19647247
-0.13768850
0.06800539
0.11726055
0.07582068
-0.28095341
0.14934888
0.18987809
0.07134678
-0.14223233
-0.00639480
-0.16103762
-0.19209899
0.11454957
0.15762079
-0.22702686
0.12137739
-0.16458341
0.01588505
0.02952085
-0.16620429
0.15716085
-0.01619842
0.20294569
-0.17614180
0.08699206
0.16113146
0.08059848
-0.03729486
-0.02280368
-0.01304141
-0.05672587
-0.05711883
0.06836081
-0.11932810
0.13471009
-0.19714038
-0.03855290
0.08133549
0.19154516
-0.07267280
-0.04099476
-0.10990738
-0.00997401
0.05698627
0.03585029
0.17442037
-0.13534693
0.04229717
0.13649036
-0.07956555
0.12377740
-0.01546490
-0.15647054
-0.02244198
-0.00548318
-0.14419693
-0.08881454
0.05851884
-0.20016366
-0.00779926
-0.01961703
0.17753251
-0.03128466
0.02261623
0.19896080
-0.18943347
0.10826883
0.00042432
0.10233254
0.02771955
0.01374743
-0.15074585
-0.10239428
0.05684965
0.10867067
-0.12927604
-0.21342814
-0.04178653
-0.16489710
0.07108166
-0.10602041
0.22371151
0.19389834
0.10106710
-0.08872460
0.11109038
-0.13974147
0.06407227
-0.03690059
-0.17361383
-0.00554299
0.00984219
0.12274025
0.06996001
0.17912687
0.11085429
-0.03663405
0.01090040
0.17293255
-0.17520432
-0.11359052
0.03100627
-0.01483483
-0.14478892
-0.14596327
0.29862136
0.06864417
-0.07729617
-0.24656217
0.11271654
0.14359264
-0.06755827
-0.05679453
0.02536870
-0.02529738
0.00625656
0.11528210
-0.15848170
-0.04838283
0.02783740
-0.12355631
0.02980120
-0.02869605
-0.18504299
0.05001024
0.01097728
0.04093463
0.19539548
-0.01936680
0.16990913
-0.04888156
0.07714420
-0.07885067
-0.16720185
0.09530234
-0.17536561
-0.11267834
0.13963822
-0.11524102
-0.04459542
0.06930744
-0.02552611
-0.13244623
-0.13214815
0.00978080
0.14291270
0.01349094
-0.15742001
0.10107789
-0.04929989
-0.44324487
0.00393913
0.19105007
-0.19379145
0.01690690
-0.18558381
0.33968344
0.15622604
0.07994083
-0.20000634
0.22508489
-0.31399155
-0.15574050
0.12405892
0.20397334
0.07793790
0.26922607
-0.04124616
0.24972795
0.17185308
-0.06760316
0.11918969
0.20027085
0.06034270
-0.60203344
0.15136211
0.21133278
-0.03794643
-0.31041637
-0.09032538
0.08342842
-0.08179215
-0.27440366
-0.18187892
-0.08480470
0.06192205
-0.10730502
-0.31319067
0.19863501
-0.22622815
-0.00976377
-0.09207729
-0.02931899
0.41492712
-0.05687253
0.11461271
0.11987980
0.10807265
0.17797683
0.36347219
-0.12251586
0.10325200
-0.16494653
-0.08262724
0.09611677
0.09459349
-0.10281213
-0.18191636
-0.10279193
-0.07732219
-0.12465090
-0.18413182
-0.18253960
-0.19009194
0.03457947
-0.06689434
-0.03345897
-0.13369527
0.12102260
0.01570881
-0.05633399
-0.11197712
0.13893041
-0.08874699
-0.32029793
0.24431595
-0.24241291
-0.15218703
0.02559981
-0.14135444
-0.23176783
-0.15281400
0.10926065
0.05413014
0.23146774
0.18319303
-0.09860589
-0.08933653
0.14132340
-0.12292336
0.24769162
-0.05520637
0.21243322
-0.05742839
0.07428488
-0.10337150
-0.01006068
0.15013662
-0.05300738
0.02058970
-0.07780860
-0.04123066
-0.10995117
0.08775775
0.00004744
-0.23152742
0.17424284
0.13015653
0.16154532
-0.12389757
-0.00424261
-0.19272141
0.28071451
0.20963110
0.26742986
0.15166578
-0.09714951
-0.06429708
0.09970389
-0.19700369
0.08909806
0.07166696
-0.33951283
0.29093090
0.14157572
-0.59457010
-0.18073066
0.02043457
-0.41885552
0.26386821
-0.04116065
0.04541286
0.06379748
-0.13156782
-0.05657617
-0.01745046
-0.01694153
0.09356559
0.02172173
0.15433793
-0.01181587
-0.02167561
-0.06167826
-0.16744462
0.17522608
0.14106305
0.07777211
0.03334909
-0.25278798
0.02751396
0.16276941
0.26571238
0.02221693
-0.08298346
-0.11023913
-0.03462174
0.23078489
0.32517815
-0.30732349
0.22143172
0.12425224
-0.29135782
-0.46420768
-0.08977898
-0.01778430
0.02056924
0.21323265
0.03700370
-0.02268035
0.01878065
-0.05849725
-0.03695817
0.21295257
0.03247695
-0.12487321
0.32808533
-0.15948904
0.19782145
0.08825699
-0.22067437
0.03362031
0.25244686
-0.29624504
-0.15219772
-0.31695002
0.02376435
0.12141371
0.28125641
0.24084859
0.30551291
0.11458174
0.04112055
-0.22527923
0.21823467
0.22073568
-0.44867826
0.00648023
0.11872771
0.30963460
0.07990615
-0.09809168
-0.06318180
-0.01202959
-0.00283276
0.06251100
-0.01958125
-0.12035148
0.02103291
0.09813925
0.15107821
0.25543723
0.02489936
0.02076999
-0.32650492
-0.26357755
-0.11798381
0.25846878
-0.00097810
-0.00649362
-0.22499657
-0.02015033
-0.22172359
0.31088030
-0.10503107
-0.13055611
-0.22130702
-0.17922242
-0.11528628
0.24569979
0.07017742
-0.05478170
0.14881302
0.26529238
-0.11299910
0.15195091
-0.04166057
-0.07981631
0.10053817
0.21185957
-0.10458288
-0.00450962
-0.15722272
-0.02368212
-0.12695843
-0.12666574
0.06937850
-0.08859178
0.02237930
-0.01863774
0.11444939
-0.23277533
0.01245497
0.25799021
-0.48434553
-0.03330775
0.10515864
-0.33533102
0.19475144
0.11175823
-0.12206847
0.21667111
0.08501582
-0.00340933
-0.09535702
0.07483900
0.14401640
-0.16104804
0.15299073
-0.01564101
-0.06222929
0.01769717
-0.00011263
0.24638613
0.21936253
-0.09001921
-0.22459620
-0.25869566
0.14114517
0.25727621
-0.04198453
0.01398009
0.10347007
-0.13867140
-0.29714480
0.12907389
0.29426455
-0.23307769
0.30640206
-0.17465994
-0.05897795
-0.41366348
-0.12758194
-0.07553899
0.01488834
0.21345019
0.04369256
0.18946955
0.30410057
-0.08820516
-0.01986867
0.29654238
0.19721361
-0.29614133
0.22255993
0.09257452
0.27510157
0.25015211
-0.16227044
0.05180708
0.10411770
-0.31321260
-0.16319510
-0.40223345
-0.09756261
0.16919313
0.24256563
0.16798414
0.04558521
0.25442740
-0.06341917
0.04191316
-0.02994988
0.21365151
-0.18919781
0.07466405
0.05920124
0.24034671
0.13171884
0.04086762
-0.21319284
0.14465131
-0.15802972
0.15023194
-0.22397390
0.01158553
0.13748454
-0.13275065
0.18398958
0.30070633
0.15063180
0.23135899
-0.33314940
-0.09206732
0.17375423
0.09441033
0.02162844
0.12367154
-0.15815602
-0.07851049
-0.01702818
-0.01464683
-0.22061802
0.00974397
-0.28672552
-0.03057911
-0.05194055
0.26823482
0.07192029
0.22044215
0.36857799
0.21720028
0.07029139
0.12086859
-0.01399802
-0.01239944
-0.09911107
0.02727893
-0.15669999
0.04416684
-0.28747636
0.09239022
-0.02332688
-0.27948338
0.18940862
-0.13432135
-0.15508905
0.01546090
-0.01036947
-0.16097552
-0.10021615
0.03316658
-0.24779008
0.07060410
-0.10801286
-0.00139813
0.21725368
-0.10276574
-0.27258527
0.16593601
0.32469282
0.07310851
0.08006438
-0.06206750
-0.23112267
-0.12505585
-0.16331407
0.32664335
0.05149101
0.13336489
-0.12856579
-0.29665056
-0.26686704
0.02642650
0.09935334
0.08804580
-0.19956838
0.09203826
-0.04079684
-0.06225752
0.16633464
0.47726089
0.22075792
-0.07171866
-0.02632619
-0.07924780
0.02509512
-0.10394312
-0.22169641
-0.04164900
-0.05439091
0.00333539
-0.08040541
-0.11221638
0.10171895
0.06532905
-0.00389510
0.18619546
-0.22639243
0.16110396
-0.30619514
0.29750142
-0.05602724
0.06008781
-0.09305243
0.23634315
-0.21204768
-0.09311625
-0.07056543
-0.05685937
-0.03153433
0.03776776
0.26317003
-0.14206514
0.20585753
-0.08493903
-0.10503497
-0.16713868
0.03929705
0.24670452
-0.29679066
0.26569849
-0.06677695
0.08508107
0.24596757
-0.07256617
-0.30576727
0.14969859
-0.10060724
0.17476274
-0.13659099
0.07456806
0.19518664
-0.05333006
-0.14664720
0.18437079
-0.03832623
-0.09504837
0.46429706
0.12542795
0.25272328
0.05243879
-0.05682144
-0.18685250
-0.16717249
-0.12903190
-0.12050565
-0.10825711
-0.01588000
-0.03457000
0.42114183
0.09980733
0.03802005
-0.00098670
0.07950972
-0.07450269
0.03276408
0.21335049
-0.00313144
0.16610408
0.11483794
0.23716344
-0.00025926
0.00888508
-0.13906012
-0.12083333
-0.05146795
-0.12327481
-0.07017690
-0.08078947
-0.20203128
-0.04627942
0.22210397
0.00896168
0.18634653
-0.07661318
-0.10168066
0.18424053
0.08044375
0.16013852
-0.10795990
-0.09919435
-0.17586340
-0.16029729
0.02477168
-0.11865661
0.06430302
0.00771783
-0.39614242
-0.05076945
-0.12853554
0.08967503
-0.00288852
0.04521288
-0.05163938
-0.30506805
-0.05769287
-0.26068482
-0.18126893
-0.08760320
0.03283355
0.16997856
-0.10943988
-0.10052927
0.08306795
0.03961615
0.00673517
-0.22203323
-0.01429932
0.23170148
-0.08110400
0.01238328
0.00575627
-0.03219790
-0.21894102
-0.12576732
0.02506661
0.16334546
0.00375373
0.06173933
0.06924760
0.02539955
-0.18785995
0.13969953
-0.15424594
0.04377128
-0.07567567
0.24035634
-0.10611720
-0.16466372
0.02946082
0.13816313
-0.23507486
0.27718139
0.08235314
-0.11874498
0.00933206
0.03324081
-0.01940981
-0.33859381
0.01636467
0.04831379
0.25060517
-0.17046171
-0.00067059
-0.13273294
-0.13193540
-0.08287641
-0.25593540
-0.17545420
0.07454903
-0.03561120
0.15741847
0.19812743
-0.01800579
-0.16095215
0.06066392
0.21530962
0.13165399
0.12403720
-0.01947771
-0.23000748
0.15209445
0.11529881
0.10486766
0.30135822
-0.02183241
-0.22589977
-0.04882789
-0.27060971
0.03523226
0.18496464
0.09948862
0.01943868
-0.04501861
-0.23906136
-0.15961403
0.00272168
-0.24030671
0.04624072
0.17156343
0.07884045
-0.00770759
-0.07838402
-0.04524820
-0.08353292
0.19334458
0.06219971
-0.01103440
0.03804006
-0.19011444
0.19539686
-0.08017660
-0.12054162
-0.11712930
0.13794342
-0.02228868
-0.11048580
-0.11856196
0.06080088
0.11514544
-0.12385016
0.04379631
0.19114612
0.25599331
# B
-0.06175457
0.06611537
-0.06638103
0.04648010
0.08839100
-0.08671468
-0.12206765
0.02670264
-0.13902697
-0.00467830
0.03533845
0.04036565
-0.13473415
-0.12420813
-0.10307242
-0.08041307
0.07478530
-0.16768853
-0.02366022
-0.08285167
-0.12729119
0.01758857
-0.05187626
-0.16775271
0.07120091
-0.07498305
-0.00857935
0.06544582
-0.16596036
0.09745617
-0.00509832
-0.03731612
-0.09529226
-0.12992072
0.02269879
-0.08403025
0.09723261
-0.09134986
-0.14208558
-0.11154708
0.02544839
0.08446398
-0.13440324
-0.15353526
-0.02635180
-0.06414207
-0.20221916
-0.14326933
-0.13877629
-0.11881655
-0.13478883
-0.12084970
-0.06195163
-0.05457671
-0.18842819
-0.21047278
-0.02248565
-0.00796632
-0.00193578
-0.10556194
-0.15376121
0.07175549
-0.20578727
0.05759192
-0.00370101
-0.10774805
-0.02541949
0.01559628
0.06907189
0.13116403
0.07722141
-0.03515660
-0.19595489
-0.18059418
-0.04366264
-0.07012625
-0.04629844
-0.18762937
-0.00910700
-0.22754641
-0.00885984
-0.04361638
0.04584611
-0.13639671
0.04682866
0.02499515
0.08034779
0.08542801
-0.18433869
-0.19411370
-0.18834190
0.03837661
0.08178777
0.09616318
-0.09953614
-0.09190749
-0.21395496
-0.17970705
-0.07081754
0.09762289
0.03178202
-0.19497733
-0.00379277
0.03066759
-0.03105523
0.09781184
-0.17744172
-0.17182256
0.07663953
-0.09376819
0.11110873
0.05703883
-0.09120234
0.14433277
0.10215005
0.00979498
-0.03063970
0.00560462
-0.19788261
0.04721998
-0.05591677
0.05073159
-0.03482815
-0.07076963
0.10569418
0.01129243
-0.17789511
-0.12679185
# Layer Number: 1
relu
64 128
# W
-0.22488788
0.00000000
-0.23308334
-0.11608344
-0.00000000
-0.07384799
-0.14241746
0.07350443
-0.18444422
0.06394979
-0.15661003
-0.06064182
-0.22916864
-0.03539788
-0.18350600
0.06852745
-0.05756594
-0.08900195
-0.13473542
-0.11894686
-0.03457748
-0.05615767
-0.15782204
-0.02586940
0.04218537
-0.13930888
-0.10605304
-0.02604627
0.00000000
-0.14037582
-0.06545627
0.02526911
-0.04845943
0.02947795
-0.07532846
0.00000338
-0.25010759
-0.15404026
-0.10393775
-0.13261254
-0.14779268
0.18046434
-0.19974826
-0.03344257
-0.20392723
-0.12607667
-0.17213884
0.16209109
0.01769068
-0.07150544
0.10596078
0.00259446
-0.08325437
-0.06416935
-0.06974734
-0.08337376
-0.13695779
-0.12792869
0.12665890
0.08201752
0.00000000
0.02764689
-0.06330604
-0.17785959
-0.07736866
0.00000000
0.03362861
0.02254729
-0.00009889
0.00235434
-0.03252733
0.05117546
0.04779068
-0.05805480
-0.09540220
-0.00343133
0.01981444
-0.02198966
-0.08199234
0.06068221
0.04102585
-0.01915963
0.04368288
-0.09600273
0.09753254
0.09819572
-0.06741261
-0.05284712
0.06224922
0.00651061
0.01667945
-0.03538880
-0.00000041
0.03977038
0.05932176
0.02417313
-0.04166714
0.05638643
-0.02918418
-0.00000012
-0.06427543
-0.08083187
0.00770431
0.06146336
-0.05265987
0.03974047
-0.05276045
-0.01698419
0.06209081
-0.03860701
0.04487634
0.06463624
-0.00402162
0.06634874
-0.00826690
0.03234005
0.08556741
0.07637702
0.07415733
0.02009725
0.02684355
-0.05369257
-0.03007731
-0.02731597
0.01964242
-0.01044876
-0.07429487
-0.02250278
0.09879902
0.00000000
0.07034493
0.06647880
0.00013377
0.04271454
-0.12226599
-0.03444679
0.05215489
0.01639537
0.02884579
0.16760240
0.00494068
-0.03193511
0.01244995
0.10308222
0.11931350
0.11133110
0.17700301
0.12013084
-0.11047301
-0.12695144
0.08490160
-0.02204969
-0.01610385
0.12752385
-0.01456645
0.09596776
-0.00000000
0.04249399
0.01891117
-0.05374276
0.12488778
-0.12017756
0.14181025
0.00000000
0.10089645
0.04680235
-0.02321564
0.06232620
0.12419726
-0.07865492
-0.05060111
0.06950661
-0.01494667
-0.02043091
0.07319991
-0.02596152
-0.02503785
0.11587139
0.10298871
0.06493636
0.00366621
-0.09421256
-0.06458861
0.05409260
0.09205067
0.07567438
0.00127643
-0.07910831
0.02008599
-0.03817643
-0.09054833
0.09707822
-0.13193372
0.00000000
-0.15914807
-0.13736774
0.00000000
0.01709504
-0.02956182
0.13469452
-0.13603130
0.09180374
-0.05977061
-0.16387656
-0.13207434
-0.00349548
-0.07271450
-0.01460939
-0.15910836
-0.05829330
-0.18248789
-0.14286630
0.08040721
-0.01155462
-0.06567959
-0.00812547
0.07018711
-0.17008896
-0.13970727
-0.19283874
-0.00000000
-0.04029209
0.02029704
0.04124322
-0.01873252
0.13313402
-0.15213425
0.00000000
-0.08645766
-0.10505439
0.00393326
-0.14381033
-0.08096148
0.15729637
-0.00100479
-0.07237313
-0.13334410
-0.04475595
-0.05109129
0.14910434
-0.03949817
-0.07621340
0.09673971
0.11966207
-0.09763585
-0.06605759
0.00098512
-0.04742246
-0.07800940
-0.19751035
0.18834078
0.10698388
-0.00002000
0.09560124
-0.03316505
-0.06382503
0.05545512
0.00000000
-0.03450250
0.11146319
-0.00003610
0.04829103
-0.08997811
0.10926216
0.03319463
-0.02035285
0.09163892
0.04681425
0.00236906
-0.47075289
0.02233528
-0.00294896
0.01630905
0.01581517
-0.11126500
0.06974059
0.01310016
-0.05289631
0.11829600
-0.02456784
0.07898351
0.08045951
0.00872000
0.10871974
0.00000000
0.06004550
-0.35699734
0.01515069
0.00528136
-0.04026126
-0.00401770
-0.00489073
-0.06460468
0.08473591
0.00424058
0.08688437
0.05639755
-0.02855632
0.08285955
-0.00233313
0.03554989
-0.23629221
-0.06444411
-0.08633924
-0.34363419
0.07228751
0.00027771
-0.05978527
0.06947539
-0.25864252
0.07336780
0.10341933
0.01692181
-0.02056712
0.03846677
-0.07145714
0.00621929
-0.01726010
-0.32653832
0.02561401
-0.04730278
-0.00000000
-0.06664462
-0.00343492
0.00951927
-0.00704608
0.00048279
0.00804044
0.07220873
-0.06055408
-0.03328982
0.02628499
-0.03948827
-0.04991618
-0.00244467
-0.08294544
0.00487283
-0.04620727
-0.05320254
-0.06872053
0.00067087
0.01261942
-0.01535516
-0.00564415
-0.07611467
0.06551509
-0.05208511
-0.08570189
-0.00000000
0.09814887
-0.05530572
0.04395565
-0.00132081
0.04489479
0.07095788
-0.00131345
0.04365201
-0.00996877
0.04949590
0.06539389
0.03298531
-0.02234245
0.01354268
-0.05802574
-0.01002637
-0.03675761
0.02171708
0.01501993
-0.00812788
-0.02506093
0.04205856
0.02886642
0.00970360
0.07694694
-0.00823080
-0.08609835
0.09610382
0.03133544
0.05224569
0.02520391
-0.01735307
0.05510906
-0.07523759
-0.05194796
-0.10300945
0.00000000
-0.05021963
-0.06242742
0.00000000
-0.05867973
0.04808256
0.15875678
-0.17414662
0.17239179
-0.00740514
-0.10504212
-0.05062927
0.07763096
-0.02098726
0.02495623
0.00791107
-0.11396432
-0.08328237
-0.15817201
0.07196219
0.11513986
-0.10032542
0.00162775
0.02562027
-0.12973703
-0.01781025
-0.04677141
-0.00000000
-0.10128323
0.14056434
0.09028435
0.04738947
0.07920002
-0.04603874
-0.00000000
-0.07072582
-0.08928590
0.05263617
-0.00315670
0.02484924
0.05622011
-0.18052442
0.06621000
-0.07688877
0.09777613
0.03857795
0.02388088
0.08815380
-0.18779063
0.13997549
-0.06521173
-0.14576314
0.11155974
0.17218618
-0.11303300
-0.04692106
-0.07654679
0.07522805
0.04039545
-0.00000065
0.11224318
0.05804902
-0.00501136
0.10066142
0.00000000
0.01776600
0.04604437
-0.00348897
0.02084383
0.06774856
-0.03850444
0.04761660
-0.02138999
0.02072131
-0.04227545
0.08052184
-0.09702141
0.08283632
0.04278475
0.06831746
-0.04431890
-0.01405786
0.04038032
-0.03950144
-0.22728586
0.02356913
0.03054572
0.08729407
0.10487907
0.07957512
-0.01262566
-0.00000000
0.09137548
-0.01229243
-0.07215438
-0.01305775
-0.03004250
0.02604831
-0.00366550
-0.00010146
-0.05539367
-0.00498225
0.00295391
0.02717712
-0.01847758
0.10611532
-0.01084515
0.07028762
-0.09861067
-0.04769543
-0.02623522
-0.05011795
0.01261588
0.03045700
0.05771070
-0.05695010
-0.07898412
-0.01180990
0.03069316
0.00968243
0.02406104
0.00474307
0.04767589
-0.01540539
0.00875672
-0.13801020
-0.00400811
0.06143552
-0.00000000
0.04473201
-0.03059087
-0.00011992
0.03576059
-0.15090500
-0.04924831
0.03398090
-0.00122320
-0.05167584
0.03022380
-0.01156071
-0.28021404
-0.03419418
-0.07251531
-0.01211128
-0.06906016
0.01658113
0.03005046
-0.05910128
0.04876374
0.04652264
-0.00549911
-0.04136452
-0.00043818
0.00741072
0.05159337
-0.00000000
-0.07729692
-0.35640877
-0.01217960
-0.03336895
0.07718933
-0.06079357
0.00014216
0.03595027
0.01878832
0.10146183
-0.01851982
0.01159716
-0.01397621
0.01006815
-0.02922584
-0.00192237
-0.43872914
-0.00350759
0.12554961
-0.22348790
-0.00048800
0.10713445
-0.00268019
-0.06750526
-0.35813063
-0.04391115
0.02237684
-0.02301011
0.00988033
0.05526538
0.13644132
-0.00697900
0.05969019
-0.57783979
0.05779677
-0.09163877
-0.00000000
-0.20316392
-0.21212859
-0.00000012
-0.09730621
-0.03878510
0.11450661
-0.17580363
0.20284784
-0.08313344
-0.17164756
-0.15912679
0.09536455
-0.20589660
-0.05432120
-0.04188606
-0.16426603
-0.15774389
-0.16030407
0.14170849
0.23729300
-0.15783088
0.00000567
0.13953522
-0.11295701
-0.13136280
-0.15632199
-0.00000000
-0.20502242
0.10590708
0.14197412
-0.10430595
0.16664422
-0.18885244
-0.00011121
-0.08479645
-0.07694123
-0.01669425
-0.22606820
-0.09737147
0.16956045
-0.05404419
0.10313754
-0.10708540
0.06576459
-0.08713063
0.07759485
0.07585399
-0.18544474
0.16754213
0.16138047
-0.17738590
0.14863762
0.08476560
-0.15515345
-0.12745653
-0.20852238
0.15173383
0.24692413
0.01137202
0.15588380
0.03423808
-0.12800281
-0.00542998
-0.00000000
-0.03622517
0.07530674
-0.00000006
0.05115937
0.07975606
-0.07257880
0.04311296
0.01686104
0.00422656
-0.05633051
0.07308893
0.03624799
0.01730257
-0.05372535
0.01021468
0.02984318
0.09469398
0.04949188
0.06703159
-0.11172575
-0.02410753
0.00800406
0.04580571
0.04396165
-0.00198298
0.02927909
-0.00000000
0.06996884
0.04865775
-0.20427519
0.08968326
-0.13431366
-0.01025153
0.00000000
0.03876061
-0.00519684
-0.02906959
0.11266470
0.05470296
-0.00837457
0.07766742
0.11463782
-0.01850220
0.06442854
0.11031371
-0.01553255
0.07691594
0.02656510
-0.02241813
-0.01738989
0.13231826
0.03145303
-0.09911927
0.13236141
-0.01777333
-0.07193833
0.02013351
-0.02398308
-0.00860396
-0.04216253
-0.01143567
0.09282835
-0.04458857
-0.00000000
-0.05580254
-0.01656871
0.00000003
0.05417099
0.04951607
0.16949911
-0.12497199
0.03443111
-0.06135960
-0.07535547
-0.03425166
0.10873818
-0.12097542
-0.12680776
-0.04897670
-0.04619847
-0.03427579
-0.03859751
0.02049957
-0.05559210
-0.06134839
-0.02554342
0.05321574
-0.11861873
-0.03207511
-0.06956881
0.00000000
-0.12103161
0.16055886
0.13595019
0.05197877
0.10216127
-0.13248004
-0.00000000
0.00638934
-0.02766893
0.00829183
-0.09331716
-0.04098416
0.01451935
-0.07458533
0.11721251
-0.01357958
0.10660523
0.00466664
0.07221637
0.10738002
-0.10325824
0.01548289
0.13481733
-0.08538584
0.07378630
0.03270684
-0.07752998
-0.01896485
-0.11848255
0.02150860
0.04100120
-0.00028573
0.15638068
0.05076526
-0.06795930
0.06910534
0.00000000
-0.00193838
-0.03535854
0.00000000
0.03131588
-0.12573040
-0.16991757
-0.05179189
-0.11419524
0.05700646
-0.02202909
0.09452233
-0.14480996
0.07066578
0.04017914
0.04973403
-0.08148355
0.04273940
0.01686956
-0.00216551
-0.19836551
0.06185996
-0.00104666
-0.19410603
-0.02156451
0.07703181
-0.00852416
-0.00000000
0.07211108
-0.08560091
-0.03207120
0.01618755
-0.04341179
0.00833698
0.00000000
0.03443898
0.09313124
0.04353311
0.05177927
0.09509414
-0.15033132
-0.07755984
-0.26397681
-0.00597422
-0.16668405
-0.04173409
-0.00776166
-0.15226437
0.02968404
-0.19077252
-0.11403757
-0.00633969
-0.19197789
-0.25238407
0.07826783
0.02044548
-0.02638683
0.03452235
0.04955750
-0.00064055
0.03275698
-0.06744793
-0.02172619
-0.09078176
0.00000000
0.01992734
-0.05671481
0.00000000
0.00974278
-0.01593148
-0.05715233
0.00484106
-0.07484110
0.04027191
0.00066169
0.03651664
-0.08202690
-0.02582484
-0.04755769
-0.04594851
-0.08118630
-0.02316197
0.00756622
0.04835872
0.10085261
0.04261326
0.00716213
0.04008716
-0.02427088
-0.03670715
-0.09118149
0.00000000
0.02387451
-0.05614628
0.07977581
-0.06436156
0.07506808
-0.04409906
-0.00000000
0.04015359
0.01187272
-0.04640395
-0.00008867
0.02079912
0.08276100
-0.09654533
0.08787021
-0.00475787
-0.05688516
0.03202753
0.05631231
0.01697615
-0.03896794
0.11012735
0.07995141
-0.02249902
0.08295909
0.16257179
0.00810239
0.04485051
-0.05536253
-0.00207720
-0.01347041
-0.00284936
0.05126364
-0.10301740
0.04701408
0.04198891
0.00000000
-0.04045494
-0.07627944
0.00000588
0.01152696
-0.00186791
-0.01976212
-0.00732851
0.01436656
-0.05764310
0.00503593
0.06969374
0.08869710
0.04528717
-0.00367451
-0.05672132
0.03171561
0.08033898
-0.09302557
0.01286982
0.10476016
-0.04384144
0.01278176
0.01334655
-0.08555509
0.04016443
0.02738513
0.00000000
0.07416760
-0.00369396
0.03658176
-0.01487180
0.10124007
0.04525419
-0.00000028
0.02364701
0.02709655
0.00754597
-0.01763573
0.05872506
-0.07920649
0.03694360
0.07163270
0.06827799
0.05938974
-0.04894631
-0.06907048
0.10461356
-0.07552013
-0.04329960
-0.09113241
0.04632724
-0.03379206
0.00870369
0.03644124
0.05319618
0.07467379
0.01568742
0.08104675
0.02695704
0.01637319
-0.00928255
-0.02370020
-0.10390053
0.00000000
-0.12540372
-0.09179065
0.00000000
-0.11650929
0.01105503
0.20602019
-0.07693869
0.08000992
-0.01756622
-0.11199252
-0.03249546
0.01546928
-0.09172405
-0.09055158
-0.05159226
0.00172459
-0.07880935
-0.06817417
0.09574060
0.14604707
-0.14398815
-0.00388038
0.12683123
-0.15799420
-0.08268422
-0.07390528
-0.00000000
-0.20265453
-0.02669162
0.20179464
0.07384750
0.12327477
-0.21081565
-0.00000000
-0.13400154
-0.05658073
0.05922848
-0.03490082
-0.13956636
0.13139778
-0.03941833
0.03179945
-0.08837954
-0.02074711
-0.09904483
0.10780833
-0.00536861
-0.10408699
0.12107924
0.26461095
0.01876922
-0.01310186
0.07330298
-0.06819199
-0.12075550
-0.15199237
0.11270594
0.06895274
-0.00000000
0.14027065
0.03176547
-0.08353935
-0.08545094
0.00000000
-0.00958158
0.01481214
0.00013343
-0.07537751
0.08292844
0.09594902
-0.03325948
0.06795281
-0.04697600
-0.08651863
-0.09440334
0.04145731
-0.06574544
-0.05247381
-0.00462896
-0.07798932
-0.09550418
0.03191329
0.06452186
-0.04294798
0.03444532
0.03654501
0.06258458
-0.11438505
-0.00101992
-0.05741394
-0.00000000
-0.11264551
-0.04915912
-0.00255593
0.07083775
0.08612418
-0.09399026
-0.00000003
-0.07464655
0.04916591
0.06158176
-0.06088394
-0.01018818
0.07829280
-0.01603253
0.10334016
-0.09877929
0.06320877
0.00325068
0.09989370
0.03998466
-0.04469697
0.09313539
-0.05117213
0.01276905
0.03530804
0.06684940
-0.07116078
-0.01886720
-0.02249239
0.05738162
0.10213967
-0.01868359
0.00020061
-0.10799278
0.01526447
0.35893351
-0.00000000
0.18071176
0.15317291
-0.00000000
0.25390857
0.09431152
-0.05842918
0.27431628
-0.07023391
0.35170031
0.20518839
0.20855477
-0.04266891
0.20894653
0.30896798
0.27443093
0.27752438
0.22558500
0.10535154
-0.10049450
-0.09813467
0.07962956
0.00114609
-0.13753104
0.41259906
0.31902361
0.10695641
0.00000000
-0.00924338
-0.19485261
-0.12080523
0.16686301
-0.20631097
0.17278445
-0.00000000
0.35098970
0.01145884
0.05393541
0.19260959
0.27977905
-0.18863745
0.11220961
-0.14291999
0.15617563
-0.15392792
0.28718266
-0.18365571
-0.07826389
0.21834609
-0.07842485
-0.15219477
-0.00937168
-0.12149630
-0.11104783
0.19612479
0.24258700
0.25103131
-0.14810738
-0.24802768
-0.00055983
-0.22888964
-0.04732195
0.15211594
-0.14528763
0.00000000
-0.29057443
-0.14286901
-0.00000000
-0.10517330
0.25059712
0.16164450
-0.20551048
0.22965136
-0.15701671
-0.21787202
-0.17258854
0.13842662
-0.21033770
-0.16969256
-0.12892401
-0.21123637
-0.16026019
-0.14483067
0.15592141
-0.00999533
-0.13719705
0.01507954
0.05728042
-0.21020949
-0.29556885
-0.23923817
-0.00000000
-0.25912479
0.27043474
0.17938100
0.02769528
0.12474161
-0.23956032
0.00000000
-0.18799201
-0.17069435
0.07218141
-0.17129092
-0.11753060
0.17898148
-0.20961304
0.10594637
-0.11056739
0.17004682
-0.21622112
0.16691785
0.10614417
-0.24306026
0.18565837
0.14963950
-0.21561810
0.24192585
0.05834012
-0.09778208
-0.12492654
-0.19670330
0.20599267
0.07327925
0.00000000
0.12226229
0.26942873
-0.15222502
-0.10450052
-0.00000000
-0.00967259
-0.01887992
-0.00173806
0.05102393
-0.04034080
0.00547370
-0.04041724
-0.03362024
0.03769245
-0.03043542
0.05073303
-0.02641799
0.04252948
-0.00379389
-0.02493870
-0.12469655
-0.06644321
-0.00496186
0.01434226
-0.01120177
0.02399256
-0.03280043
0.00569629
-0.07710939
0.04904155
-0.11203142
0.00000000
0.06707118
-0.05446548
0.11695737
-0.05030485
-0.03937205
0.02801093
-0.00038482
0.03884631
-0.03825327
0.07071841
-0.09006563
-0.01393923
-0.05206388
0.00884440
0.00873748
0.03642346
-0.05083404
-0.03290090
0.11741723
0.02603002
-0.10837330
0.10316852
0.11160177
0.01720071
0.01415571
-0.05748859
-0.06422481
-0.03965672
-0.11318320
0.07799219
0.07514448
-0.00925652
-0.01216700
-0.03125425
-0.05324947
-0.02874318
0.00000000
-0.06242697
-0.00110987
0.00000016
0.03965742
0.04399342
-0.05597703
0.00189190
0.08493160
-0.07663446
-0.03326672
-0.05274297
0.03429134
-0.14696336
-0.05240570
-0.07180862
-0.01724500
-0.01363712
-0.06788085
0.09381444
0.05032556
-0.03793455
0.04099148
0.02331768
-0.16023086
-0.06577154
-0.11920093
0.00000000
0.06002463
0.00030648
0.00810291
-0.03325537
0.00996487
-0.11626849
-0.00000000
-0.08059588
-0.08970390
-0.03701534
-0.05450069
0.03003092
0.10036862
-0.10113662
0.05223876
0.00050493
0.01704704
-0.02710348
0.11047994
0.09957547
-0.11487415
-0.03875865
-0.09504907
-0.03298384
0.11113922
0.09949872
-0.10303612
-0.02319736
-0.03749752
-0.06458593
0.01388119
-0.00069541
0.05818231
-0.03492391
0.01110801
0.11906344
0.00000000
0.06903242
0.06839590
0.00000001
0.01591072
-0.06904121
-0.07007235
-0.01760778
-0.09737884
0.10229780
0.00060892
0.02565389
-0.06419913
0.00806680
0.05645441
0.03452685
0.08436183
0.08184165
0.07145976
-0.08395215
-0.05915915
0.04624689
0.02788269
-0.10273099
0.02967488
0.03793118
0.12053899
-0.00000000
0.03313590
0.02254503
0.02182942
0.04883626
-0.09974849
0.09211079
0.00000000
0.04703100
0.05412426
0.01015185
0.04425384
0.10440844
-0.11729524
0.01283791
0.10576978
-0.01145128
-0.01609928
0.05811176
0.01251987
-0.08297680
0.15913510
0.02612818
-0.09009041
0.14884217
-0.12735556
0.03798515
0.11373868
0.05512099
0.07764885
-0.19529755
-0.00383141
-0.00429481
-0.07058181
-0.01387305
0.01722955
0.08390546
-0.00000000
0.09316907
0.10129489
-0.00000000
0.08131732
0.01561665
-0.19100781
0.08394381
-0.06129865
0.09018863
0.21974422
-0.00217620
-0.06256149
0.10635915
0.20933075
0.12727660
0.14419878
0.13049826
0.07642996
-0.07489284
-0.35024855
0.03131507
0.02748870
0.02146724
0.25687313
0.18337029
0.15342529
0.00000000
0.12335204
-0.08573166
-0.06019071
0.20329462
-0.24204904
0.08125256
-0.00034296
0.08330717
0.02424477
0.06409931
0.07971670
0.14046708
-0.06705040
0.01725239
-0.06249790
0.13470174
-0.06758963
0.17582151
-0.11956416
-0.04219878
0.20409642
0.10256568
0.03072234
0.03627625
-0.12281561
-0.14837110
0.11872888
0.08023838
0.16103426
-0.08540528
-0.14482635
-0.00000000
-0.08423207
-0.11664587
0.10799499
0.15897116
0.00000000
0.17796654
0.08277793
-0.00000000
0.09579276
-0.17644548
-0.09647812
0.15142840
-0.05207870
0.17524129
0.17214131
0.07875824
-0.03104111
0.17296562
0.09156788
0.21505927
0.06773978
0.23447196
0.07134486
-0.16044120
0.06187452
0.15872523
-0.00147024
-0.05656556
0.13529021
0.09791399
0.16235417
-0.00000000
0.25322887
-0.01931048
0.05525031
0.20260814
0.04244801
0.08448920
0.00000000
0.01909781
0.09355251
0.12783618
0.09633601
0.23280631
-0.00272831
0.08342481
0.06007462
0.09098851
0.06978612
0.07306935
-0.18156379
-0.12568666
0.11742365
-0.02398332
-0.06892454
0.28002369
-0.10475812
-0.06684814
0.13490133
0.08730547
0.15296216
-0.09766095
-0.10247140
-0.00000000
-0.05070978
-0.06172128
0.14819685
-0.01350052
-0.00000000
-0.04970866
-0.06407297
-0.00001628
-0.02687547
0.01885751
0.04682730
-0.03178100
-0.00453879
-0.02448761
-0.03965661
0.07091688
-0.04363094
0.06398710
-0.18018146
0.00724945
0.06396483
-0.00926032
-0.07726403
-0.06220067
-0.05730958
-0.09412286
-0.02269645
0.06395092
0.06261384
-0.07646629
0.01179780
0.00000011
-0.04381228
0.07124707
0.07261697
0.03266835
0.01843702
-0.02480310
-0.00000124
0.05703595
-0.07451147
-0.11202569
-0.06118506
0.00038772
-0.06472694
-0.00558487
0.10025070
0.01442693
-0.00402873
-0.04887790
0.05171790
-0.10579083
-0.03118204
0.00669717
0.01529736
0.03544540
-0.02638048
0.04487645
-0.04857222
-0.07826389
-0.06494850
0.00529767
0.07273367
-0.00372677
-0.04540547
-0.10080105
0.01359849
-0.06949598
0.00000016
0.05202313
0.02524718
-0.00000094
0.06277185
-0.02095326
0.06698510
-0.03330413
0.05436580
0.08017655
-0.03453442
0.07679894
0.02438703
0.04180270
0.00245629
0.04944180
-0.04849359
-0.03965526
-0.05937938
0.07327388
-0.02421212
0.08687046
0.04783053
0.04482561
-0.09712457
-0.04034013
-0.01501937
-0.00000000
0.03838722
-0.01404849
-0.10025538
-0.00687971
0.02241060
-0.02983842
-0.00000000
-0.02944375
0.05104998
0.03578475
0.02944276
-0.07142262
-0.10019615
-0.04076493
0.01758157
-0.04243102
-0.06326129
0.06852818
0.04842469
-0.05797550
-0.03447200
-0.05094344
0.07760126
0.09273493
-0.05646081
0.03009725
-0.00711833
0.05853276
-0.02134826
0.04357155
0.01716375
0.01071869
0.07810376
0.07647169
-0.04638175
-0.05566348
0.00000000
0.08015537
-0.05804021
0.00160167
0.03720155
0.09379691
0.03642077
-0.05439854
0.08816133
0.00601786
0.02184721
-0.05008950
0.03142053
0.03005293
0.03117492
0.09661168
0.05000383
0.07735117
0.03371714
-0.06427272
0.04720719
0.03184740
0.02657591
-0.03678452
-0.04687895
-0.02910288
0.01722801
-0.00000000
0.04850097
0.02321290
-0.11032542
0.11471130
0.00090465
0.03449536
0.00158757
-0.10078556
-0.03189790
0.00654667
0.02161369
-0.09116755
0.05961960
0.07508826
-0.03225444
-0.04564562
0.03427892
0.07217532
-0.05356451
-0.07419042
0.02794285
0.04223023
0.01242053
0.08216351
-0.01499717
-0.02894907
0.04162440
-0.03773949
-0.05396450
0.07173706
0.02564829
0.01100549
0.05863819
-0.04616705
-0.03378857
0.19508314
0.00000000
-0.00345113
0.06810086
-0.00000004
0.11754481
0.10139579
0.03034994
0.01746569
-0.08971146
0.04451689
0.04444288
-0.03167464
0.04881211
0.11933673
0.06387919
0.00637772
0.06844748
0.18954033
0.13278282
-0.12904902
0.04734627
0.11622605
-0.00164808
-0.15769781
0.18255971
0.02144261
0.10289139
-0.00000000
0.12339564
0.11074530
-0.24160093
0.12059060
-0.09682763
0.01211932
-0.00000003
0.02209559
0.06970462
0.04999708
0.07415273
0.04844580
-0.03995503
-0.04210494
0.06613245
0.02111567
0.03747731
0.13712344
-0.07561944
0.03562197
0.10278784
-0.13058786
-0.14370225
0.09169751
0.09659187
-0.03818233
0.07092658
0.11330339
0.07609459
-0.06181429
-0.03247659
-0.02266477
0.00981134
-0.08154579
-0.00585565
0.02282151
0.00000000
-0.02796161
0.06414493
-0.00000421
0.00100946
-0.01147011
0.09164485
-0.03557366
0.10159592
0.03531549
0.02892514
0.03780054
0.09394999
-0.04297725
-0.09091951
-0.06089911
0.04676656
-0.07922629
0.05387587
-0.00552888
0.06892715
0.01178102
-0.02413679
0.10989806
-0.04420582
0.00121004
-0.02212389
0.00000000
0.05085589
0.16869907
-0.13953806
0.03793849
-0.00106793
-0.04066125
-0.00056811
-0.00672506
-0.02237787
0.09820285
0.03805234
-0.01626991
-0.03341480
0.00534397
0.02956111
0.00540211
0.09587177
0.05236053
0.09535874
0.04480962
0.02031814
-0.01813862
-0.03430566
0.10173810
0.12673865
0.13202193
-0.05022911
-0.03551848
-0.09207537
-0.02401839
0.10038750
-0.01489769
0.02447424
0.10140227
-0.00472904
-0.00586111
0.00000000
0.02697328
0.09489159
-0.00141978
0.05419406
-0.05144545
-0.01791163
0.07072328
-0.07396368
-0.00760816
-0.00204698
0.00994179
0.13255985
-0.01529569
0.05051379
-0.00433355
0.07513940
0.01265699
0.00091190
-0.11902935
0.11898308
0.10245606
0.04927129
0.07029475
0.06146985
-0.03807784
0.01280258
0.00000000
-0.00644248
0.02863696
0.03995936
-0.00692769
0.05557137
-0.04750022
0.00000535
-0.01684592
0.01668147
0.04838897
0.01470364
0.01967165
0.02672403
-0.06044955
0.11993346
0.03405124
0.03158499
0.00411619
0.02373119
0.05803646
0.04825571
0.08950251
0.00848024
-0.05968266
0.07001385
0.13571297
0.02866939
0.09074946
0.03799700
-0.09374124
0.03352778
0.01855118
-0.06520257
0.04690096
-0.00254253
-0.11634868
0.00000000
-0.02844516
-0.04608716
0.00000000
0.06356490
0.10872687
0.02283231
-0.04120633
0.04238738
-0.01684846
-0.00864574
-0.12381215
0.10282953
-0.01270032
-0.01272856
-0.04196365
-0.09311081
-0.01667062
-0.11144719
0.11280251
0.05786482
-0.09886483
-0.00004381
-0.00448644
-0.09157472
-0.00649303
-0.04154740
0.00000000
0.00578380
0.11289174
-0.03601493
0.06232130
0.09202828
-0.07702448
0.00000000
-0.12927336
-0.06519394
0.05761528
-0.05248151
-0.04987755
0.12067055
-0.20903429
0.03790962
0.02624553
0.01460130
-0.06118155
0.09178136
0.06278265
-0.06335595
0.02215396
-0.00547251
-0.12382799
0.10852759
0.11827666
-0.06787039
-0.04069511
-0.03766691
0.04416543
0.11886138
0.01119400
0.08543909
0.17041017
-0.12752676
0.12278542
0.00000000
0.07197842
0.05476009
-0.00052840
0.06988032
-0.18449479
-0.03892546
0.12986742
-0.07401498
0.11406649
0.11567605
0.08530711
-0.00748858
0.14414778
-0.01152398
0.14629352
0.14853711
0.06722213
0.00124978
-0.06511860
0.03767610
0.01188714
0.00706121
-0.01844551
0.13617948
0.04195474
0.10163639
0.00000000
0.16425043
-0.04810681
-0.01893562
0.16097200
-0.01724789
0.02286617
0.00054108
0.18201081
0.11012606
0.09389497
0.16328263
0.19455618
-0.07131819
0.08715137
0.02107331
0.01379795
-0.12040854
0.14583877
-0.01233401
-0.07265691
0.10911319
-0.07466540
-0.08169049
0.12976907
-0.14278556
0.01695341
0.16306564
0.09465075
0.08952684
-0.12567429
-0.07723044
-0.00000000
0.00251160
-0.41992697
0.10679528
0.04718965
0.00000000
-0.04494885
0.03275785
-0.01245124
-0.03100611
-0.17221785
0.04344077
-0.04100952
-0.03611356
-0.03737471
0.05130953
0.04575121
-0.28656766
0.04412097
-0.03646706
-0.01538510
-0.05604463
0.06546936
-0.03133656
-0.12644134
-0.09553466
-0.07504751
-0.06679332
0.06948303
0.07519949
-0.03110248
0.08938339
0.00000000
0.07929194
-0.34069154
0.06675947
0.08404498
0.05959286
-0.05299444
0.01108740
0.06525182
0.05259941
0.04562964
-0.02780595
-0.02662557
-0.05365609
0.02307920
-0.06953631
0.05092658
-0.36686888
-0.04952139
0.02497482
-0.20139785
0.07367882
0.11700656
0.00807056
0.07160445
-0.23600337
0.02633718
0.08307534
-0.00888869
0.07481480
0.02878853
-0.08145011
-0.00000134
0.03335526
-0.28410351
0.06951270
-0.02971038
-0.00000000
-0.08609413
-0.15405805
0.00000000
-0.13016786
0.04792536
0.13652393
-0.10184102
0.19407326
0.01471713
-0.14739028
-0.12633179
0.07680231
-0.09347569
-0.03178460
-0.07430083
-0.15342081
-0.05379931
-0.12634563
0.13560392
-0.02555316
-0.13479397
0.00984609
0.04788351
-0.06526743
-0.10160651
-0.08768942
0.00000000
-0.02180674
0.03288347
0.08868198
-0.07540356
0.01011347
-0.10090438
-0.00000000
-0.10381235
-0.08818962
-0.03174651
-0.07637275
-0.10708175
0.03495337
-0.09687138
0.09121592
-0.12617259
0.07376790
-0.10959855
0.16738370
0.11017037
-0.18322930
0.17598021
0.06324005
-0.20810598
0.10822306
0.00962656
-0.10740882
-0.10406830
-0.19544861
0.12531804
0.15147150
0.00000000
0.17462632
0.12069578
-0.07819236
0.06983395
0.00000034
-0.01600034
0.17179596
-0.00000001
0.07653867
0.02986982
-0.07884274
0.09914581
0.03052405
0.07852058
0.07424008
-0.01886522
0.06337217
0.13629751
0.08233036
0.04597381
0.00140072
0.07284694
0.10374856
-0.05692963
-0.02196680
0.04989480
-0.01669377
-0.03713645
0.03176634
0.10430363
0.03209682
-0.00000000
0.01722552
0.00167854
-0.44873074
0.06689285
-0.15704195
0.06074791
0.00000000
0.02841738
-0.03842602
0.09997389
0.00356743
0.10395929
-0.03209130
-0.00549210
0.01071777
0.01907787
0.02992956
0.15716729
-0.04680970
-0.05449169
0.10194549
0.00221272
-0.04978970
0.05604033
0.03389464
0.05148036
0.00687473
0.09345731
0.09664844
0.01579374
-0.07475811
0.00504144
0.02927378
0.03522436
-0.03034316
0.05996786
0.00000000
0.18715540
0.12079453
0.00000005
-0.01077412
-0.38346997
-0.13763922
0.19015588
-0.04324989
0.14419168
0.13657135
0.08675589
-0.35217902
-0.01384920
0.12415358
0.09717618
0.17324339
0.06868891
0.12015486
-0.10783488
-0.03736823
0.05217052
0.00914684
-0.04974723
0.06699770
0.11970934
0.12435253
0.00000000
0.04587222
-0.20890549
-0.00890993
0.10221829
-0.08382168
0.08426414
-0.00000000
0.15819150
0.12480263
0.00063586
0.05078115
0.12308606
-0.13035375
0.09198304
-0.48310736
0.05576758
-0.25269577
0.04439307
-0.07944005
-0.32948998
0.11877859
-0.00636099
-0.08003462
0.11966800
-0.46127257
-0.22757830
0.07571759
0.13433482
0.12122261
-0.09726367
-0.13458179
-0.00656411
-0.03819671
-0.04910659
0.13448814
-0.10414481
0.00000000
-0.03940266
-0.06278695
-0.00000748
-0.06633378
0.04362632
0.03957420
-0.02744114
0.03410801
-0.03072205
-0.05798062
0.06559181
0.07582154
-0.05831544
-0.20476201
-0.01485594
-0.08628954
-0.08231649
-0.04432999
-0.00171915
-0.25327614
0.00876759
-0.00894464
0.00421653
-0.01164554
-0.07016554
-0.14935082
0.00000000
-0.08347622
0.06311381
-0.05935353
-0.08044899
-0.05292596
-0.06728069
-0.00086554
-0.05626407
0.02725168
0.04566521
0.02373379
-0.02007932
-0.07187333
-0.08190208
0.07898226
-0.07407111
0.08368719
0.04916106
-0.01079082
0.09791388
-0.02739351
0.00906031
-0.03664071
-0.04601930
0.07891941
-0.08182696
-0.02935607
-0.05043385
0.04295615
-0.04980524
0.05211306
0.00000002
-0.04841900
0.13803023
-0.04668573
-0.02608582
-0.00000000
-0.09005591
-0.03810950
0.00060360
-0.05798726
0.04822001
-0.00285143
0.02104898
-0.00269217
0.02973060
0.02604150
-0.08095190
0.07625581
0.04832857
0.05661456
0.05274811
0.06121888
-0.02484297
-0.05592516
0.04992518
0.03592914
-0.12974025
-0.01569675
0.07715344
0.02805363
-0.01246376
-0.12269021
0.00000201
-0.00722161
0.04569858
0.00846295
0.15005198
0.09249208
-0.04406173
-0.00000000
-0.04825380
-0.13009620
0.06430352
-0.03222423
-0.02230263
0.06835864
0.03148073
0.09567395
0.06154975
0.13202563
0.05670360
0.10154428
0.09689861
0.06057028
0.01490068
0.07020948
-0.09953417
0.03691710
0.01522218
0.00214780
0.02522285
0.04868399
0.08587947
0.06744127
-0.01908557
0.12067299
0.03265623
-0.14544477
0.03041504
-0.00000000
-0.03698632
-0.02786765
0.00001089
-0.02451802
0.10981661
-0.03347672
-0.04695391
0.00460724
0.04547732
-0.02284024
-0.00959845
-0.06397796
0.03559180
-0.06875826
0.01852867
-0.11464659
-0.07953689
-0.07761236
0.11685310
-0.01078556
-0.05133639
0.00049529
-0.06849024
0.02465565
-0.08888695
0.00211957
-0.00000000
0.07910956
-0.04343768
0.06157242
-0.06663407
-0.03819973
-0.09643487
0.00042005
0.01873044
-0.02449066
-0.01039863
-0.07832676
0.02322843
0.00325311
-0.06131609
-0.10910582
-0.09075986
-0.06468732
-0.00037262
0.11866859
-0.03819126
-0.05990826
0.06452102
0.05576126
-0.12455922
-0.04912001
-0.15469682
-0.03940977
0.00179959
0.00645198
0.05449730
0.06270322
-0.00259078
0.10498332
-0.10656900
-0.05484829
-0.13621533
-0.00000000
-0.01303147
-0.11221571
0.00000000
0.03973691
0.00612123
0.05290440
-0.01429463
0.08281238
-0.09142920
-0.10257175
-0.07798504
0.04801237
-0.10836019
0.13086200
0.03293696
-0.01764556
-0.08163489
-0.04220109
0.06510556
0.06313679
0.02841887
0.03213704
-0.07978518
-0.08848352
-0.10136917
0.01234335
-0.00000000
0.05911269
-0.02466344
-0.15722804
-0.14035109
-0.01885154
-0.05547000
0.00000000
-0.05665328
0.01555896
-0.02977993
-0.05384342
-0.05585292
-0.05207321
0.04156730
0.01972362
-0.11579795
0.00048245
-0.11012527
-0.05158418
0.04239307
0.00292776
0.01976875
-0.08562651
-0.01747968
-0.01150232
0.01237493
-0.08348873
-0.13432346
-0.16405705
-0.02117635
0.04594625
-0.00019742
0.04289904
0.03186511
0.01021331
-0.08022997
-0.00000000
-0.10077401
-0.12635967
0.00594972
-0.04138926
0.00099407
0.11236949
-0.11121722
0.03345987
-0.07497502
-0.09061925
-0.04101664
-0.04370344
-0.11362492
-0.13635048
-0.13760249
-0.01120479
-0.04674122
0.03627238
0.09545030
-0.03398785
-0.04913316
-0.02626128
0.06765365
-0.02653708
-0.03680621
0.00774617
0.00000000
-0.09183495
0.10731216
0.04730839
-0.07022875
-0.02225354
0.01711098
-0.00102225
-0.10266700
-0.08607095
0.00265309
-0.06280567
-0.12611052
0.06183549
-0.06507882
0.10827213
-0.10699742
0.09348518
-0.13360108
0.01418003
0.05287957
0.06404452
0.11021103
0.17381585
-0.09556832
0.10699372
0.04057094
-0.09561415
-0.03358474
-0.11824867
-0.04203193
0.09167288
-0.01173686
0.09168584
0.01413358
-0.01954005
0.07015207
-0.00000000
0.11391938
0.23204157
0.00000052
0.22340517
-0.07252958
-0.21700184
0.10764698
-0.11242874
0.13425203
0.10354783
0.16812383
0.00957329
0.22428203
0.18821187
0.16975485
0.15220241
0.13861714
0.21139787
-0.15348639
-0.13969146
0.12188089
0.03009005
-0.07808284
0.12939179
0.21149786
0.18304889
-0.00000000
0.14326322
-0.14096169
-0.30666342
0.09808734
-0.15504296
0.17700556
0.00000002
0.03134201
0.09129222
-0.07461887
0.19113445
0.03163758
-0.10777699
0.16815701
-0.04420684
0.02756178
-0.11653525
0.10039226
-0.17516378
-0.04982551
0.23413824
-0.14693616
-0.12862191
0.18170086
-0.06617298
-0.20192944
0.23420718
0.25383243
0.25445548
-0.12193801
-0.16097249
-0.00630310
-0.23209704
-0.16724432
0.15767929
0.04699919
-0.00000000
0.03817828
0.04338144
-0.00000478
0.06389051
0.07455646
0.05151677
0.05198980
0.00983454
-0.05709696
0.07025957
0.05868331
0.02946214
0.05612796
0.04468992
0.10392188
-0.00992987
0.04078177
-0.04507557
0.02715232
-0.03720077
0.05699487
-0.00455051
-0.12569095
-0.00041735
-0.01311308
-0.00408602
-0.00000000
-0.10076786
0.09083050
-0.04166169
-0.02693455
0.02600736
-0.06809629
-0.00000000
0.08250254
-0.03990560
-0.07590108
0.07109042
-0.00425722
0.08031372
0.02218491
-0.00120618
0.05656892
0.00985315
-0.02975356
-0.02392851
0.05013074
-0.03976212
-0.05475696
0.00978587
-0.07490098
-0.07475235
-0.02833690
-0.02348182
0.06464338
-0.05590210
0.03920450
-0.01954270
-0.01414536
0.01011265
-0.02488738
-0.00032624
-0.14373536
0.00000000
-0.08112741
-0.08352942
0.00000622
-0.01920589
0.07381034
0.03122943
-0.07373701
0.15148845
0.02519047
-0.09473707
-0.06000597
-0.01331773
-0.08047298
-0.02054320
-0.10397637
-0.10490386
-0.06470397
-0.16292335
0.11372142
-0.00819103
-0.09249908
-0.00373028
-0.01207284
-0.16207798
-0.01569524
-0.17975402
-0.00000000
-0.10450473
-0.12646869
0.09391169
-0.03864809
0.12006769
-0.09475625
-0.00007407
-0.08114397
0.00813877
0.05625874
-0.10098530
-0.14914757
0.11843917
-0.07168727
-0.08666030
-0.03058360
-0.11144607
-0.06066146
0.02770522
-0.06577422
-0.03906857
0.07892295
0.11046200
-0.04769851
-0.00395124
-0.12847869
-0.04626964
-0.03951813
-0.11008225
0.06723620
0.03093881
-0.00000000
0.13795222
-0.13188632
-0.13675812
0.01852663
0.00000000
0.03410480
0.00152960
-0.00006653
-0.02914967
-0.09527516
-0.07305700
0.02952242
0.05629995
-0.00295436
-0.06538749
-0.01016349
-0.09106985
-0.03613441
-0.12322338
-0.02793203
-0.08910193
0.03961580
0.04085593
0.07808437
-0.03547155
0.04225063
-0.00751565
0.09355742
0.05829605
-0.09072980
0.01211342
-0.00000000
0.05938135
-0.09362792
0.07662296
0.09945661
0.10344843
-0.01932376
-0.00003846
-0.04609705
0.03256824
0.09031868
0.04190193
0.04589222
0.00458698
0.01428698
0.04788906
-0.00241803
-0.14386316
0.05580523
0.01988131
-0.01754034
-0.01197061
0.09040321
0.02977430
0.01562785
0.00897945
0.04155853
-0.04601220
0.06485955
-0.02080599
0.01037365
-0.03264434
0.00651981
0.00692849
-0.33909786
-0.01891452
-0.08472902
0.00000000
-0.08655710
-0.06461839
0.00000000
-0.04744634
0.11310860
0.16797954
-0.13207231
0.07963200
-0.08938900
-0.12829158
-0.12323036
0.18288419
-0.05837216
0.04701896
-0.07981912
-0.08160204
-0.03893556
-0.09129028
0.12384710
0.13531508
-0.10568299
0.00080723
0.19342236
-0.25000238
-0.10476739
-0.05033174
0.00000000
0.01898218
0.16439293
0.06261262
-0.01104662
0.12988149
-0.08945291
0.00010527
-0.14838658
-0.12639387
0.08612810
-0.00811672
-0.00143682
0.22680499
-0.17983142
0.20083171
0.04322426
0.09463331
-0.09996280
0.06775409
0.15286081
-0.06870764
0.07098285
-0.00494123
-0.05571292
0.12875348
0.15656696
-0.14017494
-0.11946175
-0.12291938
0.04323377
0.11998368
-0.00881401
0.17423779
0.22113055
-0.20495804
0.36203986
-0.00000000
0.17825913
0.19118980
-0.00000000
0.15238236
-0.17093523
-0.09298538
0.21355696
-0.22573179
0.23895657
0.17556094
0.16659784
-0.02596420
0.20825483
0.03014034
0.17686994
0.12444404
0.32627168
0.22677225
-0.21198522
-0.00047494
0.26386681
0.01373823
-0.15899275
0.21978951
0.30441186
0.19582239
0.00000000
0.26586029
-0.09202413
-0.57169318
0.22848459
-0.09576969
0.17933847
-0.00000000
0.14415294
0.12185031
-0.04540347
0.11907083
0.28722692
-0.09083236
0.05021686
-0.07573841
0.17275679
-0.00582652
0.14164570
-0.19520362
-0.02671176
0.20870149
-0.04114068
-0.00795368
0.18811920
-0.12377533
-0.07296412
0.25228393
0.24387589
0.25538757
-0.27632123
-0.11676601
0.01624994
-0.08370890
-0.16429994
0.18385817
0.01582913
0.00000000
-0.15509699
-0.04447071
-0.00001497
-0.03268724
0.05694265
0.12331266
-0.02513528
0.04053131
0.01605410
-0.07838887
0.02574594
0.11630987
-0.00275847
-0.04647192
-0.05268854
-0.03205093
-0.13185781
-0.14958163
0.08331588
0.11763903
-0.08853386
-0.00381817
0.11101454
0.02863005
-0.09091625
-0.16583638
-0.00000000
-0.13885812
0.09983081
0.04061340
0.09815237
0.01591573
-0.10714418
0.00000079
-0.07335640
-0.03692674
0.09217119
-0.04804523
0.02346651
0.03703931
-0.06612946
0.05587422
0.03936012
0.00520047
-0.06556400
0.08863210
0.14213637
-0.11823483
-0.01837341
-0.03380658
-0.14981566
0.05977895
0.14382954
-0.05577388
-0.14951637
-0.03909166
0.09888938
0.05902579
-0.00698474
0.09161673
0.00212265
-0.12995760
0.02485362
0.00000000
-0.00451577
-0.02070491
-0.00002860
-0.05780553
0.07343654
0.11140475
-0.01591268
0.08734285
-0.12458032
-0.07595128
-0.08402340
-0.09176677
-0.08355302
-0.02045325
-0.09842981
-0.06988483
0.00500080
-0.05413244
-0.03110818
-0.02328168
-0.04245410
-0.03755224
0.08292011
-0.05824132
-0.05135322
0.02183782
0.00000000
-0.08665439
-0.18714595
0.10781207
-0.09351849
0.03634989
-0.14174068
-0.00111708
-0.07206028
-0.10813560
-0.06540614
0.02162715
0.01363645
-0.02043386
-0.05037725
-0.03488972
-0.08865096
-0.12435396
-0.09186010
0.12417530
-0.08742898
0.01217739
-0.01288898
0.05422830
0.04676078
-0.12255460
-0.05929320
-0.07400388
0.00000483
-0.09606849
0.03795156
0.08354952
0.00000000
0.03607848
-0.17253861
-0.06659357
0.34459990
0.00000000
0.45628142
0.25704202
0.00000000
0.12071531
-0.49701220
-0.28021115
0.27399650
-0.32198033
0.25847796
0.33085564
0.31486553
-0.51721001
0.32740486
0.63278133
0.29028922
0.29205599
0.42365170
0.24176949
-0.25947687
-0.49842048
0.37345520
0.00162117
-0.32318267
0.10871677
0.33166516
0.25149083
0.00000000
0.38529074
-0.50242770
-0.18672967
0.18215267
-0.21457922
0.27785188
-0.00059269
0.27713305
0.14409541
-0.08903671
0.23304868
0.35967517
-0.20962359
-0.06797993
-0.67587817
0.13515554
-0.54107410
0.28008586
-0.38805479
-0.59940624
0.28063095
-0.23711522
-0.09451210
0.14743447
-0.63197523
-0.56803453
0.16418156
0.31680837
0.31377882
-0.17588997
-0.38870266
-0.00017090
-0.29386020
-0.58220237
0.24537653
0.08841319
-0.00000000
0.08617891
0.19344112
-0.00000000
0.16046874
-0.01485671
-0.09467705
0.09756467
-0.09115857
0.12783127
0.03265106
0.00121889
0.00897757
0.10905543
-0.01333874
0.15339914
0.03661357
0.24474804
0.08241947
-0.11889182
0.01573498
0.04818189
-0.02071282
-0.11240625
0.11519536
0.06618486
0.14008503
-0.00000000
0.11631370
0.03645669
-0.37043768
0.13307402
-0.00365883
0.11645950
-0.00000000
0.05127866
0.06667853
0.01333079
0.07043649
0.09388275
-0.13080733
0.17082991
-0.02098430
0.12766889
0.12043960
0.09390312
-0.04121884
0.09352659
0.08369166
-0.25303873
-0.22511113
0.16524851
0.14891908
0.00540235
0.12142806
0.18973775
0.13790843
-0.14696793
-0.11941439
-0.00011960
-0.17330673
0.15128320
0.09147169
0.11405317
0.00000000
0.05142902
0.13746372
-0.00000000
0.00993873
-0.02545101
-0.01865320
0.11192857
-0.05676902
0.01509728
0.09994993
0.05247059
0.07163318
0.07581347
0.11307913
0.06120040
0.11026651
0.08774159
0.07955055
0.02668799
-0.31030154
0.12156465
-0.04204395
0.06914163
0.13711268
-0.00008663
0.13099319
0.00000000
0.09600009
0.03159009
-0.13784631
0.00619828
-0.13014638
0.04889293
0.00000000
0.08245001
0.04900191
0.01921842
0.06006132
0.11781561
0.00285308
0.08829606
0.04525772
0.01610072
-0.01502723
0.07746153
-0.05218416
-0.00426703
0.09545875
0.13626681
0.14046690
0.09208506
-0.08796432
-0.15790068
0.02847651
-0.01414294
0.10013407
0.01666708
-0.00534846
-0.00000000
-0.03842908
0.04630524
0.05368896
0.32581228
0.00000000
0.29635584
0.21946804
-0.00000000
0.14043468
-0.53182852
-0.22288544
0.13849026
-0.28315535
0.18588349
0.21161254
0.18648984
-0.24011864
0.27872026
0.28535035
0.10268033
0.29897916
0.14987579
0.26387569
-0.17841770
-0.26302388
0.25913930
-0.00111080
-0.22196552
0.29032153
0.26404908
0.32235789
0.00000000
0.27099288
-0.32911012
-0.13819802
0.20352280
-0.10454772
0.24143437
-0.00076617
0.26971823
0.27038804
-0.00851944
0.25665134
0.16860029
-0.16961797
0.27707580
-0.38460964
0.10689077
-0.39078081
0.28360415
-0.21870598
-0.34879026
0.33413312
-0.11071375
-0.05400909
0.27126127
-0.40398756
-0.39463097
0.18076690
0.19056213
0.17879720
-0.15927264
-0.13468371
-0.00308911
-0.29034138
-0.39194089
0.20950480
0.04147614
-0.00000000
0.01909553
0.07620582
-0.00002957
-0.00326107
0.01629389
-0.00891118
-0.03329232
-0.04074698
0.04038292
0.04664976
0.01631388
0.04174542
0.00343222
-0.08057157
0.01786982
0.05329099
0.04642642
-0.00529944
-0.01245517
0.12098219
0.02913907
-0.03768796
0.03206926
-0.00130282
-0.02293861
0.06162873
-0.00000000
-0.02175894
0.04159475
-0.19384238
0.02464189
0.00164090
-0.02781298
-0.00117753
0.06567112
0.00434960
0.08214279
0.07719408
-0.05806224
-0.01466396
0.06866300
0.10805785
0.04893092
0.01758434
0.04450101
0.06151049
0.12135832
0.01378450
-0.06586453
-0.12445394
0.08188282
0.13572857
0.09861276
-0.01923839
-0.06335375
0.06081225
-0.00708175
0.07880301
-0.00847436
-0.00486546
0.13086940
0.06162659
0.07705747
0.00000017
-0.02021979
-0.04723521
0.00000000
-0.03417636
0.02493840
-0.00805416
0.02150877
0.01673368
-0.00424115
0.06772047
-0.02348733
0.07413158
0.01854512
-0.07687999
0.01790737
-0.06835953
0.10635930
0.06923249
0.00804765
0.03126127
0.05830243
-0.03291992
0.02235459
0.09045258
0.04716684
0.01549675
0.00000000
0.08066870
0.01844756
-0.29850978
0.10385710
0.03569426
-0.01550809
-0.00000000
-0.03361609
0.01231116
0.03930588
0.00821810
0.04900731
-0.01225881
0.01432414
-0.00193377
0.03891611
0.04647965
0.10744721
0.05832700
0.01966321
0.00402417
0.02094223
0.00037011
0.12918012
0.05997519
-0.05224062
0.10851964
0.03067833
-0.02355770
-0.01777833
0.02540260
-0.00013954
-0.03691602
0.06496029
0.10348947
0.24221979
0.00000000
0.22813651
0.25968191
-0.00000000
0.13790248
-0.32270128
-0.10839863
0.08039650
-0.15795276
0.25502977
0.18552031
0.18336330
-0.50575209
0.22728689
0.21518886
0.19460745
0.15067454
0.27250108
0.23039685
-0.09926507
-0.33376583
0.30107453
0.00089449
-0.15438364
0.15243192
0.27004904
0.21470736
-0.00000000
0.28693399
-0.56502855
-0.03362318
0.14724968
-0.08559066
0.19096081
0.00028684
0.12761919
0.32583904
-0.02553969
0.23084350
0.24728744
-0.29760009
-0.02767226
-0.41510904
0.13361056
-0.60898149
0.16887373
-0.15099053
-0.49012941
0.20916703
-0.20035805
-0.14953795
0.17218806
-0.43833128
-0.31310934
0.14035338
0.13853541
0.13590583
-0.25688601
-0.26191565
-0.00000000
-0.14129440
-0.53059357
0.13671799
0.24217059
-0.00000000
0.17658260
0.17631851
-0.00000000
0.21531811
-0.03577726
-0.19008075
0.11976421
-0.24076390
0.13933328
0.27769062
0.12357361
-0.05370195
0.14958274
0.22102408
0.27172181
0.31282908
0.22815889
0.23255983
-0.19279233
-0.03852268
0.29922506
-0.00986478
-0.21060301
0.31674346
0.18141995
0.27312079
-0.00000000
0.08960228
-0.09863472
-0.41004077
0.29013190
-0.27983230
0.18030624
-0.00000000
0.21725106
0.11365951
-0.04973103
0.32554519
0.35025084
-0.11109637
0.30025935
-0.16026114
0.28112558
-0.16017270
0.28358597
-0.22735049
-0.07781626
0.12725228
-0.29784951
-0.41605580
0.13924068
-0.06570226
-0.10325360
0.29307413
0.12826738
0.14434436
-0.08233533
-0.22933865
-0.00000000
-0.25453547
0.00685682
0.28772095
-0.04601179
0.00000000
0.00531722
0.00875932
-0.00000373
0.02148551
0.05091571
0.03055802
-0.03781126
0.12119474
-0.02009798
-0.09891742
-0.15736875
0.03969249
-0.08774398
-0.04133940
-0.09428895
-0.10697273
-0.08236182
-0.08632588
0.10505831
0.05939049
-0.05922420
0.04916757
0.03866966
-0.02729105
-0.05502472
-0.00803758
0.00000000
-0.10800086
0.15595834
0.07385495
0.04413294
-0.03654249
-0.05477570
-0.00000000
-0.14776592
-0.04086195
-0.03321100
0.04095455
-0.08693326
0.09228940
-0.02276915
0.04044042
-0.17026487
0.06600475
0.02609035
0.03566439
-0.00209104
0.02543223
0.00021117
0.11364432
-0.02308091
-0.00259066
0.02136681
0.05506442
-0.09365141
0.02691938
-0.00271944
0.10148351
-0.01141178
0.06733665
0.10477477
-0.02754463
-0.06203696
-0.00000000
-0.03380769
0.02561095
0.00007946
0.00663023
-0.04535800
0.04023616
0.00755139
-0.06719019
-0.02526352
-0.05883982
-0.05336846
0.08854395
-0.02693817
-0.00174045
0.02491033
-0.03599478
0.01567638
-0.04431999
-0.02738434
0.04249988
-0.02729749
0.01002744
-0.14172511
-0.02250613
0.02200637
-0.08082138
-0.00000000
-0.03714490
-0.07204403
-0.00338374
-0.02120817
0.07744507
-0.05639671
0.00000000
0.09388292
0.04149948
-0.07929226
-0.02054132
-0.02247856
0.01706036
0.07633737
-0.05682828
0.00940500
-0.07028250
-0.03736265
0.00426116
-0.04932103
-0.04353325
-0.13453093
0.01013891
-0.00844344
0.03897432
0.05580825
0.05531821
-0.03848705
-0.07354258
-0.07092133
-0.04404632
-0.04802306
0.07682082
-0.01537178
0.01360320
0.06635107
-0.00000000
-0.05356128
0.02448498
0.00000000
0.03654555
-0.08061185
-0.13053259
0.07614816
-0.08487370
-0.02146774
-0.00995060
0.03705258
-0.16917767
-0.01767855
-0.01761940
0.06931964
0.05823082
-0.00799280
0.09712768
0.07475695
-0.06681694
0.03539725
-0.00013599
-0.12055431
0.00486150
0.06499518
0.11952458
-0.00000000
-0.04096149
-0.38799959
0.01417830
0.08397688
-0.02729587
-0.01480621
-0.00000000
-0.01854850
0.02931191
-0.01405960
-0.03298027
-0.07025585
0.02012714
0.02198792
-0.38661447
0.06294680
-0.51540780
-0.08480213
-0.08807000
-0.24585333
-0.00938642
-0.01906657
-0.08067868
0.03288687
-0.33511841
-0.20258181
0.07420946
0.13015363
0.05626381
0.04398516
-0.00461112
-0.00000000
0.05167256
-0.42518520
0.01274077
-0.13643487
-0.00000000
-0.09259766
-0.04416183
-0.00000000
-0.09098437
0.14209278
0.15262178
-0.08539777
0.06317363
-0.06287717
-0.18078730
-0.22096038
0.04718129
-0.24725026
0.13699813
-0.05699985
-0.15336256
-0.13437158
-0.19159156
0.03650726
0.00655535
-0.11013971
-0.04484557
-0.06526866
-0.08409163
-0.12555842
-0.08388261
-0.00000000
-0.11293986
0.14408638
0.00775797
-0.18235667
-0.08309367
-0.14916819
0.00000000
-0.08640517
-0.08828963
-0.07386075
-0.14877547
-0.13675974
0.07594875
-0.10349382
0.07859527
-0.08811700
0.03018913
-0.08061679
0.01991208
0.08997318
-0.06143247
0.11490835
0.07316501
-0.02910005
-0.04683557
0.00073761
-0.04865258
-0.08839127
-0.10913545
0.12470566
-0.01202931
-0.00016728
0.08512131
0.13438068
-0.07869757
0.00187831
0.00000000
-0.00065393
0.00007303
0.00000531
0.04472464
-0.05732654
0.04403321
0.03125632
0.01666011
-0.05314787
0.04492504
0.04788348
-0.02970092
-0.07638953
0.03865164
-0.00225696
-0.04962937
0.05797208
-0.06457355
-0.02140395
-0.04531037
-0.06541299
0.00588387
-0.04246037
0.02348012
-0.06992961
-0.03519622
0.00000000
-0.00324468
-0.09071084
0.08882917
0.01329287
0.14273463
-0.04648268
0.00027197
0.00313584
-0.13635345
-0.08326285
-0.05527597
0.01556741
-0.01712739
-0.16673462
-0.02722025
0.07175548
-0.05632865
0.05125181
0.08462361
-0.00826388
0.02358002
0.06966492
0.01119709
-0.08422147
0.05949936
-0.02757541
-0.00265999
-0.07868619
-0.08754785
0.09070599
0.04133475
-0.00460376
-0.00068007
-0.08014324
-0.02711272
-0.13551916
0.00000000
-0.13699469
-0.17939493
-0.00000000
-0.07105705
0.15297171
0.18259417
-0.00069145
0.06192259
-0.17038140
-0.13935073
-0.07306732
0.10100795
-0.10877025
-0.19275580
-0.05772619
-0.22474737
-0.10970917
-0.11136883
0.07153618
0.18516132
-0.11950131
0.00163071
0.03192956
-0.12192381
-0.18486816
-0.07557352
0.00000000
-0.10431592
0.09126097
-0.00000000
0.04587452
0.17235851
-0.14479093
0.00000000
-0.19188510
-0.12878868
0.06417380
-0.11408887
-0.19805580
0.18560529
-0.10909621
0.17137662
-0.04235215
0.23484565
-0.03945046
0.18108392
0.08408517
-0.15696193
-0.07739201
-0.00572751
-0.04538172
0.11604489
0.11372250
-0.09224688
-0.05260482
-0.11533673
0.22333097
0.22088209
-0.00003466
0.11273300
0.27331629
-0.15844789
0.07437850
0.00000000
-0.04184082
-0.05119837
0.01317864
0.08138064
-0.17125040
-0.02455515
-0.00094037
-0.01132474
0.04907774
-0.02312148
0.02313859
-0.23301218
-0.01213268
-0.00042472
-0.02105402
-0.03014913
0.01665981
-0.00039288
0.01554872
-0.00779480
0.04206619
-0.04005257
0.04767323
0.03167447
-0.00857565
-0.04671911
-0.00000000
-0.03800863
-0.14714523
-0.00586459
0.02890777
-0.03949207
0.08063662
0.01471360
-0.00365016
-0.06936681
-0.06219999
0.03555615
0.08799705
-0.02792796
-0.05734040
-0.14160100
0.00288444
-0.10548461
0.07493153
0.04842376
-0.19755682
-0.01463054
0.07490845
0.06908254
0.00210308
-0.21348466
-0.18466891
0.01850104
0.00149377
0.03481961
0.04282196
0.03604599
0.00000000
0.08370101
-0.10486043
-0.03033452
0.10363787
0.00000000
0.01486011
0.03048721
-0.00000000
0.00657876
0.05837249
0.02229537
-0.03462953
-0.03457369
-0.03118499
-0.04079129
-0.06723771
0.03192040
0.05378023
0.01515476
0.05152677
-0.04796868
-0.01238686
0.03722075
0.05907297
0.10146698
-0.00480093
-0.01477657
-0.07465007
0.03273182
-0.01169416
-0.02284502
-0.00000000
0.04738938
-0.01723109
-0.12955824
0.01959379
0.00697465
-0.01152311
-0.00000001
-0.00075622
-0.05277098
0.05614181
0.09954465
0.03709949
0.03850054
-0.06800337
0.05780164
-0.01109148
0.03790980
0.08758110
-0.00743920
0.04145010
0.02635838
-0.15791482
-0.13479257
0.04742703
0.07093190
0.07036953
0.09443934
0.05494171
0.01648691
-0.07297847
0.04223901
-0.02867942
0.01257232
0.05703861
0.06698708
0.14640994
0.00000000
0.14113553
0.11126643
0.00000000
0.10211239
-0.09760934
-0.00304408
0.06286421
0.03936914
0.16044132
0.08019757
0.15050820
-0.15026166
0.18029481
0.04214202
0.09965645
0.04676484
0.06866117
0.02444432
-0.00609440
-0.01222939
0.10388622
-0.00006026
-0.02253968
0.06854048
0.12281843
0.00759504
0.00000000
0.00348510
-0.32509974
-0.09281439
0.09981202
-0.03820167
0.10481513
0.00000000
0.05748025
0.00957407
0.10401164
0.13438287
0.08774789
-0.02806969
0.08348209
-0.19662224
0.10622752
-0.37414029
0.05679671
-0.08328574
-0.14962167
0.07364438
-0.03463127
0.04619532
0.16579379
-0.14586248
-0.05484267
0.08281276
0.00274843
0.08651793
-0.04322981
-0.08305040
-0.00162166
-0.09792978
-0.26620746
0.03852516
0.16673577
-0.00000000
0.05926380
0.07562061
-0.00115405
0.06341836
-0.02331625
-0.13914657
0.17190690
-0.16875224
0.00107701
0.07215400
0.01213482
-0.12605652
0.08693122
0.05354955
0.24177596
0.14100698
0.15555206
0.15246361
-0.12004516
-0.11864401
0.12995967
0.02219906
-0.11183615
0.20106693
0.15408811
0.16422825
0.00000000
0.06985931
-0.21166842
-0.03449890
0.03341933
-0.00805708
0.03698638
-0.00073666
0.09541117
0.09547801
-0.04960652
0.14996924
0.18933168
-0.06582841
0.11776621
-0.22206354
0.01561575
-0.03731501
0.09953942
-0.11535331
-0.16624008
0.06544912
-0.06367057
-0.00144651
0.13328099
-0.06816319
-0.19257113
0.12178413
0.17501426
0.07416610
-0.05795533
-0.14187495
0.00000000
-0.01021053
0.05149004
0.09297740
0.01590982
-0.00000000
0.01878295
-0.02535465
-0.00002519
0.10874597
-0.00217024
0.11148886
-0.04702982
-0.00142465
0.07234439
0.06399473
0.02912698
-0.00492933
0.02120713
0.08861013
0.05454277
0.05231239
-0.06174494
-0.12734364
0.11547245
0.04792541
-0.10083667
-0.01285506
0.21705890
0.07462153
0.00683598
-0.10001585
-0.00000000
-0.13132253
0.04558644
0.08903153
0.15522236
0.04101329
-0.00663563
0.00000000
0.08688140
-0.10424611
0.13682452
0.06029502
-0.01712915
-0.01928874
-0.09523695
0.09714894
0.08057123
-0.02061307
-0.00313420
0.06674998
-0.05017835
0.00303418
0.16997106
0.10296465
-0.10979643
0.04039534
0.10540374
-0.06804480
-0.01505328
0.07958408
0.08874051
0.05737195
-0.01834094
0.03318079
0.05275985
-0.14018275
0.01255459
-0.00000000
-0.01030109
0.00961581
0.00849982
0.03665924
-0.02581614
-0.03724986
-0.02687478
-0.05056074
0.04334149
-0.04979453
-0.02146381
-0.09280432
-0.00461182
0.08996253
0.03150546
0.03781629
0.08141616
-0.01862451
0.03527496
-0.17586885
0.01373272
0.02745483
0.03704865
0.06413246
-0.01057501
0.04707849
-0.00000000
-0.00096508
-0.09347628
0.06011361
0.08110330
0.05052976
0.00506652
-0.00001529
0.01096107
0.09201907
0.00749555
-0.05936090
0.02277469
-0.06258123
-0.01196969
-0.23772508
-0.05982206
-0.10047378
-0.03191186
0.04483880
-0.21305133
0.06798097
-0.01942828
0.00676653
0.04472904
-0.18541194
-0.12742497
0.00767461
0.04222803
-0.01306039
-0.07935863
-0.10522646
0.00817278
-0.07527691
-0.15718162
-0.02617724
-0.01391787
0.00000000
-0.00327449
-0.01178153
-0.01144367
0.04561549
0.01071826
0.05074355
-0.05936489
-0.00305754
0.02465230
-0.05490147
-0.04695714
-0.16430590
-0.01663792
-0.02498151
0.00393861
-0.01538259
0.02505116
-0.06937331
0.03728033
-0.08756214
0.00543087
0.02647919
0.01974956
0.00889844
-0.07316146
-0.04490848
-0.00000000
0.04387734
-0.15837994
0.07630279
-0.04150561
0.03664047
-0.01714729
-0.00155496
0.01272936
0.03999282
0.02510122
-0.02254730
-0.01894524
0.08693853
-0.00019357
-0.12983212
-0.03273031
-0.21043560
0.04880568
-0.02867989
-0.15695509
-0.01332794
-0.05750310
0.08905989
-0.04661459
-0.16233282
-0.07197884
-0.00835422
0.05754241
-0.05197098
0.02827453
0.05127387
-0.00609281
0.04951631
-0.11945868
-0.05885903
0.06717826
-0.00000000
0.08300900
-0.06181245
-0.00000041
0.03497008
0.05154566
-0.02763877
-0.01423417
0.07195231
0.01656138
0.02770239
0.08390773
0.00411093
-0.03806600
-0.06449927
0.04379633
0.09907041
-0.08674685
-0.06845190
-0.06219321
-0.02431690
0.06568871
-0.02403985
-0.01388975
-0.04976146
0.07684513
-0.02597984
-0.00000000
-0.06286926
0.02751307
0.03483734
0.06574908
-0.05137500
0.02849515
-0.00589033
0.05647424
0.01009157
0.12352018
0.01796746
0.08289901
-0.05153854
0.01812892
0.07851739
0.07855583
-0.04771931
0.14225845
-0.04835064
-0.03076119
0.03300285
0.05325813
-0.03568240
-0.04168783
-0.02631343
0.11769902
0.02744693
0.07704732
0.05447320
0.07954013
0.08319525
-0.02058319
0.00849757
0.10245919
0.07459611
0.19736919
-0.00000000
0.26687878
0.24900274
0.00000000
0.09117906
-0.59751868
-0.13372259
0.16771165
-0.22452280
0.14637175
0.33451429
0.19683865
-0.59725183
0.17543440
0.14195751
0.27082506
0.35953540
0.17196873
0.20332490
-0.13935314
-0.37310976
0.24868003
-0.01929336
-0.07567273
0.25369599
0.24496819
0.12894824
0.00000000
0.19803484
-0.75077802
-0.16095479
0.07405398
-0.24643311
0.20198964
0.00000000
0.27930006
0.22077627
-0.01365730
0.30213255
0.28023720
-0.23817822
0.29492846
-0.60208094
0.11514046
-0.75225699
0.24396120
-0.28422901
-0.59229469
0.19795159
-0.16809918
-0.22525807
0.24451280
-0.67867690
-0.41463777
0.22251762
0.12175657
0.23861688
-0.20969774
-0.32255220
-0.00000000
-0.16026162
-0.58778566
0.25031054
-0.01371816
0.00000000
-0.10756345
0.01018780
0.00000000
-0.01979013
0.11916759
0.00174637
-0.04995200
0.11883479
0.02565725
-0.02067847
-0.01296628
0.10866499
-0.09770403
-0.03438917
0.01977008
0.05218043
0.01746355
-0.02513793
0.06274992
0.02926918
-0.16264558
0.00207176
0.04160848
0.03598499
0.00449766
-0.08559317
0.00000000
-0.11497256
0.15845567
0.07320871
0.05339079
0.05958298
-0.02416191
0.00000000
0.00885659
0.00383860
0.05568244
-0.03306889
0.05082648
0.07403044
0.00625481
0.07894036
-0.00750774
0.05857522
0.05484716
0.02978282
0.09447024
-0.00118693
0.11603878
0.04464809
-0.11002626
0.04556481
-0.01053759
-0.10139176
-0.04495350
-0.06742109
0.16844258
0.13326785
-0.00000000
0.14081520
0.09657619
-0.16000478
-0.16028307
-0.00000000
-0.02480408
0.00231362
-0.00000000
-0.00661816
0.08594368
0.03828415
-0.08697120
0.05195725
-0.10963929
-0.07889409
-0.10863877
0.02676084
-0.17975745
0.02071266
-0.08359842
-0.04598505
-0.03612086
-0.12389266
0.11354372
0.04593451
-0.09256272
0.02983324
0.11178102
-0.08466408
0.01200867
-0.07044041
-0.00000000
-0.15331791
0.03851359
0.11658399
-0.14946908
-0.08325375
-0.07115952
-0.00000000
-0.09338056
-0.00926247
-0.02013780
-0.02783595
-0.19069564
0.00336922
0.00599613
0.00037991
-0.06906781
-0.03552112
-0.01215778
0.14198960
0.00630650
0.00909615
-0.00259126
0.02094869
-0.10080859
-0.04033655
0.06301756
-0.08272348
-0.04878434
-0.09811478
0.10423035
0.09243225
-0.00630347
0.04583224
0.02127331
-0.06307305
0.14329919
-0.00000000
0.11202623
0.02966465
0.00006209
0.12889729
-0.10748736
-0.02583741
0.12028610
0.02825403
0.04374710
-0.00421396
0.03637474
-0.18114695
0.13513991
0.01640277
0.02970733
0.05752374
0.07840832
0.11335724
-0.00237135
-0.01618186
0.11476752
-0.00040442
0.05594650
0.13656674
0.01072819
0.09665841
0.00000000
0.05403928
-0.26199380
0.04188053
0.19005695
-0.00989872
0.14435768
-0.00000002
0.03576903
0.04153489
0.04967685
0.13591072
0.06209792
-0.01050163
0.03829519
-0.05478475
0.06205881
-0.30030432
0.03704259
0.03932198
-0.26105177
0.01739933
0.03147326
-0.07410844
0.09015507
-0.25666103
-0.02871678
0.05457726
0.05640386
0.00590886
-0.06644837
-0.05329904
-0.01040539
-0.04938221
-0.28540722
0.12933642
0.08899502
-0.00000000
0.14728302
0.13946645
0.00000000
-0.00476959
-0.01387956
-0.07770171
0.03734973
-0.07244588
0.04974273
0.20378128
0.06066788
-0.00000559
0.06015861
0.07615584
0.15328239
0.16301924
0.14700030
0.08733611
-0.01607222
-0.02300503
0.15991060
-0.00570676
0.05993137
0.09606679
0.02840447
0.17908159
-0.00000000
0.11373398
0.02033865
-0.06914327
0.23668365
-0.04028319
0.11532518
-0.00000140
0.11264092
0.09435616
0.07245670
0.09764983
0.13115336
-0.06456016
0.10786460
0.03520196
0.07338294
0.00993899
0.05645619
-0.05841377
-0.01397356
0.13310970
-0.11520067
0.00437844
0.13293278
0.01635538
-0.06895865
0.14907807
0.19849163
0.03819679
0.01766613
-0.13746727
-0.00072535
-0.07195532
0.02436805
0.16949828
0.15016235
-0.00000000
-0.00394787
-0.00481273
0.00069880
0.05395163
0.11722406
0.06856620
0.12369000
-0.07843486
0.15087916
0.04072873
0.01926858
0.00020821
0.01721649
-0.15503792
0.00845698
0.11663658
0.14414695
0.08077771
-0.06554133
0.08110949
-0.03669324
-0.03974815
-0.03298410
0.08768351
-0.03903026
0.01787912
0.00000000
0.05516117
0.10935722
-0.06890690
-0.02539260
0.00643716
0.09416063
-0.00000001
0.01042238
-0.01632315
0.04284957
-0.01900263
0.11305646
-0.01141927
0.02269472
0.00092261
0.11600590
0.02427054
0.03050368
-0.02080450
0.04920637
0.01525364
-0.06023189
0.04836810
0.02267878
-0.08008771
-0.06326120
0.08954522
0.04209340
0.05940991
-0.05499769
-0.08575033
0.02004858
0.04486323
-0.17141619
0.10221925
0.34593982
-0.00000000
0.34410900
0.28675091
0.00000000
0.15271342
-0.14021829
-0.15543899
0.23245582
-0.16036530
0.29494065
0.32075983
0.21966289
-0.18530124
0.30520913
0.39943081
0.30335099
0.22958864
0.34567222
0.17315683
-0.24334949
-0.22863738
0.23510550
-0.00232758
-0.23270977
0.36807165
0.33654687
0.18723825
-0.00000000
0.15744479
-0.29413232
-0.36474827
0.16597775
-0.25620595
0.38710773
-0.00000000
0.35365111
0.21508735
0.05752957
0.29733890
0.19200988
-0.14255276
0.28979546
-0.22631510
0.18006864
-0.25732371
0.24790573
-0.36084643
-0.13688441
0.27475077
-0.20852931
-0.40298054
0.05454855
-0.26973185
-0.18356396
0.31031391
0.23426442
0.34454501
-0.18970804
-0.30939537
-0.01472690
-0.35342360
-0.18197997
0.13203539
-0.06846657
-0.00000000
0.09923530
0.07412971
0.00296681
0.04398067
0.04322887
0.05813121
0.01819690
0.07385121
0.03339910
0.03720281
-0.07776181
-0.11538795
0.09111911
-0.05213158
-0.02837171
0.04408822
0.06910843
0.03978013
-0.05758591
0.10628455
-0.05402364
0.00042502
0.02592148
0.05627240
0.09358558
0.08453229
0.00000000
-0.04737665
-0.14279410
-0.01541065
0.09140225
-0.01204480
0.03538258
-0.00216678
0.04257859
0.07011060
0.00539418
0.07913260
0.02457674
0.01486041
0.00245225
0.11980165
-0.07479116
-0.11242934
0.08599444
-0.05144773
-0.05122337
0.09147856
-0.05235327
0.03974736
0.08992188
-0.00798763
0.07017542
-0.01572244
-0.03619255
0.00787783
-0.04752747
-0.04810250
-0.00014727
-0.04764020
-0.14655802
0.03709842
-0.08385786
-0.00000000
-0.05041534
-0.05793656
-0.00000020
-0.03067851
0.10305387
0.00381288
-0.05443562
0.16082522
0.03014462
-0.05687641
0.02482718
0.08353205
0.02189528
0.00336579
-0.02663177
0.03288541
-0.01468372
-0.13595025
0.14172336
0.15667506
-0.03439670
-0.01622377
0.04685074
0.04367014
0.07715827
-0.05752475
-0.00000000
-0.19826084
0.10064580
0.11546889
0.01507829
0.04116066
0.02500432
-0.00000000
-0.05906984
-0.05808681
-0.01080588
-0.00869376
-0.04132862
0.07499538
0.01009114
0.02498914
-0.07678434
0.05966502
-0.02924434
-0.03507612
0.06777217
-0.03943572
0.01477451
0.10364168
-0.11083163
0.05205164
0.07298352
-0.07225619
-0.04686483
0.04179334
0.06424048
0.15252720
-0.01057226
-0.00563008
0.05187304
-0.03148792
0.11217479
-0.00000000
0.06289603
0.09341111
0.00033061
0.12152388
-0.14436963
-0.00256552
0.02679382
-0.00179603
0.02828649
0.13925862
0.06646936
-0.01968395
0.09089613
-0.08759668
0.13461611
0.16790769
0.05292694
0.03328585
0.05120115
-0.11848013
0.07060683
-0.02445756
-0.03338803
0.12230960
0.10946047
0.08197138
-0.00000000
0.04482135
0.05868649
0.01225713
0.15467626
-0.04687482
0.14142209
0.00000000
0.14374068
-0.02245607
0.06374768
0.12222832
0.09264684
-0.03052893
0.04126016
-0.03049502
0.09977125
0.01253111
0.07348497
-0.04721805
-0.04294887
0.14863478
-0.13793959
0.09777198
0.02873528
-0.11483929
-0.14329812
0.03926443
0.05646672
0.05938937
0.01988790
-0.10090048
-0.00105351
-0.06806816
0.08534070
0.02085919
-0.15726933
0.00000000
-0.07314814
-0.11743713
-0.00000121
-0.02591888
0.02223128
0.09114711
-0.07953493
0.00426589
-0.10166367
0.00279584
-0.04499874
-0.02122568
-0.05193087
0.01769943
-0.08563855
0.00793188
-0.13066632
-0.13733563
0.07041962
0.04027593
-0.04904801
-0.00225054
0.01893844
-0.03017559
-0.11334611
-0.02540708
0.00000003
0.02839773
0.01409423
-0.00588464
-0.01968012
0.09293047
-0.07314394
0.00000000
-0.05644287
0.03069637
0.02402817
-0.08790836
-0.02648619
0.02301587
0.06376206
0.08825994
-0.15385069
0.09494965
-0.11930813
0.12754402
0.08503583
-0.11078101
0.04562318
0.05652927
0.09361840
0.06096013
0.06496569
-0.03491169
-0.05272881
0.02547609
0.12580292
0.04482551
0.02130896
-0.02040344
0.01705698
0.04712291
0.05198066
-0.00000000
-0.02743338
-0.04622440
0.01083513
0.00024720
-0.07000323
-0.04853405
-0.05449641
-0.01297965
0.02475665
-0.06982074
-0.07632521
0.01148171
-0.04126725
0.08118248
-0.02126951
0.05420759
-0.02970546
0.04349719
-0.01723905
0.01235691
-0.02211976
0.01091857
0.08663996
-0.01832480
0.09021896
-0.02999206
-0.00000000
0.02437657
-0.12017455
0.00048974
0.09984531
0.07964039
0.02307387
-0.00923587
0.02115403
-0.03076367
-0.04420987
0.00560381
-0.03401642
0.08138268
0.08803758
-0.03780128
0.01399898
-0.00943200
0.02196331
-0.04288111
-0.05042270
0.08722332
0.02890329
0.07024819
0.00813909
0.02657409
-0.00185185
0.01205555
0.04945568
0.04993383
0.04998080
0.04666284
0.01118011
-0.00313867
-0.09391184
0.01874884
0.14745735
-0.00000000
0.03031125
-0.01914115
0.00000000
0.04487845
-0.46158022
-0.05043508
0.12363860
-0.19300888
-0.00100877
0.03614430
-0.04356874
-0.22270116
0.02272021
-0.02441528
0.01269533
0.05441799
0.11280463
0.12627544
-0.00610002
-0.28360224
0.03608324
-0.00151709
-0.21842426
0.09221565
0.05949319
0.13290861
-0.00000000
0.02203664
-0.11665074
-0.06794400
0.00393250
0.06206544
0.11564615
-0.00000000
0.13816990
0.00275796
0.04821806
0.03776174
0.04949481
-0.06822361
0.02430726
-0.31918555
0.12701468
-0.02991163
0.02624605
-0.00882545
-0.12537479
0.04440956
-0.11141136
-0.10604671
0.04132049
-0.20736328
-0.26966479
0.15221493
0.12060189
0.12841465
-0.08377477
0.01196932
0.00193598
-0.03279858
-0.01015551
0.15718304
-0.02999550
0.00000001
0.09408764
0.02651184
-0.00000082
-0.09463803
0.03452153
-0.07893360
-0.02375461
0.00645633
0.07486822
-0.06136356
-0.03689262
0.09568793
-0.04626699
0.07338089
0.02033603
-0.08053970
-0.07613886
0.03233123
0.06809508
0.01052025
0.02339898
-0.07726102
-0.09936531
-0.03644412
-0.02886043
-0.05573012
0.00000000
0.05703297
0.08484793
-0.16543864
0.06501246
0.00883386
-0.01959527
0.00000000
-0.01401370
0.02105491
0.02684058
0.00256937
-0.07751698
-0.00369959
0.04992565
-0.01983525
-0.03908540
-0.03633641
0.09388796
0.03467481
0.00005892
-0.08124255
-0.04836806
-0.01896631
-0.02065287
0.03069758
-0.02893613
-0.04812806
0.04418113
-0.07631434
-0.05340404
-0.02890198
0.00585629
-0.05596564
-0.00540164
0.00451476
0.09472327
0.00000000
0.06328658
-0.03236952
-0.00000000
0.00581068
-0.01384142
-0.04288057
0.02942615
-0.00071472
-0.00297748
0.01406287
0.03968174
-0.00285235
0.02193029
-0.09105940
-0.04507130
0.04914630
0.07230830
0.04244565
0.02832598
0.00452431
0.07869907
0.00777542
-0.12319704
-0.00393084
0.02476151
0.00371885
0.00000000
-0.00968830
0.01754777
-0.09274254
-0.02718096
-0.10357260
0.03990845
0.00000000
-0.02013228
0.06553680
-0.01826879
0.03801956
-0.06068906
0.05401792
0.06945787
-0.01468602
-0.03469263
0.05117536
0.07011245
0.04664169
-0.01572545
-0.05061252
-0.05408371
-0.10418490
0.09596500
0.01358488
-0.04639878
0.04198036
0.02058966
0.05764623
-0.16272102
-0.04522039
0.04190329
-0.07290690
-0.10624780
0.03959019
0.08224270
-0.00000000
0.09002169
0.00643611
0.00000742
0.05313326
0.03892694
0.06088321
-0.00971952
-0.01892898
0.00520646
0.04703386
-0.01434956
0.04913253
-0.04852895
0.07620137
0.07133228
-0.00428897
0.07099807
0.02424242
-0.04872577
-0.00388984
0.03069859
0.03517690
-0.10779247
-0.05376071
0.12439661
-0.02053402
-0.00000000
-0.08477027
0.10653206
-0.05120042
0.03534039
-0.00386771
0.04689442
0.00000000
0.08614482
-0.07022617
0.07770069
0.01296585
0.02787352
0.02440885
0.05372860
0.04284125
0.05781983
-0.00822929
0.09611300
-0.06641480
0.05643289
0.02474499
0.03209300
0.01125281
-0.02203444
-0.06304753
-0.04432475
0.00989618
-0.06154136
-0.02257882
0.02052112
0.01818307
-0.01928027
0.05515276
0.03002229
0.02496892
0.02669527
-0.00000000
-0.00477761
0.02041781
0.00290721
0.00545490
0.16842875
0.05316142
-0.03276512
0.03415263
-0.05234077
-0.02404819
0.05466390
0.12119784
-0.04313889
-0.10794663
0.04393537
-0.01339938
0.02266634
0.06849988
0.01735523
0.10722615
0.00941378
0.00056905
0.01010928
-0.05660270
0.04571826
-0.03585904
-0.00000000
-0.02141929
0.07273778
-0.03051248
0.06838069
-0.01882650
-0.08295023
-0.00685638
0.05106802
0.07717989
0.00607427
-0.02168134
0.06404056
0.00520985
-0.10957075
0.22527044
-0.08105108
0.09968532
0.05612037
0.03973310
0.10842659
-0.08391189
-0.07474319
-0.10077798
-0.12440254
0.08677658
0.11524022
-0.00052568
-0.02502658
0.00642141
0.04816422
0.04972870
0.00406991
0.09505044
0.15358505
-0.04875856
0.08007886
0.00000000
0.06291783
0.03581007
-0.00000000
0.00671615
-0.28327969
-0.24028280
-0.03212681
-0.04263397
0.00047410
0.07214545
0.10639770
-0.21436256
-0.00377113
0.11810177
-0.00420350
0.12165886
0.13600987
0.08673397
0.00223705
-0.12542315
0.07405375
0.00002554
0.02151535
0.04893486
0.07378690
0.06303348
-0.00000000
-0.00957677
-0.14450802
-0.03790559
-0.06132983
-0.03193130
0.12742241
-0.00000000
0.09875073
0.02162806
0.03593041
0.07519504
-0.03023346
-0.09941891
0.18145704
-0.29077592
-0.02639535
-0.18240960
0.02355123
-0.08931047
-0.24569449
0.11632843
-0.14607601
-0.08269492
0.03146764
-0.22726485
-0.21581975
0.01849047
0.02769195
0.11285975
0.04796189
0.00016007
-0.00070306
0.00546936
-0.12187620
0.01370403
0.13460265
-0.00000000
0.02935793
0.08452231
-0.00000000
0.17406054
-0.28196636
-0.03239761
0.14400057
0.00679772
0.16623025
0.13156056
0.04091100
-0.35130087
0.03776803
0.08445381
0.06871274
0.17002204
0.09309604
0.18273564
0.01980408
-0.27080899
0.09587765
-0.00678320
-0.00154551
0.11131638
0.13869740
0.20147529
0.00000000
0.13880901
-0.56268853
-0.02762029
0.09199664
-0.03972311
0.15790731
-0.00000000
0.03738158
0.02869166
0.01499890
0.18686943
0.12318163
-0.18410662
0.12693261
-0.42350489
0.00449327
-0.42429653
0.05500771
-0.05498077
-0.50954205
0.13420299
-0.04168728
-0.02684235
0.08007655
-0.55061466
-0.24201305
0.14983255
0.14120091
0.17789750
-0.00409268
-0.08189818
0.00000000
-0.01528871
-0.47228247
0.15383825
0.18058747
-0.00000000
0.16772941
0.21144912
0.00000000
0.17470098
0.00799261
-0.19411209
0.08989430
-0.17271854
0.28480101
0.19860291
0.24453168
-0.04027659
0.20446360
0.16826557
0.22293831
0.13408023
0.29255611
0.13215715
-0.15902287
-0.05864833
0.12668318
-0.00085414
-0.31840736
0.16128655
0.28542498
0.18827489
-0.00000000
0.18328415
0.01384282
-0.67762202
0.13646585
-0.17565784
0.27216065
0.00000000
0.14961261
0.31510118
0.00514672
0.22426015
0.24216799
-0.17670263
0.16884853
-0.04065898
0.16165803
-0.11750862
0.21899690
-0.22157933
-0.15482208
0.19506282
-0.30064759
-0.33737737
0.24275525
-0.13076098
-0.07144763
0.10415232
0.15434112
0.28545961
-0.11360691
-0.27588645
-0.00000000
-0.23595481
-0.03298402
0.07655688
0.03939075
-0.00000000
0.00170429
-0.04851998
-0.00001694
0.04294152
0.03680940
-0.06380564
-0.01005012
0.08093111
-0.08778480
0.06985225
-0.05264173
0.00450092
-0.05644647
0.03467034
0.05208156
0.06312880
-0.03189146
-0.06722271
0.06536238
-0.08653336
0.06764828
-0.05819136
0.03608508
-0.02455183
0.04731276
0.02650104
0.00000000
-0.05948780
0.06177609
0.10676810
0.08000486
0.03924271
-0.06588709
-0.00104639
-0.01935383
-0.00877667
0.02029241
-0.00380428
-0.05146997
0.10187761
-0.08642835
0.09880580
0.06204900
-0.02321228
0.06139341
0.05233230
0.01886587
0.07056325
0.08599982
0.09034237
0.08318244
0.00434108
-0.01527336
-0.04462024
-0.04665025
0.03628567
0.03064557
0.02692997
0.03813672
0.08956004
-0.01167627
0.02393179
-0.12336191
0.00000000
-0.15831746
-0.16639861
-0.00000000
-0.15179080
0.02253016
0.18476096
-0.17449841
0.17543708
-0.10478484
-0.22202447
-0.06903403
0.10247432
-0.21906111
-0.03078336
-0.17564142
-0.10521988
-0.15247697
-0.16191430
0.08904064
0.07210438
-0.07689518
-0.01075440
0.04721585
-0.15949355
-0.13313407
-0.19902255
0.00000000
-0.16881095
0.00132396
0.03053584
-0.16102740
0.12105973
-0.12213443
0.00000000
-0.13711853
-0.11427896
-0.08587916
-0.15078957
-0.16028681
0.13720213
-0.13657327
0.08881976
-0.09995673
0.04762965
-0.14344859
0.16706476
0.09918811
-0.08149157
0.12385423
0.16456270
-0.08474293
0.07260008
-0.00027634
-0.06673026
-0.19812854
-0.06996947
0.12024544
0.14684561
-0.00007331
0.14555976
0.01417461
-0.18530814
-0.07207937
-0.00000000
0.08840967
0.06832510
-0.00124514
0.08595204
0.06701378
-0.05361510
0.05308124
0.03733528
-0.09512846
0.05860075
-0.03550042
-0.00891922
0.07655406
-0.00955725
-0.01944765
-0.02397786
0.05555836
0.05103560
-0.06075316
-0.03932208
0.06154039
0.02012572
-0.00188214
0.06421434
-0.04814703
-0.02632744
-0.00000000
-0.07265940
-0.04588147
-0.01633416
0.10779596
-0.02585002
0.11393219
-0.00177849
-0.09453537
0.07850878
0.01748320
-0.04783601
-0.05087546
0.08750629
0.02689450
-0.04001919
-0.00384705
0.00597620
0.00815711
-0.08066038
-0.09951781
0.08302695
-0.00732839
0.01263109
-0.00454121
0.06076860
-0.04295172
0.06843766
0.02658862
-0.08232976
0.07450780
-0.03018015
0.01514402
0.01189269
-0.01032567
0.08299821
0.21835281
-0.00000000
0.11076948
0.18396813
0.00000000
0.11086674
-0.11477704
0.00657288
0.12250206
-0.14574370
0.21187395
0.15627763
0.19207557
-0.14981242
0.02126700
0.05158491
0.11433057
0.13492720
0.08947694
0.16823931
-0.05297244
-0.25307614
0.11835688
-0.00541362
-0.02097365
0.12870520
0.13846835
0.20051828
-0.00000000
0.08780873
-0.17225890
-0.13119267
0.21020606
-0.03520066
0.15870939
-0.00000000
0.14476673
0.11984847
0.02448492
0.20320188
0.14029907
-0.05898457
0.10177891
-0.06391472
0.06737890
-0.21030775
0.18435411
-0.07319190
-0.17428525
0.09647141
-0.13139059
0.01449786
0.11754486
-0.21452084
-0.03839122
0.20204812
0.21388632
0.16731878
-0.07995883
-0.03178627
-0.00000000
-0.04382159
-0.11760736
0.04723042
-0.06804860
0.00000000
0.01895215
0.01185615
0.00027322
-0.01529713
-0.00447851
0.06017202
-0.08505634
0.08837271
-0.06469074
-0.05696685
-0.10277054
-0.00735214
-0.13336961
-0.06884740
0.00597108
-0.06167038
0.03913448
-0.05678455
0.05493283
-0.03989549
0.01573278
0.00673209
0.02032507
-0.10327211
-0.08131135
-0.01886478
-0.00000000
-0.12305220
-0.07520575
0.09388851
-0.06345116
0.02938415
0.04072845
-0.00441298
-0.09329718
-0.10796749
0.05085840
-0.14353542
-0.10053892
0.02413985
-0.03287803
-0.02780055
-0.00424965
-0.07099448
-0.13432130
-0.01399869
-0.02139557
-0.08681792
0.06556630
0.06029049
-0.08173344
-0.12553178
-0.00627321
-0.07870473
-0.10984782
-0.01211126
0.11098780
0.06830045
-0.00000000
0.12166851
-0.02898464
-0.00017349
0.13011867
-0.00000000
0.10683069
0.12647822
0.00000007
0.09517409
0.04364585
-0.12198925
0.16764277
-0.04136937
0.24042235
0.13511568
0.18377407
0.08724928
0.13951714
-0.08723926
0.15643694
0.20699926
0.08092184
0.10854616
-0.15008032
-0.00485357
0.17635001
-0.00058167
-0.13334742
0.25556019
0.14842126
0.05200327
0.00000000
0.24476172
0.09233158
-0.18306735
0.18976884
-0.00977482
0.11287383
-0.00000306
0.13482419
0.08600885
0.07418100
0.16244403
0.19502930
-0.06050674
0.00444254
0.08733686
0.14262761
0.06206573
0.19530261
-0.06826751
0.02466420
0.05117605
-0.20188457
-0.10088551
0.19500822
-0.00275639
-0.02276533
0.06223284
0.21815899
0.16411203
-0.13251574
-0.16575870
-0.00000512
-0.09374651
0.02752018
0.10378523
-0.05625362
-0.00000000
0.03213484
0.03447573
-0.00000000
0.06332260
0.08009975
0.03418253
-0.01063831
0.02493448
0.02978306
-0.08243472
-0.05248683
0.02304310
-0.00993988
-0.05921483
0.02846782
-0.03423223
0.05776187
0.05204251
0.02163052
0.08611943
-0.01746542
-0.02395128
0.02672109
-0.06466855
-0.07967995
0.04604078
-0.00000000
-0.05362392
0.05891858
-0.07486860
0.04716632
-0.01568486
-0.00958601
0.00000000
0.00305579
-0.03743220
0.05795073
0.08293005
-0.08395268
-0.00861803
-0.06398498
-0.02947432
0.00557150
-0.02321225
0.00204974
0.09684487
0.10609321
0.05028553
0.00894938
-0.02971736
0.04301873
0.01033249
-0.03828640
0.02560911
0.01468813
-0.06771811
0.07825972
0.04980300
-0.00005283
0.08316800
0.07426809
0.08994266
0.00195881
0.00000000
0.03649022
0.03960347
-0.00000000
-0.01085865
-0.21742691
-0.16915740
0.02361633
0.05091890
-0.03675450
-0.02795446
0.08253805
-0.22731954
0.05448600
-0.01954120
-0.00317503
0.00280875
-0.01662000
0.03164317
0.09997533
-0.21808062
-0.01120162
-0.00024378
-0.02977773
0.06313521
0.05018610
-0.00310783
0.00000001
0.00119622
-0.08198538
0.05203487
-0.02809038
0.06561648
-0.05249481
0.00000000
-0.05817118
0.02980809
-0.04555133
-0.01573097
-0.05381947
-0.05900394
-0.01980021
-0.27277553
-0.02371705
-0.17403252
0.00515897
-0.00388288
-0.20105888
0.02592320
-0.03155698
-0.00618391
-0.02566522
-0.19807859
-0.33724043
0.05631247
0.07840473
0.01122003
0.12933038
0.09371243
0.00443894
0.07270597
-0.07931016
-0.07579114
0.07549111
-0.00000000
0.12463485
0.00247254
-0.00002903
0.07660642
-0.00005651
0.07977487
-0.01877705
-0.00274173
0.02380760
-0.00183201
0.05739391
0.01647840
-0.05158733
0.00178931
-0.05641286
-0.02060508
-0.06299546
-0.00662833
0.02484992
0.00855713
0.09266847
-0.04919207
-0.05434191
0.07587232
0.07619799
-0.04300387
0.00000004
0.02667720
0.04084440
-0.09333848
0.11475816
0.05029208
0.02413312
0.00000000
0.06953450
0.00811095
0.07185294
-0.06701145
0.00030060
-0.04083000
0.07513241
0.03134833
-0.08797816
0.04500853
-0.02048545
0.03865217
0.01857439
0.05845939
-0.05608849
-0.10539155
0.00808123
-0.05459924
0.03353718
0.07846953
0.01506133
-0.02974106
0.11246987
0.01406496
0.04075702
0.03878652
0.07428272
-0.07397540
-0.03647552
-0.00000000
-0.04918877
-0.01921136
-0.00523149
-0.07304654
-0.15861647
0.07494874
0.06795160
0.04109022
-0.08334699
-0.02782803
-0.01947614
0.08148833
0.04785550
0.00283184
-0.03358801
0.01038492
-0.02620823
-0.01468272
-0.07329500
-0.01363569
-0.01451225
-0.00587736
0.10381000
0.04508939
-0.07893117
-0.03971238
0.00000000
0.05912749
-0.06363951
0.01943051
-0.04935281
-0.00616513
-0.00813858
-0.01770860
-0.04021151
0.01575640
0.02155619
-0.01869521
-0.02417565
0.01005045
-0.00188257
0.07514345
-0.01792386
-0.00308414
0.05384389
-0.00425237
0.01264702
-0.06247504
0.06337601
-0.03054392
0.00537228
-0.03220013
0.08397640
0.06412178
0.03788263
0.00552001
0.03220830
0.08369708
-0.00217082
-0.00037874
0.02614859
0.02141085
-0.18318520
0.00000000
-0.10682976
-0.15493211
-0.00000000
-0.04800803
0.15142871
0.15368851
-0.14530112
0.22226587
-0.19788660
-0.06414840
-0.16567862
0.08075533
-0.17814079
-0.04246674
-0.02762113
-0.08253092
-0.05294470
-0.07841061
0.12333509
-0.06019570
-0.15631050
-0.06769988
0.12382762
-0.10195562
-0.20363003
-0.07604523
-0.00000000
-0.04578167
0.13557185
0.04229293
-0.01424650
0.16207567
-0.11261024
-0.00000000
-0.16640815
-0.06330853
-0.01612262
-0.13134882
-0.12475806
0.20015717
-0.10676360
0.05772055
-0.05465061
0.15402097
-0.08428720
0.08501958
-0.00792270
-0.10602386
0.06416167
0.20638700
-0.11608051
0.11973885
0.06655820
-0.07359903
-0.11729382
-0.12486187
0.16362564
0.11814351
0.00000000
0.20781720
0.10409792
-0.06122983
-0.16447178
0.00000000
-0.11929618
-0.18358119
-0.00000000
-0.07150672
0.16539040
0.14073223
-0.13011616
0.06635384
-0.13121291
-0.10851980
-0.16043131
0.11395595
-0.18830547
0.02159659
-0.03117320
-0.14652865
-0.10639706
-0.21031640
0.12651587
-0.00687960
-0.08308432
-0.02737883
0.08778504
-0.16891503
-0.07950496
-0.09611050
0.00000000
-0.15848084
0.14318757
0.05844057
-0.15148430
0.01043525
-0.21315379
0.00000000
-0.07528162
-0.06713448
-0.11330001
-0.11172932
-0.13869846
0.11692672
-0.18052408
0.07690228
-0.20751831
0.10270280
-0.11755282
0.11278412
0.14219673
-0.17546935
0.15100832
0.06304946
-0.08655618
0.08154937
0.01243967
-0.09861731
-0.18234898
-0.19902776
0.12881383
0.04283523
0.00000000
0.18514407
-0.05354805
-0.05347282
-0.14804174
0.00000000
-0.03290733
-0.05288313
-0.00000114
-0.11504982
0.10964251
-0.00318427
-0.08114954
0.00332508
-0.11114546
-0.00863651
-0.04723717
0.05011282
-0.06374531
0.07206276
-0.08071766
-0.04248692
-0.16970544
-0.18766159
0.01328675
0.09320014
0.05812494
0.00560750
-0.00916161
-0.11478447
0.02680545
0.01912745
0.00000000
-0.01739152
0.02255943
0.03647481
-0.12320551
-0.09160472
0.00923127
0.00000066
-0.07120711
0.06274813
-0.03743540
-0.10985927
-0.06830751
0.00341702
-0.07933598
0.02129770
-0.11999622
-0.06383412
-0.08997270
-0.03370230
0.08703092
-0.06845208
0.03582760
-0.00499445
-0.14558527
-0.01818992
0.03043551
-0.09911590
-0.07387864
-0.04594582
0.02222932
0.00510524
-0.00664542
0.05405300
-0.20693696
-0.16758667
-0.00753216
-0.00000000
0.04716143
0.05891267
-0.00738088
-0.00858848
-0.03257496
0.01785286
0.03179136
0.06566517
-0.02889203
0.03360047
0.04131947
-0.03323037
0.04084391
-0.11099767
0.01963384
0.03035371
0.06484225
0.01178938
-0.03590547
-0.05223243
0.04873637
-0.01201340
0.07108716
-0.04440016
0.04084753
-0.03625251
-0.00000000
-0.04167094
0.04255279
0.05701249
0.07654192
0.01169550
0.06592725
-0.02113185
-0.03690696
0.06480075
-0.03742090
0.06762577
0.03999490
0.04908793
-0.05431077
0.00916610
-0.04666245
0.00296278
0.06536391
-0.01857300
-0.08861172
-0.07384190
-0.06515325
0.09654657
-0.08245583
0.00155576
0.03629960
-0.02958841
0.08941731
-0.01556203
0.03185625
-0.01892716
-0.01964968
-0.01645138
0.13102946
-0.04082593
-0.09279963
-0.00000000
-0.02281304
-0.06217308
-0.00003390
-0.02414206
-0.04441618
0.00650739
-0.10361253
-0.01991792
0.02757316
0.03051278
-0.13244833
0.05344151
-0.10254800
0.12707448
0.03924672
-0.03371355
-0.04595501
-0.02086022
0.02283611
-0.07095847
0.03169618
-0.04796413
0.01455824
-0.05213642
0.02873865
0.04189762
0.00000000
-0.11880112
0.00898366
0.03497391
-0.07463297
0.05194806
-0.10138652
0.00000061
-0.08148833
0.06162666
-0.10275299
-0.00546116
-0.10049484
0.10567067
0.07370479
0.01374240
-0.06953177
0.01318214
-0.07642567
0.07218684
0.05558688
0.03356535
0.02267632
0.04081630
0.04531848
-0.00101308
0.03196609
-0.07365171
-0.00511376
0.03528700
-0.05091660
-0.03048696
0.00303658
-0.00672084
0.02061548
0.01233970
0.30866456
-0.00000000
0.22184128
0.30432755
0.00000000
0.26707581
-0.06388851
-0.26133591
0.40674007
-0.21333216
0.27126384
0.28912544
0.30655369
-0.17012277
0.34323058
0.22780550
0.36260092
0.33246538
0.33641282
0.31876424
-0.15726142
-0.06605082
0.26815546
0.02320036
-0.15152524
0.42319745
0.31695539
0.37574521
-0.00000000
0.41975299
-0.17396851
-0.28821689
0.26624334
-0.16548748
0.37684199
-0.00000000
0.29825485
0.17928447
0.05379021
0.27571404
0.32847714
-0.32629168
0.21620862
-0.18504038
0.24412805
-0.04466314
0.26376137
-0.29315007
-0.14095446
0.27478847
-0.32441211
-0.33203214
0.29414353
-0.19820219
-0.20426391
0.33755061
0.28887790
0.31168988
-0.12763557
-0.12531716
0.00127604
-0.21171999
0.08290171
0.35730392
-0.02133383
-0.00000000
0.07976475
-0.04428426
-0.00000000
0.07821335
0.05186845
0.02802595
-0.06215115
-0.01963600
0.04496479
0.05183902
-0.03700664
-0.03646879
-0.01276075
0.04333981
0.04812426
0.02809179
-0.07730651
-0.03588100
-0.04168835
-0.06459711
0.09533824
-0.04019957
0.00377835
-0.01655108
0.11213007
0.00142563
-0.00000000
-0.04707512
0.10587421
0.02558094
0.04430629
-0.06493092
0.02914039
0.00000000
0.10947848
0.00044145
-0.03666438
0.01770684
0.02896020
0.05216197
0.12620303
-0.03869690
-0.00404013
-0.03684803
-0.02296966
-0.00937169
0.07655776
-0.09952050
0.08397303
0.09697112
0.12342970
0.00790178
-0.05815537
-0.05772134
0.05899854
0.06926859
-0.02875252
0.04641297
0.00000058
0.03968460
0.10822134
0.11363212
-0.01233596
0.00000000
0.02585697
-0.00412261
-0.00072601
0.08959503
0.09164055
-0.01642195
-0.03492252
-0.00208533
0.08444157
-0.02243933
-0.04659461
0.10884620
-0.06096467
0.00428646
0.03067267
0.03758106
0.03141356
-0.02391531
0.06873693
0.07003658
0.07496915
-0.02831524
0.05754174
0.04995450
0.00497015
0.03145083
-0.00000000
-0.06675525
0.06053204
0.01517459
-0.01230529
-0.04837658
-0.04474720
-0.00449311
0.05353433
-0.03307272
0.06919939
0.02809601
0.00540890
0.08197588
0.07765471
0.07854317
0.05886324
0.12884505
0.11560820
-0.02131769
0.10634215
0.07563357
-0.02630183
-0.18354931
-0.05999122
0.04070684
0.10147745
-0.07663838
0.09282485
-0.02525584
0.01192654
0.08421617
-0.00596667
0.00562290
0.12318693
0.03544218
0.09400991
0.00000000
0.04231062
0.13531311
-0.00000000
0.12633295
0.03736413
0.02784404
0.08548690
0.03380497
0.12945583
0.04733738
0.01182318
-0.04949068
0.06378586
-0.02998038
0.17389116
0.04679708
-0.01308282
-0.00627333
-0.06416454
-0.19326232
0.04637018
0.02492415
0.13222116
0.08325884
0.10507853
0.04416339
-0.00000000
-0.01186473
0.07536212
-0.02700791
0.17940818
-0.07592382
0.05897797
-0.00078807
-0.01865870
-0.00129508
0.00960961
0.11272386
0.06528001
-0.06058814
0.07442738
0.02135531
-0.03637037
0.05801133
0.11971175
-0.00408081
0.06099566
0.10457059
-0.02289633
0.08222359
0.04675848
-0.00809574
0.06037754
0.08699857
0.02280449
0.04781919
0.00739209
-0.02556318
-0.00000000
-0.01650694
-0.05759298
0.03684352
0.08304486
-0.00000000
0.06155100
0.09680163
-0.00000000
0.13184890
-0.04790701
0.03626728
0.04567853
0.01351234
0.07872450
-0.02979586
-0.04149907
0.03843790
0.05733414
-0.12227337
0.12726183
0.08661425
0.12915513
0.05202472
-0.06969016
-0.00756939
0.10519089
-0.03300578
0.06953964
0.08245900
0.06968208
0.03278585
-0.00000000
0.00622518
0.06813471
-0.19597699
0.10206492
-0.07348397
0.06589749
-0.00000002
0.07669146
0.04016050
0.00940164
0.14931396
0.17885798
0.07414902
-0.00224289
0.10670928
0.03318121
0.08443330
0.07013904
-0.03336189
0.04745764
-0.00091425
0.00477355
0.03029338
0.09260336
0.10328904
-0.03025939
0.12429535
0.08693165
-0.00793360
0.06435449
0.02171529
-0.01733230
-0.05706380
0.11382169
0.00851251
0.07625581
-0.00000000
0.06200417
0.02858390
-0.00109157
0.04025622
-0.15808086
-0.05568458
-0.03503064
0.01008571
0.01856855
0.05423053
-0.03358633
-0.09572948
0.05596131
0.14435299
0.02939589
0.10846408
0.08268192
0.16231701
0.01508486
-0.16144904
-0.00618368
-0.01548510
-0.02303698
0.16800658
0.06880851
0.11499908
-0.00000000
0.04804505
-0.08616627
0.03347898
0.01683732
0.03253087
0.08375833
0.00000641
0.10297889
0.08073788
0.11759319
0.08454347
0.04097797
0.04288003
0.01014427
-0.18063216
0.08164302
-0.04013397
0.06673396
-0.03529869
-0.12444459
0.15150453
0.02132343
0.15014219
0.01911661
-0.03119869
-0.12891795
0.11662084
-0.00352664
-0.00080420
-0.06351727
-0.11544604
-0.00116567
-0.01363314
-0.12375730
0.10092774
0.10899838
0.00000000
0.09845316
0.12073578
-0.00000000
0.10406095
0.00968338
-0.09438767
0.01747040
-0.11874907
0.05575458
0.05519949
0.12082069
-0.30087090
0.09994693
0.10939688
0.08595875
0.06499635
0.08254495
0.10547458
-0.12929438
-0.29327479
0.03573753
0.01399773
0.03013581
0.07757448
0.15452938
0.07382387
-0.00000000
0.14272593
-0.09330572
0.05899096
0.23206741
-0.01463307
0.03349042
-0.00148110
0.04810808
-0.00152407
0.04887707
0.18167280
0.18747726
-0.07291760
0.07189765
-0.00132618
0.04110225
-0.20635553
0.08150427
-0.02447988
-0.06455299
0.11244098
0.08351426
0.08659270
0.05251426
-0.15977189
-0.17726322
0.17968351
0.06149793
0.14149094
-0.04293439
-0.05927175
0.00011806
-0.11677984
-0.26942641
-0.00718588
0.02081514
-0.00000000
-0.05308331
-0.08888660
-0.00035577
-0.03482538
0.09451194
0.12455861
0.04859636
0.07162350
0.04615782
-0.01575234
-0.03467869
0.15173846
-0.02928274
0.09390727
0.01304755
-0.05973671
-0.01071837
-0.04291793
0.08972191
0.13386203
-0.02237626
-0.00545135
-0.02598887
-0.06976265
-0.00392429
-0.02847046
0.00000000
0.03691097
0.05395601
0.01369500
0.04707924
0.01254071
-0.09615121
0.00397959
0.03705763
-0.07111565
0.03079729
0.02494487
0.05660369
0.06271668
-0.11950511
0.02617639
-0.01055077
0.14287840
0.00845074
-0.03681135
0.08748142
-0.04943780
-0.08567569
-0.03300976
-0.07337195
0.09121317
0.02102018
-0.01613051
-0.03080459
-0.00869666
0.02749847
0.00445847
-0.01834662
0.04890087
0.06972364
-0.09988248
-0.01675254
-0.00000000
-0.03903475
0.01621368
-0.00242573
-0.05843793
-0.12160909
-0.03878596
0.02217201
0.12232625
-0.00008006
-0.03507614
0.03978767
-0.08180649
0.03659461
-0.07517771
-0.07739040
0.07874693
0.05981761
0.00197844
0.01483275
0.00273816
0.02420871
0.01791972
-0.01894360
-0.08798309
0.02357659
-0.07319170
0.00000000
-0.00702816
-0.13905346
0.05231891
0.07076344
0.06610157
-0.05136347
-0.00675248
0.04887763
0.02050813
0.05623375
-0.09725003
0.00353361
0.01661572
-0.05595231
-0.03606041
-0.00060201
-0.11248375
-0.06102068
0.09580969
-0.07634013
0.04379427
0.06543383
0.04859757
-0.02145913
-0.12389379
-0.03423981
-0.04872870
-0.11145919
0.03022417
0.03396859
-0.03736374
-0.01791026
0.08985032
-0.14880942
0.00306839
-0.04056606
-0.00000000
-0.11713406
0.02828694
0.00039086
-0.04416370
-0.00421774
-0.02012957
-0.01686581
0.12022457
0.02931180
-0.00974325
-0.01913326
-0.00248545
-0.01851859
-0.05111986
0.02065116
-0.05848699
0.06279752
0.04340039
0.10138180
0.05312803
-0.14659120
-0.02384435
-0.05366877
0.03550467
-0.06668017
-0.01943610
0.00000000
-0.10023947
0.09572235
0.08698680
0.04687940
0.05871904
0.06064342
-0.00053981
-0.07321672
-0.05961782
0.06781029
0.01438250
-0.01083044
0.01803740
-0.14093389
-0.00779090
-0.09791138
0.13849780
0.03142904
0.07077598
0.04386248
0.01950211
0.01586631
0.05096203
-0.09486606
0.09889517
-0.05304184
0.00679915
-0.08330749
0.01636937
0.02286377
-0.02137864
0.00825758
0.00916982
0.13479088
-0.01038401
0.41653368
0.00000000
0.53897905
0.28530154
-0.00000000
0.22740975
-0.22815388
-0.32475546
0.26044405
-0.22155014
0.36497670
0.31657547
0.21496229
-0.27085406
0.24585485
0.54637766
0.33177766
0.38249511
0.20470953
0.29350349
-0.23046184
-0.19059467
0.36479676
-0.00132027
-0.12031271
0.32966772
0.29842484
0.20550422
0.00000000
0.35122880
-0.32771179
0.02147052
0.25230360
-0.21626888
0.31898904
-0.00000000
0.44878891
0.40891877
0.01874437
0.30544597
0.36246458
-0.23516218
0.33424839
-0.23192136
0.21913359
-0.33801156
0.29682153
-0.35294941
-0.29482540
0.15629539
-0.22609793
-0.23755480
0.24995771
-0.25952592
-0.17370117
0.25837082
0.37963140
0.31266597
-0.12627681
-0.29413739
-0.00000000
-0.26773670
-0.31340379
0.36000490
-0.00417024
0.00000000
-0.05360232
0.05672441
0.00006299
0.07748104
-0.00531406
0.01985938
-0.03923865
-0.00078893
0.04003601
0.07087128
-0.03601380
-0.04206639
-0.07271414
0.05520589
0.03459382
0.05850163
-0.02499299
0.08438558
-0.11592181
0.05225616
0.00042062
-0.03443527
-0.01249642
0.08266507
-0.00690716
0.02913957
0.00000000
0.07810350
0.00224789
-0.06575279
-0.08011175
0.03853169
0.10168561
-0.00134624
-0.04852812
0.05812459
-0.09619999
0.10715419
0.00991417
0.04394997
-0.00797202
-0.07128025
0.01795302
-0.03979363
0.06612989
0.00394778
0.00821081
-0.03269996
0.01337810
-0.07458671
-0.01715448
0.02490736
0.07265984
0.05410321
-0.06758153
-0.01901601
0.04923235
-0.04936199
-0.03864815
0.02989631
-0.05489291
-0.03183967
0.36009774
-0.00000000
0.39367279
0.25052977
0.00000000
0.20216829
-0.27234617
-0.25717810
0.23922789
-0.23135045
0.24558501
0.26616085
0.11908420
-0.26863727
0.23135731
0.54166216
0.30581760
0.31115460
0.38928130
0.39021048
-0.14967164
-0.11303876
0.24716878
0.00255796
-0.09268562
0.36435941
0.18006633
0.36175588
-0.00000000
0.35698709
-0.20678833
-0.05681281
0.25805470
-0.20232433
0.23736428
-0.00000044
0.30122855
0.23807663
-0.04505973
0.30917117
0.22275022
-0.24692023
0.13506308
-0.34465471
0.22297113
-0.27758685
0.25194442
-0.29697451
-0.22770585
0.30522969
-0.29328838
-0.23436460
0.24224731
-0.28306112
-0.26207662
0.31802928
0.34644246
0.19354419
-0.17593655
-0.30305094
0.00000000
-0.20251952
-0.23878425
0.21104166
0.00136490
-0.00000000
0.09230059
-0.00487451
0.00000000
0.05199100
-0.57994705
-0.09658964
0.03764650
-0.05375918
0.05425444
0.13499931
-0.05589062
-0.43989843
0.03556442
0.16800439
0.11148851
0.08271043
0.10060750
0.12683205
-0.19374859
-0.17677699
0.11325707
-0.01816846
0.07665162
0.07094089
0.11596110
0.02104003
-0.00000000
0.01888144
-0.38974091
0.05213524
0.07382423
-0.10908157
0.17779592
-0.00001252
0.03115013
-0.03771900
-0.02512919
0.10216992
0.03003713
-0.14934486
0.12377961
-0.07373477
0.04954031
-0.28543642
0.02666987
-0.12201086
-0.50476152
0.03261611
-0.02554313
0.00610312
0.01922284
-0.43076506
-0.02479665
0.07158994
0.12388495
-0.02305326
-0.07262906
-0.10524470
-0.00018967
0.04406734
-0.30259821
0.09534167
0.03259872
0.00000000
0.09361812
0.07289355
-0.00000000
-0.00327484
0.09063172
-0.06452908
0.01922179
0.04357864
0.02365876
0.00929419
0.12137224
0.06786545
0.07782188
-0.01165214
0.07163530
-0.05449015
0.06016265
0.07115149
0.02730507
0.07191812
0.00618746
-0.01201518
0.12922083
-0.04166964
0.02668688
-0.02435145
0.00000000
0.02871486
-0.00378355
-0.16015245
0.06216425
-0.08561187
0.07626228
-0.00000000
-0.05919237
0.05492075
0.04673595
0.04942150
-0.03916792
-0.04708403
0.05788671
0.01769903
0.05247324
0.02813295
0.02731691
0.01839499
0.03488829
-0.00494501
-0.01976449
-0.04379137
-0.04487619
0.04226334
0.07671959
-0.05870488
0.02312475
0.00823036
-0.04844003
-0.00672351
0.00237346
0.08321360
0.01056807
0.04411296
-0.01241495
0.00000000
0.04906771
0.04691299
-0.00096680
0.02647398
-0.11924518
0.04637199
-0.10126976
0.02848636
0.06231822
-0.08924749
0.03596823
-0.05458285
-0.04734429
0.00255871
0.01541246
0.04580805
0.00900612
-0.06283557
0.08620793
-0.14809464
0.05754075
0.00528066
0.03197347
-0.10812382
0.05359031
0.03182979
0.00000000
0.09379803
-0.19167639
0.00225115
-0.03780822
-0.03388252
0.02195589
-0.00815008
-0.01373410
0.08308012
0.08588403
-0.01309679
-0.00981178
0.02585132
-0.10841393
-0.09349367
-0.00035716
-0.13307250
-0.07400738
0.05291338
-0.08690955
-0.00889575
0.01689746
0.07127666
0.00999240
-0.16753776
-0.13390717
-0.02230310
0.07041317
0.05684305
0.05306678
-0.02068057
-0.00003152
-0.04634007
0.00332394
0.05421376
-0.07518957
-0.00000000
0.03981221
0.05330437
-0.00000000
0.00997979
0.02443561
0.11943907
-0.12810206
0.09313092
0.00502187
-0.01065856
-0.09373732
0.07044402
-0.07650567
0.00645436
-0.07285068
0.03739672
0.08599192
-0.09648027
0.06620281
0.06488026
0.01104994
-0.02325521
0.01833486
-0.16573428
0.05445537
-0.00215150
0.00000000
-0.07933145
0.08559224
0.05571818
0.08796199
0.08973394
-0.03242581
-0.00057214
-0.00918813
-0.08917136
-0.03430915
-0.01965350
-0.05527862
0.08245420
-0.04081275
0.07595901
-0.00164080
0.03584383
0.05549227
0.04130989
0.02133575
-0.06835273
0.09192484
0.08068495
-0.04840683
0.02959512
-0.02837090
-0.01393579
-0.07703715
-0.02487296
0.06886881
0.01113717
-0.00769263
-0.00571234
-0.03812281
-0.03062396
0.08705167
-0.00000000
0.11038161
0.07204708
0.00856765
-0.01929647
-0.03219563
-0.04171243
0.04899176
0.06098606
0.08775803
0.05507971
0.03160674
-0.13326967
0.02763321
0.01754492
0.11003550
0.04517835
0.01257169
-0.00218043
-0.07705381
-0.14021416
0.03424628
-0.01630351
0.07119116
-0.01970970
0.10126787
-0.00285012
0.00000000
0.03309222
-0.15273519
0.02051387
0.06461421
-0.10600918
-0.00339107
-0.00203251
0.07766920
0.01154108
-0.03616159
0.13534318
0.09653350
-0.02958944
0.09442834
-0.05129115
0.05933402
-0.16737513
0.07025870
-0.02645954
-0.06651741
0.02659961
0.07132370
0.05891816
0.10222647
-0.14453907
-0.10222930
0.09317072
0.10055963
-0.00153974
-0.09520196
-0.05987265
-0.00402459
-0.02157750
-0.38917920
0.01304165
0.02558867
0.00000000
-0.07743074
-0.07534916
-0.00143167
-0.01867355
-0.08756824
-0.04564302
-0.09235206
-0.06952320
-0.05223957
0.04499782
-0.10782729
-0.05176561
0.05465846
-0.04771210
-0.00012975
-0.03013592
0.04022124
0.02506274
-0.08539567
-0.05536693
0.04627801
-0.03043673
0.00252889
0.01158319
-0.02191990
-0.05158174
-0.00000000
0.03107748
-0.09730736
0.07138474
-0.08572287
0.07565017
0.02294359
0.00011541
-0.07435600
-0.02849172
0.02520645
-0.10361668
-0.07884838
0.02304838
0.02227751
0.10899884
-0.02587624
-0.08901480
-0.09655564
0.00550071
-0.05488984
0.05788546
0.04302356
0.09503920
-0.02756076
-0.02865241
0.07054888
-0.06609963
-0.03080532
-0.05563159
-0.05348543
-0.03926317
0.00256633
0.02261844
-0.08825931
-0.06868054
0.01834990
0.00000000
0.01489336
0.08614650
-0.00021646
0.05495794
-0.05535392
-0.09698904
0.08918830
-0.01566455
0.01320946
0.09676119
0.10093331
0.06204152
0.05398889
-0.04366111
-0.04832569
0.09082767
0.00485703
-0.01211753
-0.09226015
0.10509589
0.00806379
-0.04391264
-0.04169490
0.02338489
0.06719852
-0.03341358
-0.00000000
0.01923681
0.02050585
-0.08614399
0.11508068
0.05920307
-0.01895822
-0.00043089
-0.03780995
0.04533269
0.01627252
0.02152930
0.08482976
0.03531515
0.04158463
0.06679242
-0.03036641
0.06928486
0.13101916
-0.01241739
0.07786296
0.02458199
-0.15885624
-0.15834196
0.02089487
0.10515356
0.08522911
0.01246972
-0.05387307
-0.01977094
-0.09034593
-0.02085433
-0.01586385
-0.01794720
0.04382320
0.08540668
0.06735047
-0.00000000
0.05370557
-0.02069814
0.00000000
0.07471320
0.08920016
-0.05301101
0.06928565
0.02472718
-0.05907462
0.13028917
0.13253230
-0.01476107
0.10231736
-0.00595485
0.12306055
0.07579977
-0.00057904
-0.03479359
-0.10853610
-0.12359139
0.14342032
0.02273157
-0.06306589
-0.03014457
0.11777179
0.04701697
0.00000000
-0.01394751
0.09080164
-0.00149712
0.00475540
-0.21242337
0.04573829
-0.00000000
0.04827123
0.09016796
-0.01291223
0.03053130
0.08168682
-0.08330730
-0.03600981
-0.03729763
0.07542286
0.05035228
0.00104429
-0.01635489
0.02497895
-0.00392047
0.13407928
0.09196617
-0.01195491
0.01869364
-0.11470986
-0.02204734
0.11597984
0.12312436
-0.12076852
-0.01979457
0.00045174
-0.00787389
-0.07398629
0.01236030
-0.04141142
0.00000000
0.00140382
0.16195332
0.00000000
0.12795298
0.01952031
-0.10672312
0.04416192
-0.05295903
0.07552995
-0.02076161
0.07577248
0.02907227
-0.02718566
0.14331128
0.09080187
0.11314464
0.04420498
0.11966035
0.03347522
-0.11480843
0.11977036
-0.00535844
0.07029268
0.07849630
0.03650832
0.10542591
-0.00000000
-0.01593871
-0.04216207
-0.15823388
0.03212289
-0.11273690
-0.01764610
-0.00001807
0.11039168
0.00844477
0.04795372
0.10078295
0.08717503
-0.09214355
0.02999923
-0.10045672
0.03531200
-0.14070237
0.12225814
-0.04364316
-0.08347768
0.16039455
-0.15707479
-0.07861199
0.06095639
-0.03995802
0.01892378
0.01277431
-0.02351928
0.09804109
0.02128530
-0.11218423
0.00000000
-0.11578664
-0.07858052
0.01619874
# B
-0.06157302
-0.00008762
0.00442505
0.03606630
-0.02706864
0.03407924
0.00903483
0.11752572
0.03857625
0.06619728
0.03997652
0.03219490
0.02702996
-0.02021037
0.06525521
0.00608289
0.02864490
0.00846781
-0.07045153
0.06586739
0.08603399
0.07209227
-0.00233434
-0.05475034
-0.00194965
-0.08224257
-0.04688560
0.07985237
-0.00005423
0.05771460
0.06002109
0.02162926
0.11960629
0.07520647
0.05997571
-0.04643926
0.02683851
0.03384753
0.11034300
-0.03210434
-0.05865875
0.07884011
-0.00381437
0.01914127
0.06651925
0.09294335
0.01773919
0.08862290
0.05735292
-0.03976549
-0.00387780
0.01081334
-0.06352811
0.09479615
0.02782259
-0.06944647
0.04326380
0.01859658
0.05245601
0.05769862
-0.07443750
0.05936529
0.09630456
0.01248477
# Layer Number: 2
relu
32 64
# W
0.23293705
-0.22981025
-0.20300704
0.26066494
0.26981986
0.23466027
-0.14973718
0.08316532
-0.22017156
0.07129582
-0.17261004
0.19186608
-0.01670108
-0.12493313
-0.20984970
-0.22754550
0.23436472
-0.01669445
-0.16508855
0.21761796
0.15828426
-0.10117839
0.18436977
0.20788270
0.18044743
0.14897148
-0.06781428
0.17398997
0.13365661
-0.07975003
-0.07888131
-0.07295632
0.00000000
-0.00000000
0.00000000
0.00000000
-0.00000000
0.00000000
0.00000000
0.00000000
-0.00000000
-0.00000000
0.00000000
-0.00000000
-0.00000000
0.00000000
-0.00000000
0.00000000
0.00000000
0.00000000
-0.00000000
-0.00000000
0.00000000
0.00000000
-0.00000000
0.00000000
-0.00000000
0.00000000
0.00000000
-0.00000000
0.00000000
-0.00000000
-0.00000000
0.00000000
0.22263311
-0.01528684
0.02178652
0.23744337
0.21393438
0.17685634
-0.07198633
0.08775898
-0.07536495
0.12945299
-0.01243675
0.13475607
0.02043445
-0.16395541
-0.01794285
-0.13092420
0.20846865
0.02350794
-0.05171414
0.24934994
0.19998382
-0.19670491
0.25378153
0.14263064
0.14119154
0.05629023
0.01561285
0.15493649
0.08408427
0.00808588
0.03440183
-0.16103660
0.05343414
-0.11161728
0.07329667
0.10684441
0.14439394
0.14308645
-0.10067473
0.13051528
0.02168506
0.23238468
-0.10009077
0.23793097
-0.01074785
0.06064134
0.03853202
0.03444631
0.13402250
-0.00144842
0.02462346
0.16335493
0.21732292
0.00261569
0.02437312
0.11599011
0.08198657
0.18427019
0.09116140
0.15276010
0.22097172
-0.11507271
-0.10435142
0.04951529
0.00000000
-0.00000044
-0.00000000
-0.00000625
-0.00000000
-0.00000000
-0.00000000
0.00000000
0.00000000
-0.00001379
0.00000000
-0.00001488
0.00000000
0.00000000
0.00000000
-0.00000000
-0.00000000
0.00000000
0.00000041
0.00000002
-0.00000000
-0.00000059
-0.00003603
0.00000000
-0.00000000
0.00000015
0.00000000
0.00000000
0.00000000
0.00000000
0.00000000
0.00000802
-0.00956294
-0.02520658
-0.04797945
0.02710458
0.09979770
0.10812894
0.14956287
0.04166388
0.10944346
0.17437266
-0.06148637
0.15762661
0.07965499
0.10775127
0.04444568
0.11916339
-0.02466128
0.02775033
-0.01399759
0.16623224
0.00470976
-0.00541273
-0.02973538
0.05366459
0.11609256
-0.00018298
-0.01503479
0.05607793
0.16309518
0.07690907
-0.01941743
0.10887785
-0.14506613
0.10028879
0.07732275
-0.13318355
-0.19186713
-0.08209332
0.25568566
-0.16155905
0.24266341
-0.24621269
0.13592373
-0.25605264
0.02801504
0.09490801
0.18815030
0.24406400
-0.27679130
-0.00041202
0.23991956
-0.08664607
-0.12954155
0.14605661
-0.27772197
-0.15966019
-0.23943047
-0.06217144
0.05656614
-0.20131224
-0.11492078
0.08614771
0.22275831
0.13932160
-0.04599917
0.10524874
0.17243099
-0.05351324
-0.13657144
-0.14984614
0.09744046
-0.17403489
0.14863372
-0.20607673
0.14061396
-0.02059411
0.01173414
0.13624416
0.21509454
0.19129017
-0.15115339
0.02271342
0.17635670
-0.14682552
-0.09065019
0.17563060
-0.11573917
-0.08778471
-0.14327008
-0.06989951
0.23460224
-0.13533393
-0.04075900
0.09139398
0.20289923
0.08605222
0.19344580
-0.06973001
-0.13344872
0.22109504
0.15667877
0.28156093
-0.08319339
0.20246284
-0.05683994
0.15861031
-0.16091046
0.24421938
-0.02023455
0.04687789
-0.07072804
-0.10612775
0.25218385
-0.00043968
-0.17902833
0.12460297
0.09694494
-0.14270635
0.24493174
0.18273807
0.08526225
0.21269920
-0.12278203
0.11534040
0.08099625
-0.16527881
-0.04228899
-0.14795552
-0.06806351
0.09175423
0.08438987
-0.18021692
-0.05782719
-0.07907920
0.21535140
0.02544148
0.18576902
-0.04596704
0.08295863
-0.12210259
0.05632738
0.06418256
0.17132305
0.18865946
0.01399112
-0.03404917
0.15296471
-0.13655314
-0.05810654
0.01839580
0.04088768
-0.08396209
-0.05513533
-0.00182708
-0.02491114
-0.01544517
0.05292359
0.01452884
0.18477140
0.17771406
0.12514314
0.00051111
-0.12207507
0.01520038
0.14618362
0.14629029
0.06454894
0.18597174
0.02730237
-0.01088645
-0.16269363
0.09561780
0.01351087
-0.05837169
0.00386473
-0.06873255
0.14894781
-0.01225176
-0.00350156
0.10571508
0.18881996
0.07664804
0.16204914
0.08312500
0.15878931
0.20512234
0.06030376
0.08774657
0.15037970
-0.01474313
-0.07463846
-0.10133269
0.16704348
0.01023783
-0.05416140
0.14812435
0.16478194
0.21869195
-0.06583884
0.20452785
0.03103670
0.07037232
0.06606785
0.18297739
0.06889395
-0.04579625
-0.01297163
-0.00841915
0.02689017
-0.01504454
-0.07091704
0.21721315
0.12704605
0.06552573
0.17408806
0.25437093
0.25001320
0.13741624
-0.11957159
0.13538067
0.18667039
0.01266878
0.10151558
0.00040517
0.11176561
-0.21195704
-0.01751159
0.19098791
0.11509141
0.10768780
-0.10459124
0.19562784
-0.12693760
0.15526582
-0.18679412
-0.00624155
-0.03685623
0.11155246
0.05513534
-0.09307432
0.15598640
-0.00672847
-0.05033269
-0.02843982
0.06164037
0.01387036
-0.00041909
0.14429329
0.15899400
0.14063437
-0.08661284
0.10177059
0.13120352
-0.07960806
-0.16316088
-0.07232455
-0.11073294
0.23630162
0.26377547
-0.13551629
-0.19202055
-0.10850833
0.20829071
-0.13531256
0.11676957
-0.23443313
0.13513279
-0.21679959
-0.01997391
0.22387604
0.26630306
0.26836419
-0.26576096
-0.00726192
0.08533860
-0.23932879
-0.08210905
0.20345224
-0.21728002
-0.16158223
-0.22354381
-0.19763477
0.11024166
-0.16011217
-0.07819048
0.28046641
0.02712420
0.09891497
0.19130278
-0.12710670
-0.17280677
0.06223415
0.21440160
0.16532484
-0.07771473
0.12102636
-0.05328732
0.17253497
-0.05444259
0.06364553
-0.06931800
-0.00183651
0.00188606
-0.11116632
0.24657355
-0.00371687
-0.10695335
0.19650900
0.19362281
-0.10302116
0.15847102
0.27706403
0.06295618
0.20899753
-0.08565947
0.18365984
0.23731574
-0.02744458
-0.15837833
-0.12707143
0.33400944
-0.11547179
-0.23002976
0.19543625
0.26848811
0.19550456
-0.07626528
0.17341988
-0.05423777
0.15151298
-0.13893150
0.10999826
0.03144166
-0.15889399
-0.12935849
-0.13473308
0.24126439
-0.00064581
-0.13409625
0.13811409
0.24906865
-0.22052358
0.12138655
0.32971430
0.32688344
0.19136092
-0.19133750
0.34514731
0.30535942
-0.03867429
-0.14292940
-0.14873073
0.17063051
0.07172757
-0.05684336
0.05022810
0.11255997
0.17314963
-0.06412271
0.17743123
0.03361833
0.10771234
-0.02003062
0.16713612
0.00499248
0.02923442
0.02905251
-0.00844474
0.02843523
-0.00540562
0.07493723
0.07201900
0.09276721
0.08178728
0.16481112
0.14251520
0.15668432
0.07194164
-0.05358107
0.15129718
0.16363108
0.00720492
0.01698564
0.03792277
0.18114649
-0.17288934
-0.02865229
0.04958814
0.17306514
0.24642202
-0.06500886
0.24427016
-0.15481547
0.10027426
-0.02566468
0.16911477
-0.05655314
-0.05158626
-0.08060221
0.04289430
0.18486084
0.03050534
-0.06286992
0.21357766
0.21180312
-0.06721595
0.23092471
0.23984730
0.15644750
0.12960684
0.05378338
0.13438201
0.11813453
-0.13124344
-0.07090132
-0.13755949
0.29248726
-0.11995547
-0.08809140
0.22512764
0.26794758
0.27228907
-0.04893075
0.16553529
-0.16525175
0.11277667
-0.14000201
0.12720294
-0.02793114
-0.08586498
-0.11793798
-0.14314815
0.24717195
-0.00085996
-0.10531649
0.18183549
0.26029441
0.00472800
0.30239257
0.32659578
0.33492878
0.07442039
-0.09552134
0.34087956
0.30363905
-0.19290195
-0.01785347
-0.16880231
0.21403994
-0.13437739
-0.06415045
0.21815944
0.25886780
0.16299500
-0.06395215
0.18604049
-0.02678923
0.17201746
-0.10194006
0.16798565
-0.01397734
0.01845917
-0.04341035
-0.05824981
0.15395950
-0.00538110
-0.17911452
0.24820812
0.31774947
-0.21403368
0.11618120
0.24887091
0.30998069
0.17914049
-0.16617657
0.24203382
0.23705144
0.02094174
-0.04159635
-0.00040103
-0.01192352
0.15106006
0.18357034
-0.01205439
-0.04950975
-0.15516551
0.12714583
-0.00901376
0.07075426
0.00218918
0.06528439
-0.10641195
-0.00153687
0.12180045
0.03192900
0.17317702
-0.00138439
-0.00456801
0.10512985
-0.16092648
-0.10076755
0.15046297
-0.09945742
-0.12113404
-0.12301739
0.03035990
0.06409714
-0.06271384
-0.11076121
0.18795891
0.00216875
0.12981649
-0.06786152
0.28154647
0.23506324
-0.04384222
-0.13759507
-0.26594344
0.14906493
-0.05823783
0.25942621
-0.13969813
0.31666711
-0.22296281
-0.00835371
0.22461508
0.23161492
0.29052666
-0.12092174
-0.00533495
0.18521458
-0.15233918
-0.14906520
0.24935859
-0.22597554
-0.18930067
-0.13336501
-0.02679646
0.28048027
-0.12342075
-0.12089865
0.20540038
0.21878164
0.16263168
0.10277297
-0.00816934
-0.07301282
0.17049715
0.16175239
0.06566510
-0.00502441
0.15975544
-0.12421361
0.13603175
-0.12114742
0.01124581
-0.04845582
0.04523593
-0.07313116
0.03855991
0.05245227
0.06262792
-0.10687160
0.11230090
0.06043868
-0.13123928
0.05561528
0.20455110
0.16153665
0.11199182
-0.06620147
0.14882638
0.05477056
0.00462803
-0.13463607
-0.00510522
0.00718303
0.07244518
-0.01240868
-0.08039549
-0.00001488
0.05828253
0.06268509
-0.03996769
-0.00407456
0.07472264
0.00608341
0.06318580
0.01910692
0.02084766
-0.00293563
0.00633764
-0.03865995
0.01882846
-0.06764185
-0.01045575
0.01820748
-0.01768723
-0.03839774
-0.03079231
-0.01823059
0.07038014
-0.04028719
-0.05888538
-0.01495779
-0.00352177
0.03521804
-0.00854796
0.00789712
0.15634929
0.11808296
-0.07468587
-0.05704006
0.02012436
0.12849699
-0.06721070
0.01236339
0.01382535
0.03147398
0.02286258
0.00902072
0.16402727
0.18136635
0.03896198
-0.00303559
-0.01846603
0.16178586
-0.00378657
0.02357288
0.09252188
-0.06039301
0.04783504
-0.04484485
0.03647802
0.00425926
0.02989933
0.02096752
0.01733566
0.09757813
0.13923764
0.27068889
0.00227569
-0.00435871
0.27335888
0.25150475
0.23223597
-0.10879418
0.18403085
-0.28396660
0.13899980
-0.08601696
0.10075746
0.01330604
-0.18461145
-0.10546188
-0.05515157
0.26728815
-0.00126064
-0.11610810
0.17196722
0.26958182
-0.06082540
0.17281298
0.15819140
0.28882697
0.18425785
-0.04089712
0.27524006
0.10225909
-0.08597908
-0.05603036
-0.19173099
0.17454524
-0.07037160
-0.01490613
0.02566206
0.17000820
0.14109941
-0.08432768
0.13923185
-0.06659941
0.13786916
-0.15438133
0.19949538
-0.01091679
-0.08237284
-0.07928585
-0.14946905
0.11501212
-0.01387436
-0.08286650
0.11120743
0.17215362
-0.20716490
0.22561242
0.18160100
0.07526659
0.08084410
0.00131647
0.19553587
0.21779977
-0.16002646
-0.06432468
-0.15305069
0.27053007
0.06897633
0.08567553
0.10266304
0.15652391
0.08165944
0.02412152
0.25565222
-0.03814761
0.13559881
0.06821903
0.10577438
-0.02245976
-0.00031455
-0.01116621
-0.10030496
0.26960939
-0.00079160
-0.04187299
0.13688560
0.11800900
-0.13998443
0.19941039
0.13150200
0.22843400
0.05497633
0.01589921
0.25178981
0.08175321
-0.06946258
-0.11018943
0.03179834
0.00000000
-0.00000000
-0.00000000
0.00000000
-0.00000000
0.00000000
-0.00000000
-0.00000000
0.00000000
0.00000000
-0.00000000
-0.00000000
-0.00000000
-0.00000000
0.00000000
-0.00000000
-0.00000000
0.00000000
0.00000000
0.00000000
-0.00000000
0.00000000
0.00000000
-0.00000000
-0.00000000
0.00000000
-0.00000000
-0.00000000
-0.00000000
-0.00000000
-0.00000000
0.00000000
0.14880659
-0.03855688
-0.15471148
0.12136520
0.20684049
0.23764084
-0.08326673
0.16242374
-0.14362110
0.03133203
0.01424639
0.13556215
0.03394620
0.00250279
-0.09571600
-0.03396483
0.17489988
0.04230001
0.05191186
0.20183140
0.13550891
-0.15160544
0.18529221
0.19663720
0.12810890
0.22855224
-0.01247399
0.22470200
0.08824439
-0.09890009
-0.09262104
-0.06742541
-0.20064741
0.19361587
0.05377490
-0.12178489
-0.15841147
-0.09832706
0.19468060
-0.01989250
0.23647970
-0.11468758
0.15952618
-0.20629667
-0.01431156
0.17045099
0.27443153
0.24897352
-0.15670440
0.02458336
0.06185750
-0.09304015
-0.09944781
0.21667475
-0.03220193
-0.26069567
-0.10495979
-0.13189945
0.18254043
-0.30658764
-0.08544630
0.11794826
0.23192640
0.21401843
-0.05366629
0.11426066
0.12364672
-0.20080319
-0.10631864
-0.01985376
0.17024316
0.01803567
0.11584833
-0.05118620
0.22799765
-0.13082080
-0.03707059
0.05070831
0.13198516
0.05932389
-0.13751490
-0.00000205
0.04260674
-0.14823723
-0.14114073
0.17850310
-0.18360710
-0.10423920
-0.19644526
-0.04281497
0.12684125
-0.10893322
-0.18700781
0.04200233
-0.00276543
0.08649569
0.04822892
0.07883228
0.00897879
0.13287307
0.07345633
0.14320537
0.16658089
0.13081500
0.13277909
0.13000380
0.05256432
0.08242545
-0.04665257
-0.01116484
0.14749217
0.17171568
0.10814849
0.03517507
-0.01299911
0.11786921
0.17000751
0.13895446
0.06639013
0.11707680
0.07098980
-0.02159970
0.03268007
-0.04031223
0.09819081
0.13388386
0.12995824
0.12093629
-0.02618703
0.19997627
0.19771202
-0.11893619
-0.06783847
0.02167565
0.11309247
-0.05729486
0.02404449
-0.09789073
0.13312277
-0.05301634
0.03796843
0.04711517
0.17309791
0.03537630
-0.13328935
-0.02531094
0.21000673
-0.07543999
-0.13735670
0.11216957
-0.17322168
-0.10144325
-0.04590449
-0.03868360
0.08696437
-0.01362770
-0.01300936
0.15465142
0.01145874
0.17247583
0.13520768
-0.10593668
-0.02799786
0.07853242
0.20171277
0.22905657
0.02558125
0.14230871
-0.04125652
0.18088324
0.03921871
0.24883470
-0.05815132
-0.05725167
-0.10522613
-0.13084348
0.20305875
-0.00822730
-0.15707606
0.17359343
0.17897613
-0.19631231
0.02669704
0.13237874
0.23521885
0.02619466
-0.07243283
0.26391309
0.21613102
0.05417070
-0.03220366
-0.00650047
-0.00000000
-0.00024611
0.00000460
0.00486191
0.00000000
0.00000000
0.00000055
0.00232006
0.00000001
0.00667074
-0.00000000
-0.00242652
0.00000000
0.00000122
-0.00000000
-0.00000000
-0.00008821
0.00000000
0.00356491
-0.00100845
-0.00000003
-0.00213231
-0.00347254
-0.00000005
-0.00000000
-0.00730757
0.00013495
0.00004953
-0.00000020
-0.00000000
0.00001971
-0.00956461
0.21497878
-0.00858495
0.01826422
0.14045039
0.21485656
0.03437163
0.03762612
0.21802264
0.00249480
0.04107900
-0.16404073
0.07645283
0.03382620
0.00789691
-0.05690247
-0.12296940
0.22732373
-0.00939004
-0.01698371
0.10978214
0.15417360
-0.11488305
0.24934170
0.13438009
0.26157582
0.05066579
-0.17424741
0.12140823
0.18833105
0.01452230
-0.09811442
-0.14358364
0.08038784
-0.02713432
0.04631269
0.16315299
0.10658358
0.01804985
-0.08408795
0.15318783
-0.07248008
-0.01831351
-0.05894506
0.07410810
-0.04700553
-0.08863471
-0.03285458
0.01683108
0.00075619
0.04236559
-0.14261383
-0.02638470
0.03612130
0.05629745
0.13288431
0.04890871
0.19094391
0.17444423
-0.14253300
0.14242294
-0.02683898
-0.04066947
0.00894056
0.00611240
0.02335056
0.12887962
-0.05667441
0.04996135
0.05113935
0.09471513
0.03135723
-0.06276651
0.06457237
0.02086898
-0.05860800
0.02100007
-0.08385931
0.11758652
0.12511018
0.10046510
-0.07264026
-0.03807296
0.03011575
0.09426152
-0.01251401
-0.05429666
-0.00840724
-0.04528758
0.15465552
0.15303715
-0.05497953
-0.00277153
-0.02251139
0.09651084
0.11737557
0.10191371
0.13379377
-0.11007359
-0.08940832
0.02179850
0.14959535
0.16246156
0.00245337
0.20910107
-0.17578429
0.25186512
0.01799500
0.20074384
-0.04391244
0.03882033
0.00359167
-0.10351008
0.19359501
-0.00295682
0.04438553
0.10928565
0.08393937
0.00867411
0.21535666
0.09954372
0.23552065
0.13595250
-0.04765286
0.19475231
0.09598611
-0.14665647
-0.09554087
0.02726259
0.23828492
-0.07725608
-0.03432209
0.19135323
0.27059594
0.30191010
-0.07814573
0.10196918
-0.16196862
0.09062714
-0.10823727
0.19747156
-0.02701637
-0.16369608
-0.15755107
-0.16745035
0.18954124
-0.01446674
-0.17587446
0.08164620
0.20381257
-0.03115851
0.25875771
0.23252071
0.14282249
0.25909531
-0.01521700
0.22112875
0.21821579
-0.05097641
-0.01476149
-0.11034354
-0.08192364
0.10275406
-0.02105657
-0.19475241
-0.05728830
-0.10829564
0.15237248
-0.12399925
0.09742268
-0.00806026
0.16268757
-0.14984868
-0.02322503
0.13521726
0.07036003
0.16313100
-0.01653074
0.05482913
0.17632188
-0.10456429
-0.12830244
0.01606168
0.02456641
-0.06724902
0.01093794
-0.16423562
0.19114161
0.02526516
-0.15435676
0.04438729
0.13920662
0.02223043
0.19547279
-0.20861334
-0.08984306
0.17727236
0.18713596
0.06040939
-0.15451582
0.16409647
-0.14804684
0.14245245
-0.07457768
0.17046790
-0.01106777
-0.08764441
-0.10012249
-0.02721553
0.07642519
-0.02692305
-0.11294146
0.07509762
0.24283406
-0.03514807
0.23317312
0.25234267
0.22253938
0.12395605
-0.00328668
0.25212464
0.12597151
-0.17108588
-0.04863839
-0.15519828
-0.10631212
0.24941897
0.26083997
-0.05105683
-0.18561895
-0.19905217
0.21076761
-0.12768275
0.11607594
-0.14656302
0.29069483
-0.12197924
-0.05326516
0.25374892
0.26043916
0.27708912
-0.20978206
0.04554246
0.09211233
-0.23268597
-0.13074149
0.13267328
-0.21543472
-0.26051539
-0.20867793
-0.07462183
0.23036313
-0.18960279
-0.16683248
0.13468707
0.12056323
0.14525905
0.02710480
-0.02854532
-0.05575551
0.11691205
0.10500628
0.07262357
-0.04402640
0.12434775
0.02740667
0.10097829
0.05638565
-0.06884057
0.00834710
-0.07933521
-0.02716408
-0.03448375
0.03727180
-0.00491089
0.13869807
0.16094840
0.11463127
-0.00166990
0.09710681
-0.00873903
0.14293696
0.09808870
0.08106068
0.00819120
0.12738661
0.14850959
-0.06249728
0.10820535
-0.11860843
0.12316181
0.14014676
-0.14158896
-0.13571592
-0.02931380
0.21143219
0.00261369
0.13621643
-0.17421734
0.12536167
-0.09289695
-0.01426440
0.24210186
0.27153626
0.11415368
-0.10110136
-0.00663276
0.20851374
-0.17913185
-0.11967340
0.21763989
-0.17383172
-0.18854517
-0.19826874
-0.04540197
0.20431291
-0.18673722
-0.14679044
0.23427908
0.05000765
0.20612615
0.05556550
0.07863261
0.01497094
0.05246603
0.11426582
0.08747382
0.02519279
0.07608671
-0.04433448
0.02427421
0.00289548
0.11617417
0.00207330
0.07946532
0.09071153
-0.00063208
0.04671387
-0.01528369
-0.00844343
0.11641315
0.11586364
0.04965074
0.15727110
0.18910533
0.05129889
0.16265601
-0.07173758
0.07165913
0.07701050
-0.02058036
0.12531279
-0.02649544
-0.11843017
0.09061035
0.18433137
-0.02827137
-0.07365720
-0.09890008
0.19657287
-0.14612427
0.02488351
-0.00788075
0.24227650
-0.11861619
-0.02212912
0.05651015
0.10688254
0.01322624
-0.12293026
-0.03688065
0.07110190
-0.04527174
-0.05216540
0.10913348
-0.17616419
-0.06119042
-0.11081089
-0.06276523
0.12910698
-0.00592896
-0.00701208
0.11160237
0.18971983
0.16924950
-0.22953689
0.22738211
0.05406091
-0.23467052
-0.19424880
-0.16207421
0.12141575
-0.25238380
0.09563255
-0.07884132
0.14393404
-0.21841894
-0.03488291
0.26238286
0.12391102
0.20319912
-0.18594544
-0.02225308
0.13901113
-0.26181278
-0.18398309
0.09521274
-0.05222026
-0.15687263
-0.24990661
-0.13852951
0.16343334
-0.13597101
-0.20974086
0.13180678
0.19173594
0.16374214
0.21361500
-0.11473957
-0.07876053
0.13833702
0.21507388
0.18744504
-0.17473899
0.19697638
-0.04379846
0.23263428
-0.07124332
0.12922092
0.01896993
-0.20281698
-0.09164976
-0.16379495
0.26597565
-0.00556815
-0.16242361
0.22357306
0.27858329
-0.10454421
0.27131969
0.27604944
0.16681023
0.14075372
-0.04753238
0.16455437
0.21080114
-0.07199406
-0.08739606
-0.19895411
-0.04665487
0.14095116
0.10282395
-0.19583051
-0.12514876
-0.04747331
0.13849643
-0.06828519
0.13149540
-0.13874270
0.15416694
-0.03555019
0.06518354
0.03083636
0.18403086
0.08139458
-0.13087642
-0.00376786
0.19356412
-0.19687153
-0.10733934
-0.01518321
-0.09323873
-0.09806604
-0.07782931
-0.07724054
0.19708101
-0.08132956
-0.04937710
0.07955371
0.15224944
0.10337259
-0.07806013
0.10631366
0.23931471
-0.09283965
-0.13463217
-0.11241108
0.22337167
-0.09773628
0.19735347
-0.12398268
0.16377167
-0.10356183
-0.01280873
0.00169475
0.12568672
0.10204793
-0.02436610
-0.00440019
0.15134041
-0.05632334
-0.08209330
0.11883903
-0.19181368
-0.06415999
-0.08929576
-0.05712689
0.10450824
-0.19688590
-0.03245009
0.13809733
0.05879204
0.02165593
0.11172161
-0.01636148
0.01718221
0.20753790
0.16791908
0.23709483
-0.07441618
0.17036426
-0.00490187
0.14224277
-0.12042362
0.24195121
-0.01286686
-0.11280596
0.03663529
-0.07858294
0.07296273
-0.01515358
-0.05695495
0.19982015
0.16636744
-0.02413267
0.18767211
0.20422296
0.19263716
0.16996174
-0.03512364
0.19981298
0.24874543
-0.04365255
-0.03705887
-0.05065416
-0.11734472
0.12066161
0.22214863
-0.17602949
-0.16560674
-0.06577542
0.26501897
-0.16830835
0.17307703
-0.16459164
0.31984365
-0.10181069
-0.01062077
0.17484996
0.16609684
0.19214267
-0.16439320
-0.00036418
0.09619380
-0.08119232
-0.20943055
0.18089131
-0.16288795
-0.15837987
-0.04262964
-0.22961245
0.26188248
-0.07512020
-0.16569114
0.16483553
0.21121928
0.11896221
-0.11325238
0.21717592
0.05307375
-0.18075632
-0.13384092
-0.05012962
0.19238186
-0.10740615
0.15238780
-0.14979309
0.30284634
-0.11345386
0.07575644
0.28251255
0.14885923
0.27602285
-0.07292915
-0.00713731
0.16126113
-0.08070967
-0.12246059
0.21125719
-0.13308635
-0.05882426
-0.18493287
-0.18880880
0.23669313
-0.21621478
0.00127210
0.25009933
0.14474778
0.25855920
0.19479106
-0.19614960
-0.14645661
0.20532471
0.26542124
0.14930238
-0.08203793
0.25740209
-0.16355950
0.25638133
0.01178178
0.16218005
-0.04771709
-0.07316402
-0.01460164
-0.04973713
0.24879009
-0.00177634
-0.02898614
0.05920890
0.25898272
-0.13894495
0.12317376
0.13650918
0.17122243
0.24245709
-0.06145255
0.15235367
0.25959203
-0.07788832
-0.11308704
-0.14536469
0.11388459
-0.08339760
0.07286281
0.16082846
0.17818919
0.19018055
-0.02992403
0.15816484
-0.08223177
0.15507174
0.02621485
0.11819280
0.07363180
-0.14371409
-0.03422368
-0.07031623
0.15522404
0.04987270
0.08021069
0.21622580
0.06331327
-0.16150615
0.17882185
0.09579641
0.04715811
0.11524846
-0.12070990
0.07806030
0.02404490
0.10456889
-0.06634925
-0.08028198
0.13478966
-0.07098257
-0.12986475
0.21165055
0.18041322
0.23056279
-0.12248062
0.19599743
-0.02365176
0.06152414
-0.10474617
0.13094211
0.02662553
-0.04254749
-0.12924391
-0.07947053
0.14635943
-0.00917169
-0.13224500
0.21438779
0.15103705
-0.05047862
0.08591618
0.14174514
0.12411878
0.17927575
-0.04715636
0.05298592
0.21330009
-0.10233463
0.05975733
-0.14486125
-0.03046544
-0.03126799
0.21234202
-0.01893153
-0.04454673
-0.11330608
0.06501394
-0.14839177
0.22017670
-0.02597907
0.23787554
-0.05742344
-0.07206718
0.04398549
0.14467165
0.18965384
-0.12380297
-0.01261612
0.08483655
-0.10539319
-0.08715828
-0.00451956
-0.13127035
-0.09171563
-0.11492331
-0.06530462
0.12325094
0.02399520
-0.02320002
0.21546145
0.14285585
0.16548696
-0.11886993
0.17841250
0.00043601
-0.03482214
-0.09092944
-0.08206908
0.19820574
-0.09346477
0.07985017
-0.18568806
0.17494026
-0.10378681
0.07050654
0.12745412
0.09065489
0.23659278
-0.19090466
0.01741631
0.09199012
-0.07284547
-0.14516917
-0.00135827
-0.15248546
-0.07278516
-0.12148181
-0.18768421
0.09665660
-0.15653867
-0.09562290
0.23118079
0.06038419
0.00972130
0.00000000
-0.01982915
0.01160799
0.02084646
0.00000000
0.00986481
0.00599323
-0.01266149
0.00016441
0.03405325
-0.00000515
0.02737759
0.00000000
0.00000006
0.00000000
0.00000031
-0.00035693
0.00490870
0.05806994
-0.01637486
-0.00328218
0.02579242
0.05570259
0.00000165
-0.00353226
-0.02255123
-0.00597584
-0.03305670
-0.00128128
-0.00025731
-0.02046225
0.03955832
-0.01493276
0.09488246
0.03609668
-0.07456043
-0.06759527
-0.03631610
0.00468081
-0.15457131
0.13862072
-0.17519327
0.00910358
0.02262694
-0.08544573
0.17589426
0.14677855
0.18176176
-0.10657260
0.01376187
0.07225802
-0.17894536
-0.11077726
0.09158018
-0.09594383
-0.03570018
-0.11646403
0.00203966
0.17142767
-0.01712458
-0.09886120
0.17945147
0.13099392
0.09382524
-0.10950824
0.30232403
0.25634864
-0.23788723
-0.20426786
-0.10114662
0.31279936
-0.24143203
0.23925018
-0.16262577
0.32596275
-0.25661546
-0.01890557
0.30646551
0.23383524
0.25823492
-0.22210661
-0.01150259
0.24133189
-0.19154975
-0.09328686
0.32073995
-0.12118898
-0.29005384
-0.23830073
-0.23023744
0.26821631
-0.22797431
-0.15085076
0.28796363
0.15445338
0.09328852
0.15707219
-0.04433355
-0.13384095
0.12476712
0.17800421
0.20568547
-0.11050472
0.03838057
-0.06956031
0.08146740
-0.18066098
0.17572819
0.07133999
-0.13404351
-0.02666240
-0.04736709
0.16127223
-0.00230324
-0.15338291
0.24145629
0.19750610
-0.11321915
0.15475430
0.26353124
0.27173233
0.13154440
-0.02629641
0.10527977
0.23524034
-0.09898013
0.01977873
-0.03546412
# B
-0.03799998
0.08569440
0.17130245
0.07637452
0.01964761
-0.08880835
0.05809130
-0.00588003
0.13678676
0.01820873
0.19963315
0.07923945
-0.05962859
0.07801961
0.00986562
0.02634922
0.08827668
-0.09407632
0.17302966
0.11004221
-0.00653497
0.14700548
0.11829733
0.03747821
0.01691172
-0.01568588
0.11703328
0.06054744
-0.07604375
0.01771986
0.05181170
0.11559352
# Layer Number: 3
sigmoid
1 32
# W
-0.42279962
0.32562619
0.22831854
-0.31761461
-0.27209216
-0.28099430
0.27199921
-0.38896894
0.21521221
-0.36981186
0.21501681
-0.39844432
0.12569414
0.39733160
0.21305573
0.22379677
-0.29178309
0.03581716
0.30307487
-0.32544202
-0.37288705
0.32227626
-0.38016275
-0.30850884
-0.30351937
-0.39987716
0.33947432
-0.37116459
-0.39136297
0.28676739
0.27215841
0.32489660
# B
0.03413209
