# Layer Numbers: 4
# Layer Number: 0
relu
128 30
# W
-0.02004970
0.00530637
0.21788812
0.00892771
-0.05713627
0.06194560
-0.00956644
-0.26569587
0.08431819
0.04121692
0.09618385
0.09074187
-0.02374872
0.11887152
-0.05923495
0.07082245
0.08766089
-0.04710103
0.03151067
-0.00702662
-0.01631613
0.13676067
0.06191292
-0.01604163
0.08426297
0.01963961
-0.08234428
0.00251678
0.05645524
-0.00713418
-0.04154757
0.07901250
0.37918290
-0.00000000
0.14573121
-0.03268857
0.01133700
0.05464450
-0.26524556
0.06980864
0.27333912
0.04895655
-0.07961556
-0.08928104
0.24477889
-0.18457358
0.01574667
0.04052829
0.10104578
0.02688854
0.02947350
0.11047237
0.03902335
-0.00961018
-0.06381442
0.00701934
0.00000000
-0.02644939
-0.05481081
-0.18791962
0.00644528
-0.06828464
-0.02194317
-0.06177944
-0.02838391
-0.02800928
0.06517236
-0.08203863
0.04897401
0.06674205
0.03569408
0.02451180
0.09809659
-0.01214255
0.03392028
-0.01675301
0.03347946
0.07129523
-0.10041330
-0.02529820
0.04394768
-0.00044847
-0.01293311
-0.03770789
-0.04606977
-0.03672306
0.00000000
0.02238547
-0.01190571
-0.08876494
-0.02948359
0.03541782
0.09820937
-0.00483417
0.04061306
-0.00476212
-0.05289251
0.10491449
-0.35777622
-0.05387114
-0.04399304
0.08559255
0.07893015
0.13650709
-0.09928563
0.00025905
-0.04475098
0.07323249
-0.06569886
0.04457371
0.22344768
0.08184331
0.22136664
0.03302890
-0.00552718
-0.05372040
0.09659478
0.02206361
-0.00176105
0.05437496
0.00854220
0.02897773
-0.11982012
0.12501606
0.10010419
0.06690332
-0.05568058
0.05627259
-0.00517086
0.03963148
-0.07483586
0.01225193
0.02219507
0.09332802
0.01493205
0.00269377
0.18440884
0.09727300
-0.03353051
0.00244938
0.02496634
0.00070699
0.06973228
0.15076026
0.00616001
0.04524702
0.03221906
0.06855275
0.04712232
-0.04376247
0.06505597
-0.02533625
0.08793624
0.13694166
0.09106229
0.04644810
-0.03369368
0.14687286
0.05504176
-0.00573753
-0.00534184
-0.00000000
0.00363678
0.12733220
-0.02661227
-0.08160800
0.02414703
0.03396658
-0.01463269
-0.01907412
0.01333477
-0.12773120
-0.04604265
-0.01451000
0.17553040
-0.08447115
-0.19548935
-0.04549783
0.00399428
-0.01318477
-0.07471505
0.01197853
-0.17490369
0.08200172
-0.00000000
0.12272346
0.02290988
0.00095748
0.04503652
0.03270684
-0.00211768
0.12566879
0.02374355
-0.17326728
-0.02520724
0.10912806
0.14266992
-0.01581902
-0.03681074
-0.02120036
0.23674014
0.02241930
0.01126139
0.02584952
0.15163535
0.06109038
0.03726421
0.13429785
0.06158234
0.00278474
0.05015412
-0.04907893
-0.00120783
0.05558508
0.00000000
-0.12828849
-0.16876994
0.05182767
-0.10820787
0.00996204
-0.03867910
0.13434651
0.04349485
0.02922057
0.11837725
-0.08986048
-0.04846466
0.01315942
-0.00871259
0.06604646
-0.09353576
0.03085182
-0.07819786
-0.00029656
0.05641287
-0.05298941
0.12763005
0.05777044
-0.11223392
0.00428128
-0.10758947
0.01698659
0.04049788
0.13920717
-0.03387635
0.05286768
-0.08826382
-0.05333427
-0.01829070
-0.01482147
-0.09406588
0.15865612
-0.08296635
-0.10795777
-0.06126598
0.04013009
-0.22373924
-0.37287152
-0.03060310
0.06482859
0.08995251
-0.03086648
-0.00403217
0.00755305
-0.04768114
0.15534885
-0.02978106
-0.07341991
-0.23272294
0.04999318
-0.02369262
0.05512903
-0.21545751
0.18851325
-0.01244896
-0.35176265
-0.15976471
-0.07423487
-0.26374647
0.19843411
-0.11644773
0.05624162
0.05786429
-0.16676117
-0.21314022
0.19937031
-0.12848358
0.23342197
-0.10313628
-0.00000000
-0.12667798
0.09381001
0.15630685
0.07345179
0.25471866
0.08606948
-0.13462843
0.09005416
-0.11771472
-0.43979958
0.04831308
0.00163780
0.24971494
0.04663734
-0.09597471
0.21976817
-0.39645228
0.20827508
0.28434077
-0.00061494
-0.15028481
0.11325587
-0.00000000
-0.05821472
-0.13275953
-0.01905526
0.11548114
-0.10108270
-0.12759526
-0.06476766
0.29285303
0.14911401
0.26189274
0.05172106
0.02625778
0.15454395
-0.02462773
-0.08450074
0.01685153
0.26217601
0.00253044
-0.19617894
-0.22595404
-0.13855416
-0.06527441
-0.01742102
0.22972673
0.17561822
-0.09702834
-0.00809087
-0.34239066
0.03415835
-0.00000000
0.07629940
-0.07625419
-0.16387114
0.36993960
-0.15462586
0.03074836
0.22655460
0.22496253
-0.52481318
-0.01114696
-0.22886398
-0.04076675
0.11455447
0.07409930
0.40209112
0.08418084
-0.19297978
-0.22381347
0.00000001
0.16193746
0.07660024
0.14851178
0.01567487
0.01436589
-0.20480703
-0.18371642
-0.05128795
0.01464712
0.00480981
-0.03957755
-0.03296449
-0.11668274
0.34828964
-0.31083483
-0.17541897
0.15763474
0.08595839
-0.03431421
0.13536322
0.41155788
-0.01244995
0.11906963
-0.02425433
0.14904863
0.07626375
0.13245977
0.15381819
-0.00607689
-0.12736128
0.03910584
-0.23277894
0.01407069
-0.11045960
0.14007613
0.03749185
0.15121610
0.18143877
0.01122286
0.07608948
0.04217977
0.13364218
-0.11919316
0.41741413
-0.00419998
0.07168702
-0.26684827
0.00516661
0.07567017
0.11428311
0.18846644
0.09763136
0.05076473
-0.15587553
0.35701376
0.00000000
0.03597725
0.07324598
-0.09434196
-0.13289726
-0.00539779
0.00091415
-0.04397650
-0.01566112
0.06552797
-0.02041054
0.08859757
-0.00119697
0.07327647
0.37562490
-0.00458302
-0.08587317
-0.06346717
-0.09287806
-0.09101406
0.00047228
0.15021971
-0.05729505
0.00000000
-0.12013336
0.30007499
0.12609148
-0.18308374
0.08873775
-0.01215694
-0.05137828
-0.06226511
0.29158425
-0.00006860
0.02117668
0.14955433
-0.24253738
0.18831287
-0.08551392
-0.34952402
-0.02612675
-0.01131274
-0.05539202
0.07498571
-0.10647649
-0.15441762
-0.43221658
-0.10235107
-0.31448171
-0.17681259
-0.05246100
-0.15392885
-0.07072728
0.00000000
-0.11838792
0.01219028
-0.13275760
-0.10859072
-0.00844953
-0.16577533
0.44061098
0.00433492
-0.24455029
-0.28134054
-0.00431342
-0.00343779
-0.13424288
0.11514454
-0.25077385
0.01329640
0.13460411
-0.22009622
0.00000000
-0.31704372
0.00167468
-0.02601658
-0.06917046
-0.04654297
0.08482368
0.09498040
0.17807005
-0.04013075
-0.12928431
-0.35092467
0.25695500
0.24866217
-0.02545728
-0.11920004
-0.49403805
0.27328026
0.24650271
0.00659680
0.05614730
-0.12483694
0.04954993
-0.08999133
-0.02447412
-0.01793223
0.01006572
-0.00466950
-0.19622378
-0.03387670
-0.05791425
-0.02047866
0.01643910
0.06116267
-0.09527165
0.01731942
-0.05380365
0.04974723
0.13147525
-0.06711938
-0.09838638
0.15011904
-0.04118314
0.06701650
0.06857243
-0.13580301
-0.02141324
-0.12019342
-0.14080152
-0.04578439
0.04956620
0.07009672
-0.21159345
-0.05199447
-0.21731728
-0.16842961
-0.00000000
-0.08884298
0.09871660
-0.13845056
0.02169572
-0.34215721
-0.16978484
0.04476573
-0.14115529
-0.08470389
0.00057341
-0.04309644
-0.06818251
0.06707760
-0.21623233
-0.18462044
-0.05269812
-0.07021073
-0.00727132
0.04017819
-0.01842812
-0.07716625
-0.16635913
0.00000000
-0.05887548
-0.11691426
0.05559430
0.04440124
0.02495036
0.02315280
-0.08133446
-0.05921359
-0.05217711
0.17797576
0.00049176
-0.06379553
-0.02685889
-0.05839160
0.01483807
-0.22598734
-0.06861897
-0.06615897
0.01793242
-0.02211131
0.14659497
0.10094150
0.14639103
0.16624896
-0.00871515
0.14804007
-0.05647553
-0.01962493
0.05248767
-0.00000000
-0.18066241
-0.02797347
0.06778240
-0.13401069
0.05491680
-0.04010316
-0.17607565
-0.02329342
-0.07631207
-0.17430609
0.15414682
-0.40369341
0.02815853
-0.01980513
-0.16856895
-0.06997921
-0.11637997
-0.00461923
-0.00639109
0.01556632
-0.15856081
0.17592008
-0.02304950
0.11224265
-0.16021971
-0.03687232
0.08245394
-0.02939684
-0.10861327
-0.05976415
0.06492264
-0.20247959
-0.24817505
-0.22265995
-0.17162034
-0.15164834
0.02304511
0.12444738
-0.00046401
0.12444139
-0.07456551
0.08239379
-0.19440630
0.27062210
-0.05019308
-0.05629882
-0.08319876
-0.01040724
-0.27642623
0.09815186
0.09094910
0.07638352
0.08052772
0.05564228
0.17141777
-0.08347600
-0.03939353
0.08009108
-0.04857690
0.01324880
-0.05736907
-0.06700224
0.14840452
-0.10536820
-0.05600615
0.07933895
-0.01221341
-0.14549217
0.08263800
0.06402089
0.05890488
-0.10524410
0.10559666
0.35669991
-0.00000000
0.15533341
0.01427887
0.07884420
0.01438445
-0.25916734
0.01156810
0.29546621
0.02338045
0.06430504
-0.06037621
0.29464182
-0.14747158
-0.00103627
0.05418207
-0.02291226
0.04107472
-0.03093662
0.04558437
0.02889015
-0.00958751
-0.04498201
-0.01775714
0.00000000
-0.08510039
-0.05471735
-0.15499036
-0.01284432
-0.01099198
-0.08592306
-0.06800613
0.03310428
-0.01283428
0.11420946
-0.05844419
-0.04569313
0.09975364
0.11923247
0.07827450
-0.06045674
0.01579672
0.03337452
-0.05994810
0.00538761
-0.03382945
-0.00717512
-0.07969689
0.04365381
0.05193552
-0.08294348
0.03463690
-0.05289196
0.03706790
0.00000000
0.14080890
-0.01852048
-0.13024770
-0.04228300
-0.08508089
0.12440589
0.07357519
-0.06124561
-0.03980755
0.03409944
-0.17905867
-0.29553902
-0.03746554
-0.02164095
0.03630945
0.05896509
0.22812343
-0.17288585
-0.00048800
-0.18254451
0.02574451
0.08824760
0.06299105
0.21466073
0.01355372
0.11665401
-0.03147744
-0.00838705
-0.07139736
0.14701158
-0.03273464
0.05998579
0.10599872
-0.09604762
-0.01581198
-0.04697948
0.23769429
0.13666089
0.00517497
0.11601615
0.04132682
0.02510542
0.05670986
-0.09160922
-0.00269176
0.15621313
-0.06180711
0.01618708
0.06444500
0.16390885
0.15447205
-0.02254743
0.04452647
0.00917195
0.00497717
0.02590705
-0.04855147
-0.02480473
-0.06108773
-0.00643325
-0.00689538
0.01204832
-0.05435817
-0.04706706
-0.00654785
0.09433930
0.07945380
0.14931038
0.01379187
0.09495693
0.19213299
-0.03913540
0.06392119
-0.02722278
-0.00000000
0.02298041
0.11165994
-0.12615772
-0.14535141
0.09486532
0.02106122
0.04293320
-0.02732987
0.10161935
-0.06909304
-0.03763988
0.01470888
0.16191886
0.08096296
-0.23040745
-0.09609767
0.03261691
0.09813217
-0.06980769
0.01255692
-0.03362372
-0.00137233
-0.00000000
0.07021625
-0.00529905
-0.00059219
0.00388225
-0.10020823
0.04054990
0.12055344
-0.04907867
-0.04587081
-0.07487040
0.14885572
0.04613705
0.01233390
-0.00408107
0.03203736
0.04064742
-0.05010976
0.01431415
-0.11881478
0.12437338
-0.09343284
0.00580197
0.01219127
-0.07030258
0.02458631
0.00913781
-0.00217919
0.12254768
-0.02335387
0.00000000
-0.11845654
0.00994481
0.03292131
0.04828069
-0.00579815
-0.01698238
0.06053533
0.06160374
-0.00427548
0.06195065
0.09253247
0.06363490
0.04198178
-0.01788362
-0.12296715
0.02401866
0.16417994
-0.03297109
0.00043320
0.14638428
-0.01521823
-0.04054330
0.03041586
-0.11037057
0.07514900
0.04752336
0.05633906
0.03696625
0.07786059
0.04884715
0.01160396
0.06915621
0.06145512
-0.03644826
-0.08846641
-0.07282177
0.17653656
-0.05395279
-0.03160441
-0.06680953
0.09018449
0.33110672
0.21110564
0.20775503
0.05515769
-0.07627918
0.26601452
-0.01269521
-0.24936591
0.18417166
-0.11466037
-0.09779666
0.00549388
-0.04855093
0.19960317
-0.01572755
0.31586105
0.10217162
0.00228169
-0.07860833
-0.04738633
0.13152474
0.19259721
-0.00224841
0.05276287
0.22036174
0.04971405
-0.03012090
0.25549188
0.14469558
-0.23701505
0.05045813
-0.04559024
0.21024314
-0.00000000
0.12418665
-0.25820965
0.00186536
0.06167687
-0.07021751
0.17544100
0.28379565
-0.04766560
-0.26023191
0.05000586
0.25263003
-0.20477745
0.01175681
0.05811666
0.13593024
-0.36524981
0.15733622
0.00361213
-0.39164194
-0.01379419
0.01505324
0.06958853
0.00000000
0.22448403
-0.07206667
-0.11369780
0.03720986
-0.21743867
0.14036345
-0.04126641
0.04570846
-0.16158205
-0.01543508
0.00002885
0.07454433
-0.08652315
-0.24489446
0.01363827
0.16458660
-0.16999204
0.06370603
0.15659493
0.14773394
0.37708297
-0.23172908
0.31416574
0.06700718
-0.16048798
0.00816105
-0.15765269
0.43761355
-0.11462080
-0.00000000
0.01018681
0.02980161
-0.01850397
0.04746430
0.15457980
-0.10134568
-0.16263835
0.10284477
0.21168120
-0.00448436
0.44336757
-0.13779201
0.02494937
0.22139615
-0.22073102
0.08012101
0.25389531
0.18123369
-0.00028009
0.36490729
0.05458852
-0.10355793
0.01515512
0.06683171
0.30339131
0.25849399
0.09866246
-0.00841293
-0.04858891
0.10890066
0.18019229
0.22376838
-0.15882124
0.15428373
0.02872068
0.11715088
0.01683357
0.05744947
0.01862092
-0.16256854
-0.04228567
-0.02218728
-0.16753346
-0.03953102
-0.02190189
-0.12045500
-0.07174060
0.01450285
0.08311051
0.01832489
0.12913118
-0.01410158
-0.02203143
0.01295869
-0.04366934
-0.23393582
-0.05818821
0.04654564
-0.15020369
-0.08358546
-0.14153215
0.06628978
0.09948794
-0.00435000
0.00048586
-0.26535878
-0.07514834
-0.14466192
-0.08264248
0.03744327
-0.04051384
-0.01398103
0.11958690
-0.01684241
-0.00000000
0.21212357
-0.08105633
0.05228410
-0.01429018
0.24876574
-0.02054633
-0.05865338
0.09537207
-0.13269547
-0.10558539
0.01727971
0.03597540
-0.11612125
0.00443856
0.10053081
0.20938906
-0.03615805
-0.01457879
0.02342821
0.00737882
-0.13931292
0.22406334
-0.00000000
0.05787987
0.12209798
0.10923531
-0.13745265
0.05147377
0.01729831
0.09604593
0.10896637
0.13759308
0.01414166
0.13237865
-0.10920477
0.16322099
0.10652697
0.02418228
0.18484564
0.07927586
0.04915799
0.12302701
0.13060185
0.00041102
-0.00838954
0.04295153
0.11490584
-0.11305559
0.01073158
0.02171597
-0.15562229
-0.02635742
-0.00000000
0.11553235
0.18414374
0.01605940
0.22681803
0.08650715
-0.19185829
-0.14294891
-0.08406477
0.24083476
0.28264239
0.03537921
-0.02072568
0.02814033
0.03633761
0.01562568
-0.04789677
0.05819323
0.26534998
-0.00269182
-0.11517261
0.10260286
-0.04965119
0.09756966
-0.10014372
-0.06205450
0.01460479
-0.09346016
0.02308319
0.09034643
-0.07909784
-0.01113735
-0.15416186
-0.00174794
0.07447346
0.22867981
-0.11312608
-0.26623610
0.09318465
0.03842385
0.10787509
-0.08378045
-0.01420040
-0.21597698
0.09090156
0.02605237
-0.10277826
-0.10105629
0.00907484
-0.32068881
0.02577887
-0.12946118
0.09622346
-0.02793886
-0.01293261
-0.24299499
0.07682902
0.16988064
-0.04702879
-0.11366018
0.18440206
-0.02785905
0.18694766
-0.03130886
-0.00256895
0.01330837
-0.03200532
0.20160639
0.02927173
-0.11826885
-0.15594284
0.21112761
0.11706740
-0.08089362
0.13078894
0.00000000
0.47091788
0.03587925
-0.09291402
0.26665148
-0.07655455
-0.03564008
0.08871821
0.04072705
-0.15397365
-0.10645495
0.06696673
0.04860441
0.11473047
-0.12866879
0.03672947
0.02160504
0.06732997
-0.20668679
0.14948137
-0.00266836
-0.12066346
0.16860332
0.00000000
-0.07024568
0.02265779
0.09980035
-0.04738470
0.18282972
0.12949073
-0.15522873
-0.07601425
0.07292193
-0.00775042
0.12503222
-0.00071326
0.06769286
0.18567799
-0.14190239
-0.00442474
0.05681932
0.00890743
-0.01265852
0.00615287
0.05344516
0.18143564
0.13404956
-0.05482135
-0.09671726
0.04781382
0.13145877
0.19368988
-0.11230507
-0.00000000
-0.11259904
-0.01391352
-0.17908452
0.02798902
0.09284843
-0.13629721
0.19624172
0.12435058
0.03194921
-0.10831176
-0.03602931
-0.14398266
-0.16706285
0.11324883
0.00368519
-0.00009899
0.10800450
0.01571289
-0.00000008
0.14629564
0.04902769
-0.02894396
-0.12178483
-0.08522390
0.02704579
0.00177356
0.06756198
0.01066188
-0.11866890
-0.17485999
0.07848086
-0.05165081
-0.02468554
-0.15905318
0.05821167
0.18221696
-0.43645284
0.05753559
-0.05201355
0.04666444
-0.13846286
-0.09191219
-0.22820306
0.04821230
0.02061825
0.07481447
0.07131830
0.00581101
-0.05118592
0.05269538
-0.16142139
-0.25802967
-0.22679861
-0.03183933
-0.04335407
0.16340216
-0.08309201
-0.00864151
-0.13718793
-0.03862096
0.04584949
0.16867708
0.14939176
-0.11464443
-0.14913478
0.16654004
-0.05136785
-0.12511835
-0.10184513
-0.02700419
0.11341896
-0.10662450
-0.01177415
-0.10212418
-0.00000000
-0.07680327
-0.08549722
0.01502458
0.20823376
-0.01665317
-0.00309929
0.07113429
0.11057068
-0.00490686
0.00821232
0.23720270
-0.04375074
-0.06136856
0.09010438
-0.01876915
-0.12163200
0.05060969
-0.17432094
-0.11628730
-0.00360590
-0.05065237
0.08347318
0.00000000
0.05090050
-0.02007810
0.36475390
-0.08022401
-0.09201363
-0.07746737
0.02522105
0.05854399
-0.10934207
0.07684194
0.22277072
0.14966886
0.16803120
-0.08164372
-0.07820854
0.32295537
0.00665032
-0.03143246
-0.17872843
0.21641131
0.11879721
-0.10543747
-0.02195908
-0.04664155
-0.30298063
-0.06050489
-0.18332095
0.19777972
0.16729824
-0.00000000
0.09183454
-0.09230667
0.00934479
-0.15482716
-0.13201223
-0.40759972
0.17820923
0.11235190
-0.00372297
0.18721887
-0.02943957
0.05977582
0.09480024
-0.12037231
0.02500023
-0.12917283
-0.01521672
0.09293985
-0.00000004
-0.02065194
0.13798137
-0.08267898
0.15542005
-0.25330845
-0.00258140
-0.07045178
-0.09482946
0.03315081
0.00661528
-0.06970407
0.16826975
0.05495905
0.11790127
0.01071052
0.10561021
-0.14513558
0.15671898
0.13521890
-0.06173591
-0.18149951
0.01513629
0.17336009
-0.22192420
-0.00639211
0.05979718
-0.04411725
-0.12660241
-0.04131185
-0.22443280
-0.17822316
-0.16116641
-0.05281394
0.11378770
-0.16442177
0.11229625
-0.03370497
0.09779422
-0.13128324
-0.22079512
-0.10151265
0.09603625
-0.27634382
-0.08610804
0.00929698
-0.21407023
-0.02057615
0.10695595
-0.11720835
-0.06949034
0.07962006
-0.10394674
-0.05631306
-0.03822785
-0.33311525
-0.00000000
-0.05818401
-0.02082857
-0.00761229
-0.14290355
0.00368473
-0.13962896
-0.13430305
-0.25131419
0.15108624
-0.20012999
-0.02823980
-0.34801829
-0.07187156
0.16458574
0.09586840
-0.05369723
-0.23151341
0.00828393
-0.09718962
-0.01062205
-0.09424940
-0.08075165
0.00000000
0.09974168
-0.20144379
0.16612589
-0.11513925
-0.15656176
-0.09506352
0.05521437
0.09014761
0.26176950
-0.02936131
-0.24174787
-0.08777982
-0.18265554
-0.10842858
0.00256601
-0.04746925
0.03371140
-0.04171143
0.04297358
-0.16020621
-0.08492551
-0.15085670
-0.09315212
0.04021156
0.01496045
-0.19293733
-0.12367834
-0.03584729
-0.04379105
-0.00000000
0.12963948
0.11239853
0.00085434
-0.06851231
0.13983645
-0.30741751
-0.14621341
-0.01652712
0.03950362
-0.14867054
0.04024439
0.00808402
-0.05699895
-0.29498056
-0.12106209
-0.36143494
0.03513341
-0.26497260
0.00399144
-0.08392193
-0.14172833
-0.15928312
0.04465317
-0.03221741
0.16755916
-0.07756800
-0.14324071
-0.00799420
0.03143216
-0.09585912
0.03113828
0.00913347
-0.07029627
-0.08971126
-0.02679870
-0.20732111
0.03501216
-0.08656491
0.19716971
-0.06238632
-0.01121928
0.10694405
0.18913306
-0.02211222
-0.02911825
0.00230662
0.06440278
-0.00463527
-0.01511457
-0.07571019
0.16251668
-0.06009524
-0.05451264
0.14725210
0.04021645
0.03376791
0.06335751
-0.00337222
-0.15237257
-0.59982073
0.23601925
0.08811832
-0.09151812
0.20409957
-0.01275489
0.03645956
-0.02090198
0.12948947
0.01142958
0.03320865
0.02276877
0.17840551
0.21466951
0.04618122
0.00000000
-0.02284369
0.16772665
0.02996027
0.07393342
-0.26524550
0.18631482
0.06306813
0.09955576
0.12739798
-0.10451748
0.00743425
-0.01150699
0.17367166
0.14027332
0.05745831
0.13861418
-0.00282705
0.11528668
0.15162463
0.00362684
-0.04724671
-0.10196920
0.00000000
0.09146789
-0.00591500
-0.06221720
-0.04376346
0.08254470
0.30198547
-0.10176027
0.03115376
0.29300690
0.15953922
-0.06368373
0.15320966
-0.20779647
0.13939525
0.26259929
-0.17166956
0.13306731
-0.01180187
0.09511174
-0.09363514
0.22654705
0.12407035
0.05238456
0.00657740
-0.18876840
0.00918773
0.28064287
0.33678579
0.02777078
0.00000000
0.08425121
0.24625005
-0.31457198
-0.19414881
0.05503625
0.04888628
0.11327358
0.29178423
0.04286574
-0.09078883
0.05309259
0.11308824
0.02371647
0.10383897
0.22825231
-0.28175697
-0.08945508
0.13671282
-0.00000001
0.19287077
0.02129995
0.17678624
-0.07088801
-0.03585766
0.23039022
-0.09009258
0.01872913
-0.02487818
-0.03654387
0.00502908
0.03207634
0.34286603
0.16736224
0.25285816
0.11829773
-0.00686841
0.03264016
0.06005493
0.15551612
0.27794683
0.04583631
-0.15136738
-0.19819529
-0.24384339
0.06067148
-0.03637863
-0.04946213
-0.00282459
0.00368382
0.09920976
-0.15903042
0.15140966
0.19053356
-0.01330729
-0.23199296
-0.21116036
0.19213839
-0.23860167
-0.00394382
-0.00575932
-0.28197995
0.00558447
-0.12257250
-0.07621925
-0.08213581
0.08280037
0.00795163
0.02369970
-0.15139022
-0.03576084
-0.09678844
-0.26929092
-0.09205791
0.00028556
-0.00000000
-0.09069567
-0.14301777
-0.28130293
0.06814273
-0.22419642
-0.10046823
0.00653687
-0.20527303
-0.09539118
0.05727723
-0.09636918
-0.03395205
-0.11990335
0.01089378
-0.10857815
-0.01486271
-0.12164738
-0.34722236
-0.04819309
-0.00386327
-0.11426283
-0.07016160
0.00000000
-0.05758286
-0.10430387
-0.16639408
0.04896446
0.01101720
-0.26239729
-0.15264119
-0.07882875
-0.18079190
-0.34448224
0.09313054
-0.16828367
-0.02558165
-0.11245602
-0.25466886
-0.13193101
-0.17016113
-0.04058966
0.00703274
-0.05255693
0.08172917
0.11387408
-0.03709089
-0.11430825
-0.08992613
0.10927102
-0.17485419
0.00274232
0.03275223
-0.00000000
-0.31854612
-0.01179146
-0.16724944
-0.20098490
-0.01621289
-0.04028585
-0.15124571
-0.21769074
-0.00800463
0.02651505
0.17843148
0.05819676
-0.02702801
-0.20703754
0.00793251
0.11889903
-0.06155317
-0.01941144
-0.00155013
-0.12022531
0.01940140
-0.14107791
-0.02468993
-0.23208717
-0.08777681
-0.12016255
-0.00127574
-0.02242148
-0.17558335
-0.05090365
-0.02782940
-0.04396702
-0.07255663
0.00548982
-0.18809628
-0.01889677
-0.18294464
-0.31980142
0.01381051
-0.26846787
-0.03310287
-0.04886073
-0.11843674
0.22709423
0.02208933
0.00335609
0.05288324
-0.03759794
-0.17376877
-0.12523463
0.15011494
0.18089721
0.00404825
0.07004266
-0.21078533
0.04005636
-0.20901579
0.01723070
-0.25267991
0.08125211
0.00440046
-0.12299627
-0.32987103
-0.00467494
0.00591676
-0.18130492
-0.13952650
-0.12935273
0.04603957
-0.00159415
-0.08746310
0.09649425
-0.00264422
0.01418397
-0.00000000
-0.17777616
-0.15611291
-0.10995184
-0.07435934
0.10787282
-0.01938023
0.00342314
-0.15370429
0.01955278
0.03378005
0.15093943
-0.00233139
-0.04872017
-0.17521398
-0.19597961
-0.07064167
0.06407996
0.04947397
-0.08686827
-0.00523152
0.04935661
-0.13210078
0.00000000
-0.06249622
-0.10593142
-0.42607495
-0.14641319
0.01747655
0.09081398
-0.19700092
0.03281620
-0.21648306
0.02716211
-0.09920419
-0.06027770
0.09035442
-0.02861237
-0.05696970
-0.10057420
0.04472460
-0.05368789
-0.14573538
-0.18406604
-0.15064454
-0.16374685
0.06992276
-0.04497908
0.10656199
-0.15498459
0.02396111
-0.08234603
-0.18740171
-0.00000000
-0.07400992
-0.12182795
-0.07330531
0.29019636
-0.18302462
-0.08648735
-0.08983083
0.01550397
-0.05262857
0.05916258
-0.17385896
-0.23753291
-0.13299455
-0.01442337
-0.05081811
0.09843387
-0.32131183
-0.02643018
-0.00208420
-0.09960676
0.09734789
-0.01234309
-0.33686894
-0.22084016
0.00225010
0.05937119
-0.17473115
-0.01242585
-0.13170788
-0.06394372
-0.07991920
0.01555576
-0.11117328
-0.03063047
0.06600441
0.17272651
-0.13111015
0.07695164
-0.05794736
-0.04115575
-0.11365867
-0.13309304
0.04017760
-0.17790571
0.06713938
0.00988300
0.10420611
-0.00515370
-0.03223260
0.02959562
-0.16847499
0.08935807
0.01645847
-0.01547450
-0.31134951
-0.15080877
0.08455086
-0.22807397
0.05145207
-0.09982716
-0.23792768
-0.02182009
-0.08527713
0.07133013
-0.09290712
0.06322154
0.02036938
0.04781295
0.01540694
-0.07039786
0.00321146
-0.27348605
0.15708883
0.00828335
-0.00000000
-0.13512565
-0.06442827
-0.14455976
0.12977313
-0.18531498
-0.11539581
-0.09505983
-0.16832197
-0.08393682
-0.03306888
-0.13641995
-0.09842848
-0.13366148
0.07630729
0.09781744
0.00239127
-0.06478820
-0.39844835
-0.02760411
-0.00433913
-0.16345982
-0.09403832
0.00000000
-0.06739407
-0.11330306
-0.26872307
-0.05403100
0.14975190
-0.18618773
-0.20306672
-0.03825618
-0.08206096
-0.33408400
0.07399219
-0.08691835
-0.10594136
-0.12819320
0.00995974
-0.03501155
-0.04274387
-0.05832472
-0.11910190
-0.08303053
0.13532773
0.11225956
-0.05697209
-0.02758786
-0.24175520
0.12039211
-0.11410839
-0.05279890
0.12926044
-0.00000000
-0.24310149
-0.06186486
-0.29145393
-0.12376365
0.12232920
-0.08388650
0.06048727
0.05667483
-0.08554579
0.04448773
0.19091843
0.09366060
0.01442684
-0.04364041
-0.09363553
0.12035078
-0.22638610
0.04534283
-0.00016528
-0.04590365
-0.02309033
-0.00731164
-0.05427671
-0.34122023
-0.09137316
-0.14799698
-0.04028920
-0.02157553
-0.21207722
0.00701319
-0.02310138
-0.12409146
-0.19729233
0.08652052
-0.18342037
0.01882654
-0.17806849
-0.37310717
-0.14009716
-0.20389624
-0.16107635
-0.07954817
0.05474113
-0.03715401
-0.07105757
-0.13952412
-0.19294664
0.01389047
-0.00827667
0.02040665
-0.17051518
-0.12420288
-0.04563608
0.00418268
0.22398421
-0.14137168
-0.25888082
-0.03110289
0.12092478
-0.02109317
-0.06388488
-0.12372601
0.29782733
-0.01323396
0.11750946
0.04817186
0.14750905
-0.12165781
-0.09630144
-0.13870679
-0.07981516
0.03370730
-0.02668203
0.04995697
0.00000000
-0.03326313
-0.07298310
-0.02624457
-0.11181051
-0.21982497
-0.06725789
0.05800475
-0.00119245
-0.22479020
-0.16505130
-0.07555733
-0.00736940
-0.11803142
-0.16765977
-0.14210625
-0.14234985
-0.04300418
0.03625407
-0.28779754
0.00202185
-0.03422284
0.04612410
0.00000000
-0.32702851
0.03560400
0.05962216
0.06468772
-0.16180511
0.02788335
0.00197267
-0.05044514
-0.21120468
-0.13920511
-0.01969072
-0.06704781
0.07843626
-0.15122341
-0.01473201
0.07668566
-0.00571087
0.01346066
-0.11136328
0.07302058
-0.10998046
-0.04284418
-0.23212752
-0.09660275
-0.06951653
-0.07922771
-0.01105942
-0.17119521
-0.07509203
-0.00000000
0.03305217
-0.12578996
0.16650319
-0.35970938
-0.11667604
0.11404385
-0.01476046
-0.04950255
-0.15966563
-0.05946670
-0.15566418
0.07787941
0.05483080
-0.02070701
0.00863365
-0.07753324
0.26224977
-0.15522289
-0.00306437
-0.12911794
0.00025747
-0.01610792
0.16458575
0.09072026
-0.08950332
0.09398901
-0.07237071
-0.02884482
-0.07371364
0.03697649
-0.05209821
-0.20679556
0.02768330
-0.01520837
-0.17936024
-0.24205032
-0.02817735
-0.01212887
-0.00292045
-0.05780488
-0.01614724
-0.20410317
-0.54315341
-0.17606434
-0.22828835
-0.14900659
-0.14031079
-0.01387318
-0.08022074
0.05670557
0.11631432
-0.05737867
0.15814123
-0.16075882
0.03678468
-0.59160596
-0.25744170
0.04020811
0.07527003
0.10796315
0.06309209
0.03215221
0.10384506
-0.23408990
0.07748757
-0.13196842
-0.13325314
-0.01729181
-0.18429548
-0.03961058
-0.06201557
-0.65846413
-0.13041469
-0.06427537
-0.00000000
0.05520604
0.04325872
0.18409419
-0.15068620
0.10900979
-0.56261081
0.04664773
0.15177612
-0.25783321
0.11166603
-0.23957060
0.07140879
-0.06934445
0.07700079
-0.00740753
-0.17009695
-0.09605506
0.19695510
-0.17590335
-0.00280827
0.04671176
0.03167905
0.00000000
0.03013584
-0.03303776
0.03149061
0.10500372
-0.21661752
-0.77939320
0.01617166
-0.14545591
-0.06557819
0.11135029
0.10288509
-0.02899382
0.18976657
-0.17130086
-0.04516455
0.05597832
0.04338083
-0.00802477
-0.13547058
-0.05067178
-0.23367441
-0.36081406
-0.21367437
-0.15981431
0.00822708
-0.07952561
0.02146853
-0.12723114
-0.20534278
0.00000000
0.05745439
-0.14867328
0.07736441
0.04559132
-0.21042126
0.00405721
-0.05752655
-0.00604948
-0.04690385
-0.07441802
-0.41151270
0.05958948
0.01972443
0.08431923
-0.10403491
0.12746994
0.05973089
0.07051169
-0.00001875
-0.25594404
-0.11989474
-0.07229377
-0.03012463
-0.09584721
-0.26630640
-0.05869498
-0.02641251
-0.04301886
-0.02057358
-0.12990661
-0.34283048
0.09818673
0.05522516
0.01082314
-0.03908525
0.03005023
-0.00080678
-0.13521864
0.05229575
-0.05207536
-0.05974052
0.24002519
-0.12932435
-0.32744613
0.09016785
0.05839697
-0.00805427
-0.01060401
-0.21760836
-0.15953134
0.13233505
-0.26568410
-0.64290297
0.16238065
0.05298886
-0.26554695
0.06701427
0.05632192
0.03998331
-0.11253958
0.16944379
0.08461591
0.05659374
0.10028483
0.07324799
0.05890194
-0.21906480
0.05283887
0.12737939
0.16171011
-0.05185479
-0.07429598
0.16202265
-0.07265218
-0.00000000
-0.01847907
0.06966359
0.16150001
-0.07409710
0.14968100
-0.16296645
-0.05249594
0.17824452
0.04768938
-0.08978553
-0.23820935
0.05081446
0.13504827
0.13413772
-0.01035681
0.08290862
0.11459517
0.16026957
-0.02226588
-0.00344057
-0.05154891
0.06853372
0.00000000
0.12239259
0.07377154
-0.30754828
-0.05631099
0.05434497
-0.01731239
-0.10245222
0.12360375
0.07980182
0.13392830
0.01176258
0.14362475
-0.14426087
0.19165683
0.18147469
-0.21712756
-0.02037132
-0.01746716
0.14139956
-0.14756751
0.01296554
-0.06365459
0.22430933
0.12425993
-0.13915144
0.05818873
0.15306571
-0.01334741
0.06336551
-0.00000000
0.12390810
0.20612146
-0.01791125
-0.14953104
0.13804436
-0.14790954
0.05942509
0.24647456
0.04617228
-0.24612638
-0.00817296
-0.16968682
-0.14820415
0.08453095
0.14780018
0.03284697
0.03000720
0.11571377
0.00050656
-0.05686515
-0.03912350
0.07344326
-0.20072205
-0.19543546
0.25776067
-0.51859087
0.11321124
-0.04494581
-0.08316538
0.01828744
-0.06547542
-0.00130757
0.26047537
0.08875152
0.12242433
-0.10385715
0.07597177
0.03715304
0.24452233
0.13957076
0.08204242
0.25257695
0.23438175
-0.04656240
0.10056669
0.08171650
0.07753985
-0.01346135
-0.05067401
-0.09587105
0.18096316
-0.08369593
-0.04108908
0.28042021
0.04695067
0.10282562
0.13706914
-0.00742579
-0.22609356
-0.80774391
0.31276008
0.13342787
-0.10890644
0.32894808
0.03981722
0.02990377
-0.03308793
0.21743147
0.10246725
0.11451641
0.07818290
0.37139085
0.36514130
0.03547411
-0.00000000
-0.01984603
0.21708536
0.01975480
0.11875255
-0.42693800
0.28701410
0.06374419
0.15131137
0.18848328
-0.15601189
0.01325911
0.01051027
0.21574144
0.31297961
0.22840308
0.17655966
-0.02102133
0.16398880
0.20876954
0.00355021
-0.07258336
-0.12906680
0.00000000
0.15885642
0.00005189
-0.09743068
-0.08818194
0.05303932
0.32972902
-0.13947733
0.09859100
0.33994886
0.13482869
-0.12276262
0.21572047
-0.36273664
0.08820788
0.40278277
-0.28900754
0.28157935
-0.01823724
0.20496950
-0.12397101
0.25730062
0.12538460
0.14726584
0.00714596
-0.27113393
0.10454093
0.39481524
0.48691601
0.11102989
0.00000000
0.13614470
0.30161786
-0.45482862
-0.25159660
0.07295110
0.06958320
0.07436869
0.39026171
0.04997478
-0.14165001
0.05124347
0.12619261
0.06307770
0.20499049
0.31171280
-0.41668352
-0.09715259
0.19471501
0.00001297
0.32960224
0.06334458
0.34943411
-0.11291042
-0.05089594
0.18078493
-0.08971237
0.10353354
-0.03969036
-0.05000618
-0.00313374
0.01116303
0.48397720
0.18502624
0.36521995
0.13609092
-0.00570306
0.06590485
0.07685947
0.28107038
0.38575435
0.05542554
-0.30833605
0.10120774
-0.42364806
0.37433067
0.30498546
-0.08383444
0.00151721
0.21283019
-0.32977721
0.01170768
-0.04675297
-0.22571743
0.07945423
-0.16279717
-0.07285463
-0.22054203
0.02161355
0.22089036
-0.12880482
-0.16224638
0.00614872
0.17333083
0.11210138
-0.17250286
-0.24193217
0.12416112
0.08813415
-0.13569206
-0.16578571
0.23697251
-0.22104439
0.10692904
-0.11751837
-0.00000000
-0.20245382
0.17617120
0.08547649
0.16761753
-0.10889637
0.04839248
0.05123730
-0.09686287
0.16268292
-0.16411667
-0.35232028
0.06586229
-0.08328040
-0.17532250
0.26516837
0.23202814
0.25133610
0.02273647
0.29909784
-0.00583385
-0.18869326
-0.00442109
0.00000000
0.00777671
-0.26242870
0.27154416
-0.01860757
0.31228641
-0.18727921
-0.16027389
0.39546648
0.03017491
-0.01120922
0.03858185
-0.13550206
-0.03315065
0.35042858
-0.45125815
-0.16143869
0.19458747
-0.02559395
-0.37616438
-0.03322592
-0.03642248
0.41542935
-0.32130238
-0.44974306
0.01040697
0.24958031
0.24452229
0.20353237
0.30682150
-0.00000000
-0.11652996
0.14095505
-0.20406830
-0.00014646
0.12003985
-0.06192444
0.21925005
-0.08603312
0.01724111
0.00005258
-0.07509623
0.23638433
-0.02822875
-0.06957848
0.21655537
0.03943973
-0.04685124
0.02174568
-0.00023425
0.13284081
-0.00932928
0.21832190
0.04866251
-0.14581209
-0.37261942
-0.34337491
-0.02778136
-0.02404611
-0.14379449
-0.18343021
-0.09588515
-0.10905913
0.04631566
0.11427123
-0.08670859
-0.18123630
-0.02707036
-0.10277075
-0.16792977
0.16265810
-0.06103188
0.00791463
0.11904172
-0.04972337
0.04513241
-0.02482050
0.21172296
0.00125231
0.10256190
-0.28995946
0.10415772
0.01369223
0.01067422
0.00308522
0.10179450
-0.21195833
0.00674463
0.12828654
-0.02934843
0.01308085
0.05568469
0.03685736
-0.07074230
-0.00638871
-0.09982248
-0.09125114
0.05331045
0.04665142
-0.09140973
-0.14564489
0.04427993
0.01822234
0.07676719
0.13320854
0.00000000
0.21450421
-0.00160378
0.10696357
-0.14240950
0.02336715
0.14260563
-0.07709118
-0.02778301
0.02608389
0.20722447
-0.03238891
0.14637256
0.05632045
-0.09130634
0.04510700
-0.00562924
0.00210276
0.00574437
0.01587403
-0.00966374
0.29348743
-0.12261403
-0.00000000
0.10597868
0.12211891
0.15822089
0.03938923
0.07783134
0.00099449
-0.09499873
0.02138513
-0.02826878
0.07138542
-0.21302728
-0.03283880
-0.03916695
0.01293770
-0.02587426
-0.31616902
0.00826665
0.03799720
0.05420864
-0.18473099
-0.00873072
0.03594107
0.22000276
0.05153930
0.02823893
-0.01403961
0.07630210
0.06639604
-0.03418180
-0.00000000
0.06342246
-0.14074290
-0.05121147
-0.06999461
-0.08107352
-0.02928096
-0.01155623
0.02773024
0.14354436
-0.08663802
0.01102997
0.02099450
0.03087503
-0.13291754
0.08893828
0.13605550
0.28243446
0.14555275
-0.00329837
0.08697998
0.13007404
0.07749355
-0.08670531
-0.13976936
0.02056692
0.01910990
-0.10577882
0.00427106
-0.05243992
-0.20750141
-0.12704489
-0.01363648
-0.14049642
0.03468444
0.15812555
0.24041860
-0.15368441
0.00486397
0.02271016
0.03752476
-0.05622325
0.04125268
0.27766839
-0.03697797
-0.09317233
-0.10528950
0.23606685
-0.04437563
0.02731302
0.03810376
-0.14695181
0.04806099
-0.03140164
-0.06606666
0.18658020
0.11259058
0.17413135
-0.19098809
-0.06936835
-0.02284605
0.18221201
0.08676822
0.18738675
0.00238609
0.24790122
-0.00682063
0.09242921
0.07297072
0.05348469
0.06856824
-0.06544704
0.13183890
0.04204210
-0.10887867
0.00000000
-0.09871733
-0.08002911
-0.21451941
-0.07121993
-0.17736699
0.10754479
0.15923354
0.01176433
-0.15264998
-0.01857208
-0.10717295
-0.00836765
0.10991695
-0.00862609
-0.08405054
-0.25902009
0.10911236
-0.18255670
-0.13728236
-0.01733227
0.09954204
-0.04401528
-0.00000000
0.07429056
-0.00011213
-0.02957122
0.03241418
-0.27083817
0.10632537
-0.09107208
-0.09441597
-0.00278630
-0.09201163
0.03496319
0.07650736
0.19891649
-0.27271557
-0.02403933
0.03297310
-0.11213203
0.02825448
0.11735811
0.00565230
0.16487509
-0.15221708
0.06262021
0.10543747
0.22648756
0.05681663
-0.08287872
0.13651119
-0.16443923
0.00000000
-0.11262056
-0.03989251
-0.24277969
0.04869531
0.08095300
0.02855553
-0.10967014
0.00504631
0.07543181
0.21594478
0.09512111
0.05737397
0.06126364
0.16700703
-0.04724740
-0.15424392
0.09931591
-0.00739163
-0.00061897
0.17412420
0.12878203
-0.03471997
0.05330012
0.03126854
0.03583752
-0.17433205
0.06220827
-0.07477007
-0.14163217
-0.07186240
0.24038260
0.06716954
-0.20348236
0.06822709
0.00361210
-0.04409449
-0.12054344
-0.12888916
-0.02916828
0.01829768
-0.05067864
0.85835850
0.23833884
-0.29906186
0.75546706
0.20812917
0.11193991
0.00494868
0.05149092
-0.41375446
-0.09887221
-0.47138035
-0.92196506
0.08907812
-0.08156079
-0.00178551
-0.12411386
0.03193981
-0.02787273
0.02929253
-0.04368253
0.10719657
-0.21042205
0.18597169
0.01711837
0.23751615
-0.29022279
0.04675509
0.41450116
0.07343601
0.04378416
-0.00996606
0.15798007
-0.10166512
-0.00000000
0.10096959
-0.08889514
-0.05390681
-0.09941293
-0.09271412
0.10797179
-0.02048752
-0.19871065
0.21064997
-0.42707136
-0.10776103
-0.02834938
-0.02210129
0.47913882
0.02512875
0.10224053
0.21705055
-0.04902263
0.29737541
0.00743799
-0.14190811
-0.11349089
-0.00000000
-0.05057985
-0.05578727
0.05224851
-0.05636051
0.03049046
0.00221584
0.00979551
0.43389535
0.09635664
0.12691984
-0.09354702
-0.00178054
0.08714359
-0.08344307
0.22853041
-0.30155683
0.14774202
0.00363253
0.05951573
-0.00751410
0.11241254
0.11897198
0.30387440
-0.15938228
0.02194430
0.12026635
0.03884880
0.08075399
0.13111115
0.00000000
-0.00307689
0.81035966
0.05288108
0.07787044
0.22079651
-0.29555106
-0.01343281
0.23814431
-0.08163665
-0.17657442
0.30654451
-0.26363578
-0.04907094
0.00248147
0.03018292
0.01537009
-0.13808367
0.04815952
-0.00000000
0.54137248
-0.03675502
0.58904129
-0.17494261
-0.15321967
0.68532699
-0.15586114
0.12308268
0.02185706
-0.06168843
0.23719805
-0.07458067
-0.06914154
0.04754483
0.15125713
0.08883157
-0.23237334
0.09161023
0.15722093
0.35675591
0.13225573
0.08441468
0.30782098
0.20482233
-0.29377526
0.01689343
0.03240069
0.14813937
-0.00297692
-0.11845867
-0.13902894
-0.07207231
-0.28196841
-0.37281039
-0.01699616
-0.08907861
0.19877444
-0.08441880
-0.04504064
-0.00437613
0.11395154
0.03337205
0.07248706
0.04266491
0.43547940
-0.03546715
-0.12373456
0.04335099
-0.07154790
0.16241501
0.08426765
0.04537885
0.19630046
0.04740410
0.02718696
0.00000000
0.00259292
0.01833067
-0.10777854
0.03809023
0.13751368
0.22259612
-0.13538603
-0.01360015
0.06431707
-0.03010177
-0.07731521
0.04700022
0.04656504
0.07463808
-0.07594473
0.02758650
0.15254126
0.01436733
-0.14108005
0.00486808
-0.00443065
-0.12152891
0.00000000
-0.01115569
-0.02245619
-0.08184433
-0.00061392
-0.12197915
0.19442922
-0.07399841
0.18606080
-0.01275745
-0.12661390
-0.05752514
0.12100293
-0.09034941
-0.01542546
0.00679241
0.00667733
-0.00464994
-0.00614668
0.03994475
0.08941036
-0.07061617
-0.11929797
0.08069941
0.08874620
-0.09774766
-0.00296076
0.00276043
0.09496234
0.03374290
0.00000000
0.00895972
0.11351880
0.04232470
-0.09516749
0.06610338
-0.02648542
0.17857802
-0.06703318
0.08775783
-0.02568872
-0.04125159
0.14673577
0.04510223
-0.05700170
0.12862515
0.00002198
-0.09221743
0.08571319
-0.00000000
0.03676463
0.04990648
-0.08763450
-0.04416021
-0.10415146
0.24776678
-0.00170076
-0.04757299
-0.00952785
-0.10338481
0.08559133
0.10600576
0.04407144
0.19668712
0.00817449
0.07699928
-0.08678178
-0.04859012
-0.00421919
-0.06178072
-0.01787429
-0.01023106
-0.01470402
-0.23581816
-0.05466811
-0.23547545
-0.05948258
0.00544029
-0.01126934
-0.20326373
-0.23166607
-0.20299357
-0.08215041
-0.40669093
0.00266272
0.14309002
-0.38824236
0.01742128
0.02542240
0.02913597
0.14876077
0.02737650
0.13839585
-0.08456862
0.04942137
0.04362933
0.04476314
-0.06894807
0.05277019
-0.01532534
-0.05764343
-0.13267362
-0.32413664
-0.07130066
0.11021273
-0.00000000
0.07730853
-0.00815358
-0.08859378
-0.04922980
0.08946070
-0.24299428
-0.02907880
0.10454497
-0.17846531
-0.04941394
-0.04274687
0.04082632
-0.06349549
0.04219123
-0.16085720
-0.27037168
0.03843490
-0.42876151
-0.21016710
-0.00285683
0.02234855
0.07191322
0.00000000
0.00349806
-0.05646675
0.07986270
0.17615642
-0.11325660
-0.46662128
-0.07563466
-0.24187188
-0.06723170
-0.07821500
0.09872547
0.11217123
0.13629541
-0.35215795
-0.18828858
-0.28251439
-0.01812232
-0.01431205
0.07412764
-0.13330124
-0.04199282
-0.03971759
-0.04819948
-0.13970591
0.04710445
-0.05271490
0.04311513
0.03267637
-0.12990043
0.00000000
-0.03054305
-0.09258484
0.21407872
0.17841072
-0.01180259
-0.02132897
-0.07386143
-0.01864975
0.10072053
-0.07902783
-0.02665712
-0.16054450
-0.13983543
0.16589759
-0.04884347
0.14262743
0.04568016
0.09502514
-0.00078529
0.00366865
-0.04823798
-0.02471995
-0.01842377
-0.07535808
0.03809766
0.22659960
0.10587259
-0.02906365
-0.07025270
-0.01874996
-0.03443455
0.13076699
-0.33443788
-0.01536784
0.04546796
0.00261596
0.06851355
-0.45847374
-0.09702440
0.04944333
-0.09757907
0.00480232
0.06356259
-0.04141696
-0.00756904
-0.00149108
-0.02253727
0.01671804
-0.05566406
-0.04163716
-0.05978496
0.05073736
0.04502498
0.04127200
0.01163249
-0.07103056
0.01600318
-0.10360584
-0.13388556
-0.01367442
0.03185882
-0.17004348
0.00610610
0.00985684
0.17635468
0.09888456
-0.07595246
0.10854381
-0.15224224
-0.03991772
0.03982364
0.06034788
-0.03810888
-0.02820555
-0.00000000
0.12666839
0.05083104
-0.13293794
0.06378420
0.00792456
-0.04912844
-0.08140569
-0.18125765
0.00433810
0.09277937
-0.11023645
-0.04357517
-0.06429370
0.02698744
-0.07933616
0.04825123
-0.00400932
-0.03121072
-0.00864067
-0.00783852
-0.02477727
0.11923937
0.00000000
-0.05704495
-0.26442784
-0.05527233
-0.06946973
-0.06922990
0.04212926
-0.03988777
-0.01218586
-0.07013779
0.01664566
0.04253870
-0.06696220
0.06011936
-0.03708787
-0.04985083
-0.00637445
0.07360768
-0.00800246
-0.03631958
-0.17068151
0.01613952
-0.04290989
-0.00388279
-0.01990595
-0.11571103
-0.02662102
-0.01863539
0.02916007
-0.00196782
-0.00000000
0.03481877
0.01279978
-0.01774223
-0.08201656
-0.05356408
-0.03811439
0.17274560
-0.03656804
-0.03494942
0.18295676
0.00436246
-0.03550278
0.08748609
-0.05673162
-0.05163898
0.07941329
0.13420600
0.05163022
0.00113165
0.09679404
0.02873408
0.05083563
-0.02183221
0.10636009
0.02455606
-0.05205663
0.02038660
-0.00306010
0.02615034
-0.03164314
0.01289353
0.02067020
0.00298472
0.00030660
0.06901356
-0.03051719
0.01326012
-0.02853237
0.12747240
0.05812752
-0.01430880
0.00873554
0.05561239
-0.08042703
0.02161723
0.04246347
-0.00586913
-0.01827892
0.01142348
0.00853792
0.02822703
-0.02029041
-0.00891231
0.13311826
-0.03007400
0.04915488
-0.02208904
0.11931606
0.03905240
0.01746678
0.03555182
-0.06112264
0.00097239
-0.02247365
0.14656708
0.03471227
-0.14215738
0.00365125
0.01998586
0.04671107
0.06865557
-0.01291598
0.04170496
-0.03171171
-0.00000000
0.15707241
0.06140365
-0.02105249
0.02391552
0.06444181
-0.28063324
0.06892014
0.23680544
0.00862831
0.05458524
-0.11445404
0.07071542
0.11699805
-0.00312167
0.11470041
-0.10074516
-0.29207519
0.01806715
-0.01457962
0.00745275
0.03989232
0.08672760
-0.00000000
-0.01757657
-0.03326045
0.02003954
0.14865503
0.04270721
-0.02838935
0.00604637
0.05340785
0.05820190
-0.01955395
-0.15060881
-0.05505942
0.01357122
0.09312245
0.02498017
0.06453062
-0.02178822
0.01586423
0.04256251
-0.01402216
0.04006387
-0.03227134
0.02218810
0.03256155
0.01921122
-0.05829928
0.07570221
-0.05207146
-0.00949293
0.00000000
-0.03019342
0.03475600
0.02623326
0.04437826
-0.00123256
0.15940173
0.09082526
-0.11689965
0.00386867
0.15235811
0.03663691
-0.00592395
0.20930457
0.01949668
-0.01620990
-0.00017757
0.12150830
0.01214879
-0.00017589
-0.01700906
-0.12646849
-0.05148518
-0.03452849
-0.01455293
0.01811527
-0.00534928
0.00144970
0.08243082
-0.05542779
0.01099048
-0.00068559
-0.01089842
0.02085435
0.11885080
-0.05754840
0.00137488
0.01036702
0.01253887
0.05859969
0.07229517
-0.00824976
0.10193596
-0.13324693
-0.04692151
-0.01993165
-0.05115565
0.09638917
0.00484081
0.01027330
0.07971804
-0.02022275
0.22566122
-0.00336605
0.03987783
0.35691419
-0.00257966
-0.04934556
-0.01360482
0.24248366
-0.03511224
0.14822671
-0.14854671
0.02894061
0.31218553
0.09095369
-0.01455599
-0.15493768
0.02370852
0.00571147
-0.07732920
-0.16174126
-0.01783517
-0.24693769
0.11596215
0.00000000
0.01413424
-0.07494537
-0.22529848
-0.07081055
0.04376933
0.17178099
0.26260325
0.23698629
0.13443722
-0.06001780
-0.13066982
-0.16808993
0.01477101
0.03908414
-0.15514416
0.14307491
0.16832085
0.10251674
-0.19077517
0.01019558
-0.36463478
0.09486488
-0.00000000
-0.16269828
0.17228766
-0.08108252
-0.07838696
-0.13103949
0.00406323
0.03201363
-0.02933765
0.16700748
-0.08244502
-0.07671349
0.00660246
0.31678221
-0.10771514
0.30527845
-0.04801970
-0.12339856
0.00476836
0.26020828
-0.04758318
-0.00941356
0.07598855
-0.01736170
0.43380889
0.10414955
0.12036624
-0.04466144
0.08488169
0.08805215
0.00000000
-0.16255376
0.02343881
-0.01971485
0.02580447
0.04613411
0.49093539
0.02160368
-0.09461591
-0.34062201
0.28294298
0.04839445
-0.11792269
-0.14845578
0.13262887
0.06198603
0.11001696
0.38706860
-0.27227044
-0.00002800
-0.05823638
0.06087987
-0.23131190
-0.07757864
0.43196470
0.06624089
-0.01193760
0.03136132
0.03772734
0.00029168
-0.09522268
-0.13315007
0.34433964
0.20707403
-0.08591087
-0.17284311
-0.19265537
0.11948828
-0.02756256
-0.04747256
0.04219404
0.13042693
0.01887254
-0.04828697
0.08621503
-0.00757127
-0.10676213
-0.01915937
-0.05548427
0.24290726
-0.24204946
0.00093435
0.02182372
-0.03537209
-0.11284333
-0.18066475
-0.03961317
0.08875946
0.09236982
-0.15376519
0.00910566
-0.04877590
0.04540861
-0.25072914
0.00905529
-0.11046191
-0.19844744
0.05379589
0.03225495
-0.09568136
-0.24595606
0.10980169
-0.05217109
0.00560648
-0.00774865
-0.00000000
-0.10924481
0.01512719
0.21029693
0.06516310
-0.13241941
0.05439192
-0.18301731
0.20356245
-0.04799959
-0.08933908
-0.01193094
0.10533641
0.01529035
0.15127994
0.10445654
0.06070596
-0.17629306
0.01024265
-0.00760393
-0.00030646
-0.17604882
0.21969882
-0.00000000
-0.07168848
0.03723140
0.00195756
0.09702346
-0.03890149
-0.08568519
0.10774109
-0.04933438
-0.13804813
-0.11180659
-0.32389975
0.09278551
-0.08784785
-0.03637549
0.05626007
-0.10982770
0.13477036
0.03533606
-0.10743912
-0.04766493
0.05579171
0.05075388
-0.02903349
-0.09260494
-0.28268468
-0.00758429
0.14495309
-0.18827170
0.01413619
-0.00000000
0.14990199
-0.04110586
0.08732941
0.08218782
0.01368511
-0.01307785
0.00930235
-0.02913036
-0.34087884
-0.18544921
0.00992000
-0.02971300
-0.14749564
-0.00321881
0.13104005
0.16315746
-0.29022568
-0.21153325
0.00086360
-0.09972148
0.04063048
-0.15809134
0.21302979
-0.06872922
0.05090420
0.05334416
-0.02502288
-0.10119355
0.23995996
-0.38085520
0.18140903
-0.14962229
0.06009123
0.05989621
0.06794973
0.04795549
0.06286882
-0.04164055
-0.16459811
0.05559300
-0.00691404
# B
0.02948883
-0.05074064
0.17207295
-0.19017050
0.01355961
-0.03878105
-0.01953821
-0.08217241
-0.02390150
-0.14883448
-0.08230681
0.08937464
-0.08035261
-0.07664090
-0.14017029
-0.32863051
0.00484293
-0.01140083
0.05376424
-0.11990201
-0.03832333
0.01281176
-0.12100071
-0.05922453
-0.07987140
-0.01597822
-0.05536624
-0.01476301
-0.04892033
-0.05096879
0.08047254
-0.08204624
0.05174320
-0.00000005
-0.10309200
-0.27924782
-0.12179165
-0.08347893
0.02456084
-0.05221683
-0.02029782
0.03049227
-0.07138664
0.01392349
0.11058120
-0.08565658
-0.14865460
-0.12867402
-0.24464482
-0.09278436
-0.07197828
0.03639936
-0.05879763
-0.01030067
-0.04695593
-0.08079273
0.00000000
-0.06406368
-0.04128929
-0.03963558
-0.05957329
-0.25441557
0.04331715
-0.11342491
-0.04419703
-0.12005008
0.08305670
-0.17068586
0.03134473
0.17481488
-0.04783970
-0.07379934
0.06585608
-0.10638595
-0.03210638
-0.15149441
-0.07738838
-0.28044832
-0.27155370
-0.18468554
-0.14738344
0.05091060
-0.16281714
-0.12584521
-0.18309610
-0.12619685
-0.00000000
-0.01314327
-0.11531924
0.00845948
0.09005755
-0.14305371
-0.00642782
-0.02189291
-0.14839289
-0.11537111
0.04291070
-0.22766744
-0.22877434
-0.01961584
-0.03980862
-0.01235926
-0.05409744
-0.02392019
-0.07181507
-0.00737180
-0.10877192
-0.05212467
-0.08825713
-0.13367331
-0.06735205
0.02524723
0.14698720
-0.10365912
-0.02805667
-0.14647317
0.00962038
-0.25472477
-0.05310775
0.07051150
-0.14583528
-0.03905129
0.00157904
-0.24572633
0.08039191
-0.11734690
-0.11864876
-0.04478726
# Layer Number: 1
relu
64 128
# W
-0.00042588
-0.00233165
-0.00678062
-0.06007816
0.02528101
0.01929616
0.03045274
-0.00680962
-0.00000000
-0.03635246
0.04746529
-0.00508935
-0.02013991
0.03549207
0.04381825
0.02285695
0.03491915
-0.01703102
-0.00248378
-0.00000000
0.12818794
0.02871624
-0.00000000
-0.00627118
0.00036103
0.16972619
0.02724398
0.06474930
0.06883481
-0.00000000
-0.00000000
0.01223995
0.00813141
-0.00000000
0.00133695
0.03703395
-0.21168035
0.01091821
0.01003856
0.01860154
-0.49854869
0.01727433
-0.00000000
-0.03414293
0.02741838
0.02656228
-0.00000000
0.07804532
-0.00000000
0.01308856
0.00061656
0.03585247
-0.04751066
-0.01096786
0.05426174
-0.59882480
-0.00000000
0.02045321
-0.00370070
-0.00407839
-0.04866649
-0.05132573
0.03813416
0.01174134
0.00000000
0.16169502
0.12484835
0.03622619
0.03650625
0.03608708
0.11271897
0.22397865
-0.00000000
0.01637854
0.10881174
0.07077798
0.12016198
0.11217824
0.11327358
0.10583284
0.07985994
0.08600755
0.10184997
-0.00000000
0.11237633
0.11762691
0.00000000
-0.00001421
0.12788752
-0.04089547
0.13557872
0.14071175
0.10949008
0.00000000
-0.00000000
0.06728739
0.17763504
-0.00000000
-0.00000000
0.13687082
0.09701674
0.13111152
0.10795497
0.05908692
-0.20517620
0.10689282
0.00000000
0.05827275
0.04771464
0.08198961
-0.00000000
-0.03743807
-0.00000000
0.14318687
0.09697752
0.12292603
0.15188989
0.12608521
0.01260429
-0.11853720
0.00000000
0.05422006
0.04013165
0.09023263
0.07224777
0.02925538
0.08068949
0.17266226
-0.00000643
-0.01090783
-0.31693727
-0.03070712
-0.28445658
-0.23284777
-0.06333707
-0.28514457
-0.00000000
0.03516655
0.00116008
-0.02997316
-0.17828248
-0.15213296
0.01594815
-0.05953732
-0.08894781
-0.04756949
-0.09843591
-0.00000000
-0.02110668
0.02500592
0.00000000
-0.01877224
-0.18803568
0.03096815
0.00787154
-0.05924401
-0.14382698
-0.00000000
-0.00000000
0.00267073
-0.23270443
0.00000000
-0.00056513
-0.30145466
-0.05076398
-0.00837110
-0.37364042
-0.01130642
-0.01854439
-0.04759125
0.00000000
-0.07634246
0.00873697
0.00286721
0.00000000
-0.05956499
-0.00000000
-0.16529751
0.01713317
-0.22268829
0.01271650
0.01132823
-0.28109518
0.05180190
-0.00000000
0.02445682
-0.02928622
-0.03678648
-0.03982840
-0.00823804
-0.00651932
0.04020934
-0.00205421
0.00042180
0.13264737
0.05848593
0.05639641
0.06116940
0.02213473
0.05617604
-0.00000000
0.01319959
0.00998829
0.01789724
0.11929142
0.07523253
-0.00989893
0.07298962
0.03285177
0.02503223
-0.05495623
0.00000000
0.03901963
0.01718348
-0.00000000
0.01301672
0.04943304
-0.21038382
-0.06993738
0.06026166
0.10394199
0.00000000
-0.00000000
0.01329072
0.07210110
0.00000000
-0.00001998
0.09794101
0.17084827
0.02564761
0.11709498
-0.00910205
-0.27925879
0.03610221
-0.00000000
0.08140762
0.06584747
0.02938634
0.00000000
-0.02662458
0.00000000
0.00708693
-0.04308094
0.03928561
0.03975633
0.05879020
0.09424489
-0.05231371
-0.00000000
0.02301667
0.04631022
0.00518062
-0.06093479
-0.02085631
0.00188843
-0.00082107
-0.02681722
0.03899924
0.07210188
-0.04394072
0.02899641
-0.02196762
-0.03987662
0.01025879
-0.00000000
-0.00651725
0.04774763
0.04923995
0.00931539
-0.02986025
0.02091927
0.00693916
-0.00432879
-0.03940964
-0.08786844
0.00000000
-0.05488836
0.03751314
-0.00000000
0.00971734
0.03512336
-0.01455293
0.00793852
0.02586146
0.01123518
-0.00000000
-0.00000000
-0.02582988
0.01800120
0.00000000
-0.00000000
0.04722500
0.10422984
-0.00822438
0.02717190
-0.02977223
-0.25271246
-0.04340989
-0.00000000
-0.00068900
0.03684514
-0.06657650
0.00000000
-0.00539043
-0.00000000
-0.00540889
0.00909428
-0.02355372
0.03747136
0.04473764
0.06149540
-0.12849863
-0.00000000
-0.00877042
-0.01035761
0.06023414
0.05330478
-0.00595263
0.03481942
0.06447426
-0.00000000
0.03336085
0.03442343
0.08809397
-0.00528918
0.02820170
0.06890668
0.01623442
0.00000000
-0.01606615
0.03016671
0.04180742
0.04840944
-0.02922795
-0.01568215
0.06750230
-0.01719177
0.10720392
0.02252650
-0.00000000
-0.06036466
0.04623445
-0.00000000
-0.00019394
0.07399128
0.07792158
-0.01480947
0.06081439
-0.00827885
-0.00000000
-0.00000000
0.11872999
0.02441885
0.00000000
-0.00000007
0.01372306
-0.01740101
0.07576605
-0.01391705
0.06643187
-0.24896783
-0.03310884
0.00000000
0.05974967
0.10442789
0.04175481
0.00000000
-0.02193487
-0.00000000
0.04362516
-0.00783297
-0.03945158
0.08109884
0.10219424
-0.08012974
-0.07807359
0.00000000
0.03601444
0.05425876
0.02442183
-0.01914876
0.07484413
0.04241982
-0.00739327
-0.00000000
0.00682971
0.01683416
0.00559309
0.00156192
0.00523260
0.01386138
0.01587063
-0.00000000
0.00061854
0.00054906
-0.00256574
0.01337067
0.01259053
-0.00586116
0.00467898
-0.00072283
0.01226976
0.01608508
0.00000000
0.01275438
-0.00330616
-0.00000000
0.00000000
0.00788048
-0.00976271
0.00776645
0.00853020
-0.00323874
0.00000000
-0.00000000
-0.00110522
0.01338408
-0.00000000
0.00000000
0.00636710
-0.03051660
0.00179689
0.00287348
0.01415449
-0.00430916
0.00314829
0.00000000
0.00940423
-0.00268152
-0.00208343
0.00000000
-0.00050095
0.00000000
0.00658497
0.00242964
0.00940217
0.00218518
-0.00327884
-0.00232185
-0.03079099
0.00000000
-0.00244874
-0.00459851
-0.00571432
0.00939073
0.00289638
-0.00507417
-0.00564002
0.01477829
0.10123543
-0.11444654
0.00742210
-0.20857783
-0.19686715
0.02006485
0.01463571
0.00000000
0.02864909
-0.13149501
-0.07493277
-0.11017016
0.01622075
-0.24199063
0.03100186
-0.09820922
0.05558088
0.02930944
0.00000000
0.06004662
0.05024809
-0.00000000
-0.00073423
-0.16462986
-0.08998359
0.04037577
-0.15655763
-0.11899310
0.00000000
0.00000000
-0.11546756
0.01736731
-0.00000000
-0.00008434
-0.14754787
-0.01989553
-0.06962457
-0.01944410
0.00363271
-0.06152181
-0.09552847
-0.00000000
0.00583618
0.06726842
-0.12003583
0.00000000
-0.20770401
0.00000000
-0.28333673
0.05814151
0.01303566
-0.11435146
0.04376590
-0.05462783
-0.07263038
0.00000000
-0.01092441
-0.01980088
0.03947290
-0.25146019
-0.10324774
-0.16936938
0.03457860
-0.00561589
-0.10440242
-0.19345112
0.01231119
-0.08699805
-0.08244649
-0.01113093
-0.21921387
0.00000000
-0.01630414
-0.13911070
-0.01453405
-0.14497991
-0.04233608
-0.12092981
0.00210465
-0.12991200
0.02157180
0.00002611
-0.00000000
-0.04998837
-0.12733296
-0.00000000
-0.00767033
-0.13859704
0.01213571
-0.08554954
-0.09618318
-0.01317937
-0.00000000
0.00000000
0.02788824
-0.22770944
0.00000000
-0.00000299
-0.22595090
-0.00642312
0.00184232
-0.15955879
0.00876577
-0.07078715
-0.02711133
-0.00000000
0.06367827
-0.10661522
-0.05533356
0.00000000
-0.03957327
-0.00000000
-0.08835956
-0.11996803
-0.02635569
-0.16630597
-0.09625921
-0.09185543
0.09935796
0.00000000
-0.08073950
-0.06697860
-0.05426842
-0.17285490
-0.06279857
-0.12850694
-0.11796366
-0.00001478
0.16992702
-0.04674345
0.01773334
0.00513757
0.04034792
0.06314991
0.02472852
-0.00000000
0.00374294
0.15587471
0.02235990
-0.01656471
0.02215105
0.20020267
-0.01096659
0.08488385
0.01738739
0.00521156
-0.00000000
0.07747851
0.11213764
-0.00000000
-0.00244740
0.02981589
-0.08161721
0.15919060
0.12184167
0.05368597
0.00000000
0.00000000
0.03930140
0.07449331
0.00000000
-0.00000000
-0.02874555
-0.07178121
0.09041964
0.06424993
0.04747999
0.09958185
0.09653705
0.00000000
-0.01239344
0.10864381
0.06548623
-0.00000000
0.04224903
-0.00000000
0.06653344
0.14143795
-0.06939832
0.06849937
0.07611419
0.04439902
0.03030064
-0.00000000
0.12604199
0.02504293
0.10645749
0.13700698
0.09931129
0.18007737
0.09292042
-0.00110758
0.07545105
0.11616869
0.02916388
-0.00358168
-0.03434334
-0.04145230
-0.07269990
-0.00000000
-0.01361096
-0.07077777
-0.10977893
0.10433991
0.01086162
-0.22309844
0.09430531
-0.05662375
0.01142838
-0.16295390
-0.00000000
-0.01059079
0.04979324
-0.00000000
0.01173311
0.03651945
0.09307507
-0.09428380
-0.03974486
0.00333977
0.00000000
0.00000000
-0.07336707
0.14777300
-0.00000000
-0.00000416
-0.08658407
0.00825407
-0.02857714
-0.03557962
-0.01472242
0.13318083
-0.10894953
-0.00000000
0.03113936
0.01151723
-0.11922760
0.00000000
-0.12175927
-0.00000000
-0.05407300
-0.02654569
-0.05527371
0.01354211
0.01758503
-0.04292380
0.09166514
-0.00000000
0.00953398
-0.01456126
0.09063047
-0.07333779
-0.09323955
-0.06976047
-0.10498995
-0.00000000
-0.14778584
-0.09309274
0.01531316
-0.13719510
-0.17429300
-0.07171299
-0.17750496
-0.00000000
0.00899760
-0.04450661
-0.04402431
-0.14885156
-0.00793734
-0.07759224
-0.19403291
-0.08284938
-0.09548064
-0.02937032
-0.00000000
-0.17295572
-0.09716967
-0.00000000
0.00459047
-0.13327657
0.14510423
-0.04689151
-0.11550867
-0.21172890
0.00000000
0.00000000
-0.01077598
-0.12508287
-0.00000000
-0.00000004
-0.23041245
0.24755929
-0.08281268
-0.19292082
-0.05595655
0.03000129
-0.10636348
0.00000000
0.01536125
-0.08384028
-0.04372852
-0.00000000
-0.04542801
0.00000000
-0.06434919
-0.11912026
-0.21964091
-0.10273775
-0.00711371
-0.16405784
0.01046271
0.00000000
-0.09678925
-0.03413567
-0.05194885
-0.02190322
-0.04162161
-0.04162793
-0.05177248
-0.00465817
0.06050283
-0.02146754
0.06613462
-0.00996229
-0.03295698
-0.01282501
0.00977311
-0.00000000
-0.02736958
-0.01885687
0.01309825
0.03126265
-0.04681585
-0.00398688
0.01783372
-0.08478097
0.01432589
0.00744299
0.00000000
-0.00668495
0.08117915
0.00000000
-0.01116576
-0.03626683
0.03249117
0.08013347
0.02296706
-0.02173036
-0.00000000
0.00000000
0.05051083
-0.00226928
-0.00000000
-0.00000000
-0.00424706
-0.18212910
-0.03517322
-0.00860608
0.03294868
-0.20019473
-0.05925665
0.00000000
0.02245847
0.05682612
-0.06213726
0.00000000
-0.03351007
0.00000000
-0.00275700
0.08590134
0.01790760
0.06630909
0.03918894
-0.00298990
-0.04059735
-0.00000000
0.03664699
0.01406977
0.08258915
0.04671707
-0.00009989
-0.01336251
0.01619283
0.00403021
-0.12749523
-0.00454924
-0.11999357
-0.07472382
-0.11519731
-0.05495790
-0.15085492
-0.00000000
0.00321681
-0.12019137
-0.02874396
-0.02120807
0.03574970
-0.09233434
0.07284867
-0.06036664
-0.05088562
-0.13731423
0.00000000
-0.08825826
-0.07775394
-0.00000000
-0.00698198
-0.08625145
-0.08818019
-0.16270891
-0.19544600
-0.09295301
0.00000000
0.00000000
-0.07644320
-0.19184801
-0.00000000
0.00020031
-0.10687238
0.01474297
-0.03944125
0.02785060
-0.05095067
0.08294446
-0.14204556
-0.00000000
-0.08378212
-0.12778270
-0.04234976
0.00000000
-0.18169270
-0.00000000
-0.10695057
-0.06597661
-0.04019627
-0.11155446
-0.06485325
-0.01222535
0.12022539
-0.00000000
-0.12655582
-0.05995129
-0.16736758
-0.14590697
0.05021444
-0.08718140
-0.04784675
-0.00000305
0.10205150
0.07314910
-0.02561880
0.04102873
0.07611959
0.05521213
0.14376236
0.00000000
-0.00036055
0.12576199
-0.05032894
0.02995740
0.06550577
0.02916770
0.05410732
0.10072882
-0.00789514
-0.03097484
0.00000000
0.10370649
0.12358838
0.00000000
-0.00000244
0.05664410
-0.06231409
0.13284515
0.05955669
0.03627905
-0.00000000
0.00000000
-0.02745636
0.18345633
-0.00000000
0.00000000
0.16408607
0.04993945
0.01360492
0.16464640
0.00356075
0.04041355
0.00442296
0.00000000
-0.03798939
0.11109696
0.00692043
-0.00000000
-0.01862589
-0.00000000
0.04071898
0.12144812
0.06275894
0.04176836
0.06510882
0.16754566
0.10581012
-0.00000000
0.06737670
0.05166245
0.12516271
0.12036516
-0.03032658
0.10604348
0.11499607
-0.00000000
0.05920112
0.07445956
0.01813405
0.03538275
0.06649927
0.10139434
0.10335086
0.00000000
-0.00302396
0.11918449
0.00763885
0.04848539
0.01903772
0.08344235
0.07419018
0.11770702
0.11630132
0.00952231
0.00000000
0.00979019
0.08415543
-0.00000000
-0.00003132
0.11126931
-0.09298608
0.03485138
0.03342593
0.05515663
0.00000000
-0.00000000
0.01377624
0.05963709
0.00000000
-0.00000001
0.10230285
0.03354957
0.06340910
0.09180079
0.07857288
-0.31517857
0.09244125
-0.00000000
0.10215979
0.08981599
0.04619904
-0.00000000
0.04166592
-0.00000000
0.09614671
0.06645011
0.08370416
0.02052040
-0.02150685
0.09417666
-0.19126227
-0.00000000
0.06549851
0.00673981
0.06961903
-0.00144686
-0.04240486
0.10182736
0.06960704
-0.00005587
0.09900140
-0.13186139
0.00119263
0.04377733
0.01289373
0.04417913
-0.16552344
0.00000000
0.05155555
-0.05896490
-0.00882902
-0.14887494
-0.08538105
0.08247188
0.02858605
-0.04671676
0.01696397
0.02091564
-0.00000000
0.00999150
0.00979574
0.00000000
-0.00752019
-0.17027761
0.09207415
0.00603080
-0.11702216
0.05235601
-0.00000000
0.00000000
0.01563922
-0.09865014
-0.00000000
0.00000129
-0.13285764
-0.11773135
-0.09142934
0.02730754
0.03022992
-0.02348639
-0.02606792
0.00000000
0.05966489
0.02797077
-0.01668264
-0.00000000
0.00504346
0.00000000
-0.14190175
0.05461464
0.05215892
-0.06827660
0.01421732
-0.02504859
-0.11882903
-0.00000000
0.02670908
0.01023068
0.08016468
-0.01406901
-0.01097146
0.05810158
-0.03845455
0.00107710
-0.17407238
-0.09621635
-0.06236779
-0.00913310
0.01540906
-0.00380877
-0.10857917
0.00000000
-0.00553887
-0.04917604
-0.03530385
0.02170619
-0.05825213
0.01824015
0.08686195
0.02602594
0.00446263
-0.01999178
-0.00000000
0.00794198
-0.04978768
0.00000000
0.00048540
-0.07994493
0.00500716
0.00929836
-0.09646399
-0.04691822
0.00000000
-0.00000000
-0.02965745
-0.12156348
-0.00000000
0.00000000
-0.06091019
0.07188058
-0.06011855
-0.14067738
-0.02355056
0.05392630
-0.07599127
0.00000000
0.01155770
-0.06928562
0.02647109
-0.00000000
-0.06312723
0.00000000
-0.08045156
-0.06321798
0.04063967
-0.15779975
0.03852610
-0.00001376
0.10649255
-0.00000000
-0.02460188
0.00767359
-0.13816588
-0.13066655
-0.01365829
-0.12974733
-0.03036137
0.00837291
-0.08362975
-0.16905862
-0.11351831
-0.00356689
0.00187200
-0.07583281
-0.20342322
0.00000000
-0.02228625
-0.04054746
-0.04768105
-0.22193681
-0.07284667
0.05749509
-0.07388176
-0.07307371
-0.08272053
-0.07761357
0.00000000
-0.04700065
-0.05675796
0.00000000
-0.00145768
-0.13809027
0.06950441
-0.05747402
-0.03272154
0.06466820
0.00000000
0.00000000
-0.07041311
-0.06871010
-0.00000000
-0.00000042
-0.18084672
0.06733046
-0.09002638
-0.06226207
-0.11849296
0.24034253
0.02445557
-0.00000000
-0.10215905
-0.11520813
-0.02174149
-0.00000000
0.00133497
0.00000000
-0.19746207
-0.09403458
0.02364910
-0.11014059
-0.17916697
-0.02992418
0.27033415
-0.00000000
-0.07645355
-0.08402911
-0.10032400
-0.11143863
-0.10630933
-0.05778946
-0.07596406
0.00077200
0.00170000
0.15835690
0.01101502
0.11743522
0.02486252
0.04358749
-0.01583769
0.00000000
0.05828485
0.11013237
0.10106839
0.13060157
0.07672410
0.02987926
0.08349857
0.05412757
-0.01797775
-0.01784208
-0.00000000
0.05720442
0.05066700
-0.00000000
-0.00021932
0.12221380
-0.12270254
0.11929729
0.04605763
0.08835068
0.00000000
0.00000000
0.02813324
0.07409240
-0.00000000
-0.00000000
0.06159173
0.29382145
0.04525688
0.04962574
0.01553314
0.13480942
0.00915826
0.00000000
-0.07342282
0.03144901
0.01940789
-0.00000000
0.04122179
-0.00000000
-0.05481099
0.09865165
0.01088637
0.01939438
0.11221700
0.14424413
-0.02833153
-0.00000000
0.08616678
0.08836737
0.09592988
0.01142574
0.08930905
0.10434000
0.05547802
-0.00101569
0.08653016
-0.12227805
0.06447221
-0.04295030
-0.01519013
0.07493069
0.01968614
0.00000000
-0.03956984
0.03234239
0.07961439
-0.07636342
0.01332782
0.04166125
-0.04289548
0.00166965
0.03685200
0.07007001
-0.00000000
0.02291293
0.08303509
0.00000000
-0.00008777
-0.08533952
-0.07254701
0.13640268
-0.04511271
0.00079614
-0.00000000
0.00000000
0.05995290
-0.02046482
0.00000000
-0.00000001
-0.02507570
-0.12081974
-0.02854937
0.01342279
0.07379964
0.06536195
0.05691602
0.00000000
-0.02885192
0.08541325
0.07117233
-0.00000000
0.12810974
0.00000000
0.02727452
0.08354188
0.03249598
0.01541910
0.09905107
-0.08086170
0.05450954
-0.00000000
0.04793250
0.09230870
0.03553751
0.05466671
0.04948682
0.02618996
0.00435076
-0.00041809
-0.13729292
0.01996617
0.06541888
-0.20458320
-0.22425003
-0.00345736
-0.10928870
0.00000000
-0.00720481
-0.19091196
0.00167437
0.16951852
0.02291449
-0.15676601
0.02528013
-0.18815915
-0.02066409
0.01349123
0.00000000
-0.14095621
-0.18370272
-0.00000000
-0.00625449
-0.07456481
0.02967192
-0.19595835
-0.09536960
-0.22422165
0.00000000
0.00000000
0.00752871
-0.02086568
0.00000000
-0.00040814
-0.10718387
-0.05531545
-0.03743176
-0.18063998
-0.02383305
-0.08495699
-0.15892257
-0.00000000
0.07892362
-0.18079145
-0.10955275
0.00000000
-0.11850135
0.00000000
-0.09569576
-0.20774554
-0.02145352
-0.04328647
0.11490151
-0.19085366
-0.09038900
-0.00000000
-0.13634798
0.12595887
0.00770546
0.01766032
0.06602786
-0.18365754
-0.11280018
0.01023865
0.06710412
0.02225273
-0.07870413
0.09865028
0.05037040
-0.04899514
0.01528901
0.00000000
0.00192345
0.08332718
-0.01763331
0.05931631
-0.02689295
0.06277104
0.03775879
0.03912282
-0.06017852
-0.09533823
0.00000000
0.00236756
0.07755428
0.00000000
-0.00332961
0.06798546
-0.04164176
0.04553730
0.07559648
0.05949364
0.00000000
-0.00000000
-0.04812147
0.05778170
0.00000000
-0.00000000
0.05456755
-0.01423570
0.00344559
0.01651989
-0.03770965
-0.06314474
-0.01744960
0.00000000
-0.08571744
-0.01597102
-0.01932645
0.00000000
-0.04145548
-0.00000000
0.11038469
0.01969560
-0.04879977
0.16581771
-0.00456763
0.00242237
0.21045533
0.00000000
0.04002431
-0.02156754
0.10496160
0.13209186
0.03456701
0.07244742
-0.03575591
-0.01325238
-0.05408549
-0.12928034
0.04960693
0.02274795
-0.00213564
0.11379728
0.00069353
-0.00000000
0.01564325
-0.09639379
0.06441917
-0.05671362
0.09138463
0.01643785
0.08663738
0.00558647
0.10151526
0.06822135
0.00000000
0.03083716
-0.01896567
-0.00000000
-0.00079059
-0.10309093
-0.03126391
0.01050774
-0.05757577
0.09675489
0.00000000
0.00000000
0.05718153
-0.10145958
-0.00000000
-0.00006571
-0.13935412
-0.06643466
0.03055364
0.02345365
0.05562889
-0.15754333
0.01072125
0.00000000
0.06242229
-0.05674618
0.05384790
0.00000000
0.07627464
0.00000000
-0.03673033
0.02190463
0.11156060
-0.07067920
0.03474603
-0.03839676
-0.17604543
0.00000000
-0.06659371
0.10572136
-0.05053650
-0.14034611
0.13253051
-0.02321880
0.12896955
-0.00000001
0.08653866
0.07118727
0.04464006
0.07122415
0.05120423
-0.00467137
-0.07606620
-0.00000000
-0.00871270
0.08644676
-0.03366562
0.06883369
-0.00585880
0.00041456
0.03631794
0.08920531
-0.01413367
0.03712799
-0.00000000
0.04782293
0.12846488
0.00000000
-0.00082536
0.08585986
-0.01255961
0.06214895
0.08060506
0.03199477
-0.00000000
0.00000000
0.04679468
0.00926019
-0.00000000
0.00000000
-0.04977223
0.02452084
0.05513489
0.01946075
-0.00146225
-0.14721513
0.02858573
0.00000000
-0.06073752
0.13243277
0.07305414
0.00000000
0.04430450
0.00000000
0.05944210
0.11570701
-0.01243199
0.10595758
0.09853238
0.04226312
0.01434313
0.00000000
0.08735526
0.11275025
0.08576953
0.07681470
0.05885187
0.05396669
0.01231673
-0.00386008
-0.05960672
0.02395497
-0.28976971
0.05861127
-0.00914773
-0.06853207
0.10637428
-0.00000000
-0.00739547
0.02322993
-0.15007061
0.02766988
-0.05995655
0.06468705
0.02728936
-0.01729017
-0.09211039
-0.14123845
-0.00000000
0.01028309
0.00499886
-0.00000000
-0.01281270
0.08880894
0.13239121
-0.01552926
-0.00031589
0.03453569
-0.00000000
-0.00000000
-0.23005697
0.06729257
0.00000000
-0.00000023
0.06556096
-0.02608855
-0.03022494
0.08851843
-0.10339507
0.07120310
0.02390690
-0.00000000
-0.13022499
-0.11354081
-0.09243556
0.00000000
-0.14420618
-0.00000000
0.10224024
-0.08480350
0.02150442
0.01111008
-0.08811390
0.02456565
0.08955747
-0.00000000
-0.01765711
-0.07291375
0.04190898
-0.00568475
-0.05891027
-0.02066608
0.04374927
0.00390270
-0.03671674
0.01672701
-0.04544114
0.09599797
0.06299674
-0.04841089
0.01944453
0.00000000
0.02190696
-0.03862224
0.04597597
0.00749035
-0.00877485
0.09600306
0.02732424
0.00000506
-0.06919400
-0.09253358
0.00000000
-0.01837953
-0.00050165
-0.00000000
-0.01297911
0.01617804
-0.09299369
0.02323244
0.07548985
0.03829458
-0.00000000
0.00000000
-0.03646414
-0.01613069
-0.00000000
-0.00000000
0.01839620
-0.09924481
0.07930353
-0.01803894
-0.03887443
-0.06165175
0.06159644
-0.00000000
-0.09469885
0.00268458
0.02958435
0.00000000
0.01422330
-0.00000000
0.03759052
0.03765151
-0.01092528
0.06692404
-0.00390192
-0.00975480
-0.09759672
0.00000000
-0.04335912
-0.06056724
-0.01308022
0.04530541
0.02802369
0.00894210
-0.00896412
-0.00000211
-0.00349435
-0.05776084
0.01618334
-0.03897260
-0.01433724
0.04392772
0.02175219
0.00000000
-0.05047138
0.01502705
0.05032877
-0.04870105
0.04280258
0.07260301
0.05744505
0.02570039
0.08457530
0.06865256
0.00000000
0.03078665
-0.00132783
-0.00000000
-0.00701338
-0.06810587
0.14419588
-0.02549297
-0.03622834
0.03970496
0.00000000
0.00000000
0.04864113
-0.05139024
-0.00000000
-0.00001360
-0.02219889
-0.05424528
0.04501421
0.01363379
0.03918682
-0.16664830
0.00682384
-0.00000000
0.04123633
-0.03344019
0.05031546
-0.00000000
0.07488742
0.00000000
0.05012457
0.02447333
0.00373764
0.00555351
0.00072614
0.01961821
-0.23240970
-0.00000000
-0.04274657
0.05965785
-0.01176358
-0.01348226
0.03469574
-0.04971004
-0.02709285
0.00032677
-0.00711061
0.06903825
0.02536713
0.07558344
-0.00564755
-0.00708256
-0.01591944
-0.00000000
-0.01636773
-0.02477196
0.04638969
-0.01402674
0.00670415
-0.06680469
0.04727636
0.03450988
-0.00905132
-0.01398011
-0.00000000
0.03201461
-0.02818777
-0.00000000
-0.00591040
-0.02572121
0.16434807
0.00125351
-0.00339932
0.06467875
0.00000000
0.00000000
-0.02050279
0.04223614
0.00000000
-0.00000000
-0.00401394
-0.14064737
0.03301252
0.10961872
0.01205637
-0.24180138
-0.06279003
0.00000000
-0.00345429
-0.01430422
-0.01123310
-0.00000000
0.02975459
0.00000000
-0.06632714
-0.03406987
0.01519096
-0.07941332
0.00578106
0.12570126
-0.18178479
-0.00000000
-0.01531559
0.06152746
0.01963619
-0.05241157
0.04380252
-0.02203529
-0.02142156
-0.00112150
0.07184491
0.05364555
0.02400007
0.03186093
0.05209368
0.02401995
0.07078496
0.00000000
-0.03233930
0.04085859
0.09533896
0.03176279
0.07174474
0.11912756
0.02343626
0.04567320
0.05746330
0.01262718
-0.00000000
0.02520964
0.06758150
0.00000000
-0.00592293
0.05291931
-0.02128036
0.04936996
0.06585016
-0.00165884
0.00000000
0.00000000
0.07982710
0.03046651
0.00000000
0.00000000
0.09942376
0.03458665
0.02417581
0.06676088
0.05772619
-0.10676344
0.03316545
-0.00000000
-0.00166261
0.01623672
0.09260421
-0.00000000
0.05737063
0.00000000
0.07881106
0.07805505
-0.01820864
0.01784281
-0.01428106
0.06461997
0.06737997
-0.00000000
0.04959640
-0.03262199
0.03388684
0.03681744
0.01864642
0.06349619
0.13535178
-0.00365121
0.04921426
0.06887498
0.04238059
0.05726884
0.06178738
0.02863698
0.06277758
-0.00000000
0.02166209
0.08554325
0.09101941
0.07829780
0.01993500
0.10544271
0.03712436
0.12527187
0.08240676
0.02953793
-0.00000000
0.03693033
0.06518000
0.00000000
-0.00069162
0.05389415
-0.10968058
0.08000193
0.10110267
0.10577635
-0.00000000
0.00000000
0.05183450
0.02433361
-0.00000000
-0.00000000
0.12728405
0.25575691
0.07718467
0.09362057
0.03314783
0.01040424
0.06133310
0.00000000
0.06093124
0.05024751
0.14293677
-0.00000000
0.06986247
0.00000000
0.09261384
0.06941057
0.04794013
0.08030076
0.14033002
0.05032799
-0.31445566
0.00000000
0.06047620
0.10874403
0.06912009
0.15579276
0.10562001
0.14833355
0.02431903
-0.00006230
0.03972930
0.11663669
0.02865740
0.02802260
0.06345473
-0.02167137
0.07213544
0.00000000
-0.01208000
0.03701073
0.06012943
0.06464081
-0.01451580
0.02674161
0.04307737
0.03757923
0.00756922
-0.02144652
0.00000000
-0.00860627
0.09019049
-0.00000000
-0.01112007
0.07102723
0.01668170
0.04533908
0.01896106
0.03572527
0.00000000
-0.00000000
0.03693362
0.02536915
0.00000000
-0.00000324
0.04238166
0.15058896
0.04058236
0.14648861
0.04293192
0.11107164
0.00745218
-0.00000000
-0.02272230
0.04023290
0.07692426
-0.00000000
0.04517156
-0.00000000
0.09575858
0.03132831
0.00106419
0.02877369
0.05640356
0.00922278
0.26104972
0.00000000
0.04460498
0.11005259
0.03088804
0.06435721
0.07414442
0.02299176
0.06050599
0.00006982
0.03662224
-0.27531403
-0.02453998
-0.00980685
-0.06089674
-0.11499618
-0.23143928
0.00000000
0.00672694
-0.09676632
0.05467986
-0.18964067
-0.24473329
-0.10601700
0.01077196
-0.23361826
-0.15088530
-0.00687517
0.00000000
-0.15652050
-0.00274674
-0.00000000
-0.00406251
-0.14175472
-0.01531755
0.03246105
-0.14316653
0.04541803
0.00000000
-0.00000000
-0.00434333
-0.08165259
-0.00000000
-0.00063684
-0.19679791
-0.02593688
-0.06857505
-0.12979811
0.01393478
-0.14958467
-0.14388311
-0.00000000
0.00065200
0.04861517
-0.11528803
-0.00000000
0.03270509
-0.00000000
-0.22221702
-0.02053775
-0.01694902
0.01231321
0.01705280
-0.22929834
0.05980194
0.00000000
-0.03121814
0.04691692
0.04326971
0.13103494
-0.06638601
-0.05143719
-0.05239426
-0.00000000
-0.00000000
-0.00000000
0.00000000
0.00000000
0.00000000
0.00000000
0.00000000
0.00000000
0.00000000
0.00000000
-0.00000000
-0.00000000
0.00000000
0.00000000
-0.00000000
-0.00000000
0.00000000
-0.00000000
-0.00000000
-0.00000000
-0.00000000
-0.00000000
-0.00000000
0.00000000
0.00000000
0.00000000
0.00000000
0.00000000
0.00000000
0.00000000
-0.00000000
-0.00000000
-0.00000000
-0.00000000
0.00000000
-0.00000000
0.00000000
0.00000000
0.00000000
-0.00000000
-0.00000000
0.00000000
-0.00000000
0.00000000
-0.00000000
0.00000000
0.00000000
-0.00000000
0.00000000
0.00000000
0.00000000
-0.00000000
-0.00000000
-0.00000000
-0.00000000
0.00000000
-0.00000000
0.00000000
0.00000000
-0.00000000
0.00000000
0.00000000
0.00000000
-0.00006469
-0.18867795
0.09892902
0.04997711
-0.13636500
-0.13554138
-0.07094992
0.06045989
0.00000000
0.00079085
-0.11797778
-0.00926751
0.06273157
0.00147731
-0.15347272
-0.16406853
-0.13114019
-0.04957857
0.01221387
0.00000000
-0.12656149
-0.21670605
-0.00000000
0.00114318
-0.11609229
0.14927739
-0.20111574
-0.09356782
-0.23052837
-0.00000000
0.00000000
0.01087679
-0.12636234
-0.00000000
0.00003106
-0.02653423
-0.07579565
0.00077207
-0.12941699
-0.10937052
0.05830021
-0.16363521
0.00000000
0.04490020
-0.24194030
0.00762763
-0.00000000
-0.02446604
-0.00000000
-0.04632606
-0.21901937
-0.20552339
-0.16933423
-0.04835057
-0.10879464
-0.16045621
-0.00000000
-0.22204311
-0.00203606
-0.16597283
-0.06874383
0.04689900
-0.16949311
0.05476815
0.00531168
0.02797011
0.08451823
-0.03094213
0.10752645
0.07241096
0.01928019
0.04137800
-0.00000000
-0.00493429
0.03474191
-0.00360862
0.09122097
-0.05797839
0.10028111
0.08784907
-0.00674245
-0.03306396
-0.07370978
-0.00000000
0.01669423
0.01784389
-0.00000000
-0.00624578
0.10043532
-0.02662946
-0.00334353
0.15477407
0.07064303
-0.00000000
-0.00000000
-0.01906049
0.12749738
-0.00000000
-0.00000000
0.06517011
-0.03049898
0.05140472
0.02481472
-0.04225150
-0.11503904
0.01218447
-0.00000000
-0.02107205
-0.05698661
-0.03880842
0.00000000
0.03760644
-0.00000000
0.08051961
-0.00349476
0.03480998
0.10366116
-0.02008565
0.01922570
-0.08634399
-0.00000000
0.01133788
-0.06508295
0.04570018
0.12775111
0.04621901
0.08633547
0.01040355
-0.00018407
0.10605144
-0.03501884
-0.01801638
0.03962947
0.05994086
0.08482064
-0.01236237
0.00000000
-0.01450877
-0.00067634
-0.02221355
0.01564384
-0.05097815
0.02262588
0.05276005
0.06028768
0.03454245
0.04121246
0.00000000
0.06458083
0.01672431
-0.00000000
-0.00769170
0.02772083
0.04917800
0.07441532
-0.04494042
0.03542674
0.00000000
0.00000000
-0.01395667
0.02021437
-0.00000000
0.00000000
-0.02956079
-0.08624316
0.02075939
-0.00751172
0.06369783
-0.14576872
0.06711239
0.00000000
0.03166059
0.06169873
-0.03213409
-0.00000000
0.07892939
0.00000000
0.01347220
0.04669753
0.09224818
0.00977482
0.03915317
-0.02998671
-0.17145987
-0.00000000
0.08085230
0.02140809
0.08011598
0.05341048
-0.00141838
0.04568665
-0.03376832
-0.00631756
0.08326231
0.09884436
-0.04118715
0.03005818
0.03541503
-0.02928999
0.13401678
0.00000000
0.00934455
0.02154103
-0.06327523
0.08406303
-0.03065821
-0.04515901
0.03962442
0.00067056
-0.07299925
-0.07931595
0.00000000
0.01254815
0.06673742
0.00000000
-0.00928943
0.09322776
-0.24052075
0.01633703
0.02294866
0.05972997
-0.00000000
-0.00000000
-0.00720499
0.09048954
0.00000000
-0.00000000
0.12723269
0.09536517
-0.00011135
0.01180305
-0.02803979
0.16156532
-0.04446183
0.00000000
-0.08493940
0.03530629
-0.03513297
0.00000000
-0.04650731
0.00000000
0.19627447
0.07331116
-0.02870918
0.11206985
0.03360872
0.00656034
0.13095546
0.00000000
0.04904845
0.04384571
0.07017824
0.02134782
0.00685114
-0.01620453
0.01066579
-0.00400363
-0.07792535
-0.15871747
-0.01355748
-0.11380596
-0.13854505
-0.03008891
-0.16119707
-0.00000000
0.01226947
-0.04478464
-0.14146009
-0.14621735
-0.07552858
-0.17122851
-0.10981864
-0.08620495
-0.05409616
-0.06836022
-0.00000000
-0.06686694
-0.13428549
0.00000000
0.00043329
-0.09896916
-0.08465170
-0.17700109
-0.12965484
-0.11472321
-0.00000000
-0.00000000
-0.10055346
-0.12998241
-0.00000000
-0.00000000
-0.07674466
0.07301586
-0.15041874
-0.13349535
-0.10012475
0.15525502
-0.11224408
0.00000000
-0.04292008
-0.10607849
-0.05730068
0.00000000
-0.11680049
0.00000000
-0.17773025
-0.12583511
-0.13995065
-0.14198458
-0.12481449
-0.14093611
0.02794736
-0.00000000
-0.16166717
-0.15267473
-0.14151919
-0.06456366
-0.20906633
-0.08523884
-0.14164720
-0.00000000
0.12147605
0.05034975
-0.03334862
0.02224549
0.05641841
0.04711375
0.09433527
0.00000000
-0.00446585
0.12640435
-0.02622383
0.08858943
0.03304430
0.12173758
0.11186396
0.03700527
0.01963037
-0.04575475
-0.00000000
0.02416133
0.18285613
-0.00000000
-0.00001370
0.14587030
-0.00628770
0.02499032
0.10634680
0.00781974
0.00000000
-0.00000000
0.01251345
0.07513911
0.00000000
0.00000144
0.14928408
-0.05865778
0.12505035
0.11173023
0.03054620
-0.09857772
0.08794001
-0.00000000
-0.05023969
0.09192910
0.10114544
-0.00000000
-0.08191448
0.00000000
0.25812787
0.14407304
0.00065390
0.13354610
0.03319674
0.08524992
-0.06285107
0.00000000
0.07323410
-0.01318382
0.04725623
0.04714438
0.07053444
0.08306698
0.06938591
-0.00041239
-0.00731303
-0.12426947
0.00838246
0.06161237
-0.00217586
0.03286177
-0.35708141
-0.00000000
-0.07450759
-0.18809958
0.01246008
0.02212734
0.02377917
-0.17460321
0.09049764
-0.08124357
0.04227758
-0.04042834
0.00000000
-0.02297103
0.01187295
-0.00000000
-0.01183922
0.08216809
-0.02684038
-0.05380474
0.01211317
-0.00500582
0.00000000
-0.00000000
-0.00911659
0.02407525
-0.00000000
-0.00220703
-0.26847056
0.09800465
0.10634642
-0.07780010
0.02414578
-0.00333938
-0.20273785
-0.00000000
0.05829196
0.00058677
-0.07306634
-0.00000000
-0.03323124
-0.00000000
-0.34315044
-0.01828352
0.00786521
0.03471756
0.00952339
-0.06947443
-0.06432099
-0.00000000
-0.03227706
-0.02639084
0.01343134
0.06150041
-0.00040990
-0.08405916
-0.16399074
0.01807689
0.07846268
-0.08876312
0.20830680
-0.11378162
-0.08215018
0.13523009
-0.00715959
0.00000000
0.00510903
-0.05849570
0.00564603
-0.06751455
0.07496821
-0.02768341
-0.05048251
0.06565437
0.12854122
0.17895648
-0.00000000
0.01618296
0.00061239
-0.00000000
-0.01221539
-0.08517484
-0.11695591
0.07839447
-0.07983238
-0.05263973
-0.00000000
0.00000000
0.11224309
-0.09523638
0.00000000
-0.00000037
-0.03568586
-0.01287990
-0.13316807
0.08252849
0.12836851
-0.25583375
-0.01460785
0.00000000
0.18181629
0.08766276
-0.08855508
-0.00000000
-0.00741506
-0.00000000
-0.06028166
0.07028890
-0.01029245
-0.14458515
0.00804847
0.06144390
-0.24018255
0.00000000
-0.05213232
0.03757187
-0.00316091
-0.15050356
-0.04618602
-0.06277549
-0.02501578
-0.00078692
0.03333104
-0.03973277
0.14092557
-0.05754798
-0.01851345
0.13089621
-0.08528727
0.00000000
-0.03449982
0.10012335
-0.03051567
0.01461861
0.03703162
-0.00506550
0.01868757
0.06182859
0.07668249
0.08380202
-0.00000000
0.01400306
0.05519016
-0.00000000
0.00243521
-0.03715871
-0.00421216
0.05421897
-0.02839770
-0.02266162
-0.00000000
0.00000000
0.05251969
0.00694622
0.00000000
-0.00000000
-0.04663511
-0.02629422
0.02407201
-0.08444638
0.05224019
-0.19202156
0.04381379
0.00000000
0.03970564
0.13984595
0.05808554
-0.00000000
0.01065403
-0.00000000
-0.03392686
0.06730177
-0.02441547
0.04443003
0.08174170
-0.00813157
-0.04111532
-0.00000000
0.02590935
0.00466519
0.02819025
-0.05874072
-0.04708629
-0.01590158
0.02300219
-0.00000020
-0.14838327
0.04873033
-0.07851531
-0.04847281
-0.04174958
-0.04808034
0.00035349
0.00000000
0.04729889
-0.01963379
-0.11235871
0.02745690
-0.10324880
-0.01806250
-0.06707660
-0.15657707
-0.07052010
-0.04854609
-0.00000000
-0.13394964
-0.02824610
-0.00000000
-0.00013862
0.00332697
0.05086923
-0.05638216
0.03836323
-0.09351259
0.00000000
-0.00000000
-0.01722581
-0.01811190
-0.00000000
0.00000000
0.00471438
-0.02395250
0.05258708
-0.11608083
-0.07034530
0.01368159
-0.02801414
0.00000000
-0.01359983
-0.14010817
-0.04805771
-0.00000000
-0.04286503
-0.00000000
0.03999140
-0.13815001
-0.10368498
0.05119013
-0.07870486
-0.05920411
0.06972544
-0.00000000
0.01451927
-0.12657444
-0.16323914
-0.10921113
-0.11424989
0.00342565
-0.10013338
-0.00000039
-0.02151332
-0.23530085
-0.07413249
-0.16169453
-0.18391709
-0.07463816
-0.25630620
-0.00000000
0.03585681
0.01727720
-0.03829299
-0.14163703
-0.13356833
0.02384999
-0.06155885
-0.06184739
-0.05555810
-0.04543402
-0.00000000
-0.00795598
-0.01141592
-0.00000000
-0.01888968
-0.11355050
-0.02725588
-0.04499520
-0.01779732
-0.04396157
0.00000000
0.00000000
0.00187226
-0.18382753
-0.00000000
-0.00017021
-0.27681178
0.09125106
0.02229863
-0.22974464
-0.03658694
-0.01071199
-0.02938465
-0.00000000
-0.06767175
0.01950544
0.00531098
0.00000000
-0.05664311
-0.00000000
-0.18424447
0.00590619
-0.10995821
0.04020239
-0.00148163
-0.20307705
0.10349882
0.00000000
-0.00521651
0.02388224
0.00057025
-0.01678968
-0.02493911
0.02192953
0.06435525
-0.00395537
-0.01367277
-0.09570811
0.11336017
0.01094442
-0.02833436
0.10913060
-0.09841954
0.00000000
0.04066499
-0.10369857
0.08344128
-0.15278184
0.11679081
-0.01384064
0.00334585
-0.14800385
0.12201341
0.13851447
0.00000000
0.02397606
0.03448812
0.00000000
0.00611729
-0.08422994
-0.07633357
0.03012174
-0.05802323
0.04759601
0.00000000
0.00000000
0.06106761
-0.07249741
-0.00000000
-0.00000000
-0.14866072
0.12091598
-0.03601938
-0.00901957
0.10382641
-0.15362652
-0.07429001
-0.00000000
0.10951606
0.05984724
0.03578617
0.00000000
0.05448034
-0.00000000
-0.13626155
0.09345114
0.07123547
-0.06932040
0.06917758
-0.02973649
-0.24700478
0.00000000
0.01615839
0.13603137
-0.06820167
0.02655335
0.03618560
0.00665683
-0.02588109
-0.00008071
0.03950739
0.01557539
0.02322009
0.01438361
0.07280487
0.00960211
0.07999831
-0.00000000
-0.00978420
0.09564807
0.01807246
-0.04454978
0.02229608
0.15357687
0.06538898
0.06044673
0.03151464
0.01163357
0.00000000
0.02678975
0.02109892
-0.00000000
-0.00765035
0.07576158
-0.06042226
0.08808829
0.07639040
0.04940808
0.00000000
-0.00000000
0.08380617
-0.01359616
0.00000000
-0.00000000
0.05150021
-0.03060109
0.07306186
0.06748534
0.02292473
0.00898458
0.03624334
-0.00000000
0.00592745
0.00586801
0.10182264
-0.00000000
0.04960877
0.00000000
0.11829904
0.00870478
0.02070886
0.01947690
-0.01780380
0.04290173
-0.03274444
-0.00000000
0.01027440
0.03581612
0.03263301
0.05464980
0.06692412
0.05927997
0.05331872
-0.00158825
0.08774523
-0.02810867
0.11120123
0.01356941
0.00813467
0.08607658
-0.00180621
0.00000000
-0.02015001
0.12022871
0.03492552
-0.01304865
0.01713787
0.01279134
-0.07509398
0.00045992
0.10967119
0.10831599
0.00000000
0.02092096
0.05166304
0.00000000
-0.00507109
-0.02886973
0.07494761
0.06827933
-0.00458894
-0.03004378
0.00000000
0.00000000
0.15026781
0.03802091
-0.00000000
-0.00000001
0.02671295
-0.18766044
-0.01135351
-0.04423614
0.08312558
-0.05112547
0.06010663
-0.00000000
0.05222633
0.17386404
0.04511415
0.00000000
0.05636164
-0.00000000
-0.01889742
0.08431962
0.02661139
0.01975597
0.05668421
0.01028641
-0.19762534
0.00000000
0.10387056
0.04682602
0.02019130
0.06202428
-0.01810685
0.06757331
0.02861516
-0.00012061
0.10348661
0.01366792
-0.01125830
0.12343931
0.09735675
-0.02855248
0.08421467
-0.00000000
0.01105436
0.06782405
-0.07044794
0.03178049
-0.02391921
0.03217415
0.06988182
0.03382984
-0.01995882
-0.04222916
0.00000000
0.04948264
0.05690279
0.00000000
-0.00885620
0.09875405
-0.01689997
0.06741592
0.04653376
0.09797594
-0.00000000
-0.00000000
0.02046597
0.13782972
0.00000000
0.00000002
0.16275829
-0.00503403
-0.04871554
0.07689856
0.03466591
-0.20558451
0.06637596
0.00000000
-0.01202065
0.09285360
-0.00451269
-0.00000000
0.01944020
0.00000000
0.17071150
0.03873965
0.00287854
0.08190256
-0.00036187
0.09596842
-0.19050023
-0.00000000
0.08162440
0.00781628
0.06324270
0.01758240
-0.05877344
0.04871443
-0.03239734
-0.00174489
0.03837820
0.08439743
-0.06268863
0.03490492
0.10636102
0.05131717
0.04589967
0.00000000
-0.03025436
0.07544400
-0.07199097
0.08959509
0.06744044
0.03668573
0.10080814
0.02519958
0.06767576
0.03431698
-0.00000000
0.07058184
0.05913299
0.00000000
-0.02493230
0.08584315
-0.16914494
0.07456342
0.00037734
-0.01896458
0.00000000
0.00000000
-0.07878956
0.15612207
0.00000000
-0.00000000
0.10642851
0.19644289
0.02411783
0.10838072
0.02284687
-0.08344985
0.02212705
-0.00000000
0.00342579
0.07568482
-0.02315247
-0.00000000
-0.05652740
-0.00000000
-0.00597009
0.01102518
0.10560226
0.02286034
0.01268522
0.13267845
0.13323599
0.00000000
0.01794226
-0.05508321
0.01573133
-0.02231652
-0.04291872
0.03108331
0.08270051
-0.00000000
0.08916358
0.05738367
0.07575434
0.03867647
0.07706597
0.06792741
0.05094785
-0.00000000
0.00867247
0.05992718
0.08542895
0.06497993
0.03598938
0.03834854
0.08807959
0.05462702
0.02474528
0.11641637
0.00000000
0.04289477
0.08236659
0.00000000
-0.00052286
0.07634789
0.08392426
0.07922141
0.10323829
0.06899842
0.00000000
-0.00000000
0.06542940
0.06262414
-0.00000000
-0.00000000
0.07938831
-0.03588529
0.01910951
0.02119422
0.02193278
-0.04401888
0.01119241
0.00000000
0.00286888
0.07847515
0.04816069
-0.00000000
0.13762544
0.00000000
0.06672895
0.10660797
0.01556825
0.07703439
0.08025558
0.03132247
0.01044244
0.00000000
0.05857002
0.11839823
0.06642868
0.19436331
0.02173677
0.05108115
-0.02436184
0.00005519
0.06553935
0.06912076
0.02984995
0.01753495
0.07064299
0.08420475
0.04646084
0.00000000
0.04466737
0.18542272
0.03893524
0.05910444
0.04053253
0.18679747
-0.04240945
0.19037005
0.05042276
0.05468548
0.00000000
0.12327680
0.06853608
0.00000000
-0.00575513
0.08191070
0.04099543
0.08965763
0.16406164
0.03739320
0.00000000
0.00000000
0.05191037
0.08624046
-0.00000000
0.00000003
0.00311809
-0.16208634
0.10548413
0.15619734
0.06694015
-0.14689107
0.13250804
-0.00000000
0.01266109
0.08048333
0.11698739
0.00000000
0.00781649
-0.00000000
0.13671316
0.12093028
-0.00740945
0.06707606
0.05147009
0.09310894
-0.30784687
-0.00000000
0.06044037
0.02322683
0.06929752
0.08323745
0.07925919
0.14310423
0.08949235
-0.00001009
0.08088192
0.04523448
0.07223638
0.02490004
0.00985666
0.07177915
0.01971989
-0.00000000
0.02865237
0.07412643
0.02085135
0.02697825
0.04935538
0.05107259
0.11481181
-0.00423653
0.08641184
0.02625232
0.00000000
0.01617576
0.12433153
0.00000000
-0.01430904
0.06139524
-0.07812697
0.07809971
-0.02862123
0.01309051
-0.00000000
0.00000000
0.05167453
0.10702352
-0.00000000
-0.00000000
0.06488806
0.03492561
0.06563920
0.07827821
0.09045520
0.00502974
0.04857099
0.00000000
0.07284059
0.08921410
0.05023026
0.00000000
-0.01423672
0.00000000
0.02826825
0.14110643
0.03881383
0.11900522
0.12809336
0.05018667
-0.09402240
0.00000000
0.09141432
0.00465828
0.10162314
0.00213997
0.02537638
0.05828660
0.12897746
0.00000000
0.00600112
-0.00419373
0.00670274
-0.00246622
-0.00210585
0.00830487
-0.00192838
-0.00000000
-0.00008268
0.00172456
0.00060087
0.00147897
0.00704958
0.00016173
-0.00086974
0.00300516
0.00688140
0.00675671
-0.00000000
0.00314126
0.00107009
-0.00000000
0.00131648
0.00086870
-0.00004620
0.00144179
0.00152843
-0.00289467
-0.00000000
0.00000000
-0.00029829
-0.00291372
-0.00000000
-0.00000000
-0.00401982
-0.01309574
-0.00020723
-0.00129883
0.00302487
-0.00570457
0.00107274
-0.00000000
0.00649017
0.00280526
0.00278124
0.00000000
-0.00259171
0.00000000
-0.00299552
0.00280569
-0.00079650
0.00022290
0.00234556
-0.00237271
0.00020767
0.00000000
-0.00193120
-0.00204589
-0.00102278
-0.00070476
-0.00066437
0.00082985
-0.00159666
-0.00007571
-0.03813228
0.06831891
-0.07026967
-0.14119008
-0.11084493
-0.06381749
0.01631872
-0.00000000
0.07817046
0.00767606
-0.07689271
0.03365020
-0.12109113
-0.14543512
-0.11028569
-0.15640347
-0.07663993
-0.13092443
-0.00000000
-0.15870081
-0.04120848
-0.00000000
-0.00229528
0.08154653
0.02971155
-0.11067186
-0.03699015
-0.14584458
0.00000000
0.00000000
-0.04838952
-0.01265250
-0.00000000
-0.00000000
0.05703821
0.10175958
0.03137897
-0.05153970
-0.05295217
0.03755649
-0.11006326
0.00000000
0.02791224
-0.05503922
-0.07237119
-0.00000000
-0.14836267
-0.00000000
0.12528002
-0.10333890
-0.12956980
0.03570474
0.00224865
-0.10893147
-0.07466812
-0.00000000
-0.04517230
-0.17877890
-0.08210733
-0.15444732
-0.10817534
0.03477538
-0.05867514
0.00645240
-0.07176190
-0.06550422
0.11777614
-0.04525982
0.08644877
0.07273382
-0.08230481
-0.00000000
0.01772095
-0.08269603
-0.00518101
-0.11136089
0.08245242
-0.06042941
-0.11268003
0.04469452
0.03294750
0.10566109
-0.00000000
0.04836206
-0.10151961
0.00000000
-0.00910802
-0.07087126
0.04118467
-0.02183125
0.10358635
-0.04056491
0.00000000
0.00000000
0.07229067
0.03808499
0.00000000
-0.00000000
-0.09844187
0.08978879
-0.05335936
0.01040545
0.07212128
-0.10489208
0.08435075
0.00000000
0.15360704
-0.04407047
0.10846251
0.00000000
0.05009286
0.00000000
-0.13207121
-0.06921850
0.02994772
-0.13058092
-0.09169966
0.06749660
-0.14998126
0.00000000
-0.01033941
-0.09071514
-0.06984648
-0.12290102
-0.10061008
-0.05173768
-0.07167966
0.00000000
0.00000000
0.00000000
0.00000000
0.00000000
0.00000000
-0.00000000
0.00000000
0.00000000
0.00000000
0.00000000
0.00000000
-0.00000000
0.00000000
0.00000000
-0.00000000
0.00000000
0.00000000
0.00000000
-0.00000000
0.00000000
0.00000000
-0.00000000
-0.00000000
-0.00000000
-0.00000000
0.00000000
0.00000000
0.00000000
-0.00000000
0.00000000
0.00000000
-0.00000000
-0.00000000
-0.00000000
0.00000000
-0.00000000
0.00000000
0.00000000
0.00000000
0.00000000
0.00000000
-0.00000000
-0.00000000
0.00000000
-0.00000000
0.00000000
0.00000000
-0.00000000
-0.00000000
0.00000000
0.00000000
0.00000000
0.00000000
0.00000000
-0.00000000
0.00000000
0.00000000
0.00000000
0.00000000
0.00000000
0.00000000
0.00000000
0.00000000
0.00028808
0.08016960
0.07687950
0.05653507
0.08495940
0.04030474
0.00029185
0.00454853
0.00000000
-0.00954624
0.04883347
0.05423924
0.01097237
0.01757699
-0.00064553
0.00791902
-0.00932682
0.06982021
-0.01804844
-0.00000000
-0.03430963
0.04790188
-0.00000000
-0.00076660
0.08840883
-0.08832399
0.04518982
0.04826932
0.05497639
-0.00000000
0.00000000
0.06576316
0.01582611
-0.00000000
-0.00000000
-0.01123272
-0.11154766
0.09559814
0.02300139
0.00489745
0.14974132
-0.01739964
0.00000000
-0.00953404
0.02196700
0.03308355
-0.00000000
0.03723381
0.00000000
0.00059071
-0.01693749
0.01704187
0.04693336
0.08032528
0.02897915
0.09856393
0.00000000
0.03491041
0.08876555
0.03334101
0.09330224
0.07936905
0.08545141
0.03509002
-0.00012888
0.06299173
-0.01836978
-0.02398587
-0.05338627
-0.10053436
0.05935203
0.08993444
-0.00000000
-0.01652796
-0.12995856
-0.02160714
-0.05032571
0.08364430
-0.05298783
-0.05039208
-0.07475736
0.06011577
0.11006870
-0.00000000
0.05313567
0.00432015
0.00000000
-0.00521094
-0.07764032
0.02020839
0.08182678
-0.05488138
0.01440513
-0.00000000
0.00000000
-0.04336501
0.05510063
0.00000000
-0.00000003
-0.06026474
-0.10592661
-0.09231797
0.05701210
0.05527550
-0.21881515
-0.05621477
-0.00000000
-0.02416535
-0.00995947
-0.05382531
-0.00000000
-0.02188747
0.00000000
-0.01198805
0.03642093
0.07063963
-0.08985122
0.05557524
-0.08133902
-0.31607968
0.00000000
-0.07217169
0.13810489
0.03834867
-0.00936049
0.02246843
-0.05646516
0.01369030
-0.00569393
0.05871539
-0.10250270
-0.10828776
-0.12981328
-0.14879251
-0.02069649
-0.14516114
0.00000000
0.03738088
-0.13582703
-0.16001223
-0.04379339
-0.03612389
-0.20460972
-0.06541139
-0.05084603
-0.02259964
-0.05133409
-0.00000000
-0.01061725
-0.08908722
0.00000000
-0.00605144
-0.06965433
0.01914672
-0.04175971
-0.03465218
-0.12287617
0.00000000
0.00000000
-0.14810716
-0.03379875
0.00000000
0.00000332
-0.09077285
0.01810438
-0.13935004
-0.01567019
-0.00092441
0.06891794
-0.11220601
-0.00000000
-0.04339477
0.02513364
-0.17289346
-0.00000000
-0.14548482
0.00000000
-0.19801901
-0.05585459
-0.05036801
-0.05110640
-0.00081015
-0.07849684
0.08509421
0.00000000
-0.07519589
-0.00033357
-0.00330139
-0.08089020
-0.15047124
-0.10763127
-0.11274707
-0.02572445
-0.00870736
-0.00746575
-0.02755031
0.00558175
-0.01824170
0.00237584
-0.05095826
-0.00000000
0.00326735
-0.06252477
-0.07800416
-0.03367774
-0.06296819
0.02503253
0.02950940
0.03336707
-0.00575951
-0.02408210
0.00000000
0.05085056
0.01606887
-0.00000000
-0.01078335
-0.05723849
-0.03044912
0.04861169
-0.08416687
0.01506993
0.00000000
0.00000000
-0.00931366
-0.13162072
0.00000000
-0.00000207
-0.06522179
-0.00395082
-0.18048684
0.09165081
0.01186331
0.07512908
-0.05261629
-0.00000000
-0.06063863
0.02539717
0.00861703
-0.00000000
-0.07953575
0.00000000
-0.08790195
0.04933756
-0.02771159
-0.06982396
-0.02605787
0.06938180
0.02899472
0.00000000
0.00219588
-0.04610784
-0.01339222
-0.17082791
-0.03082255
0.02654347
0.00603199
-0.00080113
0.05188559
0.12318598
0.08162303
0.03211706
-0.00906544
0.05924606
0.04328798
-0.00000000
0.01223039
0.08792723
0.01674017
0.06449459
0.10876672
0.00265016
-0.00438827
0.01675334
0.06905480
0.00091217
0.00000000
0.01313116
0.03557203
0.00000000
-0.01967697
0.05335383
-0.05600491
0.02993684
0.02414515
0.00488294
0.00000000
0.00000000
0.05392098
0.06433063
0.00000000
-0.00000000
0.08773085
0.00399615
0.02172900
0.01223534
0.03631468
-0.10396972
0.02407681
-0.00000000
0.08535857
0.07087439
0.00762265
0.00000000
0.01870628
-0.00000000
0.02692164
0.05032309
0.02452038
0.11172418
0.05658874
0.07255676
-0.22894345
0.00000000
0.06420366
0.01872052
0.09725884
0.04471734
0.04189719
0.02705705
0.08008456
0.00021279
0.09635357
0.07058974
0.07500000
0.04512603
0.03266435
0.08228649
0.03491022
0.00000000
-0.00480134
0.05629518
0.14653775
0.12427261
0.02513643
0.08695209
0.05745879
0.04499412
0.09295011
0.03929002
0.00000000
0.06379847
0.07033478
0.00000000
-0.00060246
0.13371016
-0.16503070
0.05885415
0.12689221
0.10359363
-0.00000000
-0.00000000
0.05615134
0.02531493
0.00000000
-0.00000000
0.06458406
0.21012080
0.15848494
0.02121025
0.06567075
0.08372659
0.03145581
0.00000000
0.02354731
0.06724726
0.14689174
-0.00000000
0.06003060
-0.00000000
0.12441298
0.08580018
0.01457737
0.14924675
0.11081478
0.02035992
-0.17823045
0.00000000
0.01796207
0.09810472
0.04343858
0.14109685
0.20009759
0.09217257
0.07430732
0.00050643
-0.11651111
-0.11211734
-0.00885690
-0.06286460
-0.08824901
-0.04910943
-0.15912567
-0.00000000
-0.00551245
0.03629025
-0.07015386
-0.11549453
-0.04074374
-0.00679953
-0.05727153
-0.05643764
-0.05004197
-0.01130150
0.00000000
-0.02093566
-0.09285164
0.00000000
0.00013443
-0.08138107
-0.03252238
-0.08175340
-0.02484980
-0.04599503
-0.00000000
-0.00000000
0.04671060
-0.12936021
0.00000000
0.00000000
-0.15135621
0.04941947
-0.06141282
-0.12511019
-0.05946843
0.10788655
-0.04357518
0.00000000
-0.03091824
-0.06359135
0.01086487
-0.00000000
0.03677507
-0.00000000
-0.03465876
-0.10480414
-0.13297847
-0.09830518
-0.05464261
-0.14390212
0.12529320
-0.00000000
-0.07184231
-0.04298563
-0.08275877
-0.03121794
-0.03216229
-0.08443477
-0.13975956
-0.00807015
0.02883888
0.05737903
0.03170230
-0.02217861
-0.03744835
-0.07373936
0.08853818
0.00000000
0.04179363
0.08432198
0.05508313
0.05391613
0.02675284
0.05045696
0.02237733
0.06531898
-0.00782569
0.00776550
0.00000000
0.04160704
0.01723611
-0.00000000
0.01165236
0.01714495
-0.12204207
0.03534643
-0.00339870
0.02147889
0.00000000
-0.00000000
0.06304806
0.03234753
-0.00000000
-0.00000921
0.05479521
0.21439870
0.05537838
0.07191207
-0.00895163
-0.24403980
0.00787222
0.00000000
0.05625035
0.00603422
0.03647401
0.00000000
-0.01100539
-0.00000000
-0.01470528
0.01989566
-0.01580319
0.04880188
0.13328819
0.02272313
0.06293003
-0.00000000
0.01559595
0.10727744
0.07004151
0.01546176
0.07284547
0.03252035
0.11847939
0.00000000
0.09230150
0.15266173
0.01949733
0.01099678
0.07288854
0.01076762
0.11791675
0.00000000
-0.00602100
0.16710211
0.04938357
0.12837428
0.06820503
0.06091576
0.07485990
0.18580136
0.00888100
0.01478411
0.00000000
0.06889006
0.09160046
0.00000000
-0.00040428
0.12889597
-0.03550680
0.07628229
0.16200624
0.06113550
0.00000000
-0.00000000
0.01173952
0.09526677
-0.00000000
0.00000000
0.13310561
-0.01699481
0.10389818
0.09272821
-0.00927206
-0.02617917
0.06766697
0.00000000
-0.02269080
0.06604027
0.09415378
0.00000000
0.02938270
0.00000000
0.14171131
0.07186243
0.02893117
0.10059049
0.03395427
0.11798817
-0.04791515
-0.00000000
0.06435660
0.03094045
0.09027505
0.01465505
0.05077686
0.09073434
0.13684617
-0.00001080
0.00283552
-0.06750190
0.00720219
-0.00811666
-0.00164374
0.03733038
-0.14503224
0.00000000
-0.00580868
0.11938291
0.04534603
-0.04562816
0.01400006
0.07401358
0.01230015
0.11062371
0.03708356
0.03184620
0.00000000
0.09899083
0.01725208
-0.00000000
-0.01178971
0.01556076
0.08169163
0.01637828
0.08686157
0.02707749
-0.00000000
0.00000000
0.02824593
0.03024472
-0.00000000
-0.00010364
-0.09471042
-0.07159103
0.06447162
-0.03143168
0.01635926
-0.20124902
0.06345834
-0.00000000
0.02848048
-0.02194185
0.10229884
0.00000000
0.06579640
-0.00000000
-0.15548587
0.02575406
0.07165933
0.01733945
-0.01518338
-0.00894134
-0.09545954
0.00000000
0.05620029
-0.06659283
-0.05657825
0.07992313
0.00257956
0.06935514
0.04182245
0.00381002
-0.16556540
-0.14908987
0.04242137
-0.12154359
0.04591440
0.01838163
-0.03225349
-0.00000000
-0.01310668
-0.15200995
-0.01230818
0.02839572
-0.03326700
0.01427808
-0.06483047
-0.09490116
-0.00192340
0.03518833
0.00000000
-0.00703691
-0.15443592
-0.00000000
-0.00485336
-0.17539489
0.19670835
-0.04289632
0.04222174
-0.06272139
0.00000000
-0.00000000
0.04758614
0.02665174
-0.00000000
-0.00000000
-0.11089368
0.03199989
-0.05759257
-0.18882534
0.01961240
-0.14366429
0.03003882
0.00000000
0.04743791
-0.10539749
0.04927794
-0.00000000
0.03542946
-0.00000000
-0.10376084
-0.17674091
0.03878029
0.03434972
-0.01875390
-0.16445555
-0.16641338
-0.00000000
-0.06973483
-0.05304712
-0.06741682
0.00573474
-0.00746200
-0.13077562
-0.21163243
0.01527870
0.06922211
0.08629339
0.00984853
0.02014784
-0.06113876
0.06299677
0.06085442
-0.00000000
-0.02407108
0.05724820
-0.00355400
0.03469179
0.03004660
-0.01644330
-0.08077246
0.07672123
0.02326572
-0.01525254
-0.00000000
0.03491483
0.03979902
-0.00000000
-0.00625239
0.00249087
0.03979763
0.02994495
-0.07112056
-0.05682619
0.00000000
0.00000000
0.01399507
-0.01370349
0.00000000
-0.00000000
0.07311430
0.01358488
-0.02163502
0.03655017
0.04616496
-0.09111746
-0.01581099
-0.00000000
0.00786526
0.07957020
0.03540127
-0.00000000
-0.01077664
-0.00000000
0.07122366
0.07343109
-0.04729940
0.01488134
0.06900952
0.04170148
-0.01921801
-0.00000000
0.05733499
-0.03397755
0.03141199
0.09257874
0.00617974
0.04647620
0.06085831
0.00969497
-0.11962163
-0.19996744
-0.01472631
0.01661460
0.04101620
0.07810792
-0.13805370
0.00000000
-0.03738388
-0.21027072
-0.00712106
-0.13644539
0.04223039
-0.03166533
-0.01322856
-0.10174863
0.06998443
0.02990558
0.00000000
-0.00927144
-0.13701881
-0.00000000
-0.00884910
-0.13281748
-0.05837288
-0.12208315
-0.06506713
0.05180483
-0.00000000
0.00000000
0.00921789
-0.05251928
-0.00000000
-0.00004779
-0.22011505
0.11119444
0.01961924
-0.11201248
-0.01923308
-0.04644027
0.01028786
-0.00000000
0.04253786
-0.08377507
0.06838091
-0.00000000
0.01193785
-0.00000000
-0.00131667
-0.03392119
0.07907751
-0.04993076
-0.04391778
-0.10630057
0.05215223
0.00000000
-0.06824727
-0.03865322
-0.14380832
-0.13337302
0.00861197
-0.21561934
-0.01825390
-0.00000887
0.06544038
0.09610277
0.01858142
0.04707561
0.04543289
0.03765125
0.11494763
-0.00000000
-0.02568181
0.03845028
0.06588034
0.05008554
0.04647360
0.07414379
0.03933521
0.00312916
0.02992759
0.01369003
-0.00000000
0.01080544
0.08153167
0.00000000
-0.00025318
0.04866274
-0.02680095
0.11147151
0.02401034
0.04991001
0.00000000
0.00000000
0.05245940
0.04774445
-0.00000000
0.00000002
0.09370155
-0.01927294
0.08165000
0.08926891
0.04301627
-0.03828576
0.03817335
0.00000000
0.00662866
0.12814289
0.04562748
0.00000000
0.06718063
0.00000000
0.09247201
0.08502191
0.00116198
0.09422834
0.09771034
0.04171683
-0.09835544
0.00000000
0.09030972
0.08863435
0.10922825
0.06404284
0.09680091
0.05754026
0.05533550
-0.00771617
0.03533675
0.01742223
0.07861789
-0.04876852
-0.07669857
0.18747032
0.00004891
0.00000000
-0.01450332
0.09395033
0.01480052
0.04308019
0.16475353
-0.03876880
0.08160256
0.16200884
0.07364576
0.15340190
0.00000000
0.08642918
0.02764796
0.00000000
-0.00335277
0.01752144
0.01204966
-0.01415402
0.03931031
-0.03570391
0.00000000
-0.00000000
0.03072060
0.00872619
0.00000000
0.00000036
-0.02552919
0.12427907
-0.01863577
0.05862646
0.10115989
-0.13715038
0.02879881
0.00000000
0.05914569
0.10688465
0.03823416
-0.00000000
0.00351131
-0.00000000
-0.00562265
0.05122939
0.03523061
-0.02877343
0.04493152
0.10398085
-0.15743333
0.00000000
0.01445427
0.02154106
0.00557988
-0.10793762
0.00029753
-0.07146355
0.00200819
-0.00657009
-0.08137768
-0.01527798
-0.00797474
-0.02356337
0.02333557
0.00796896
-0.14569867
0.00000000
-0.01909735
-0.13678260
-0.02161004
-0.16619822
0.04711766
-0.05941793
-0.02566447
-0.01320339
-0.00331624
-0.01598839
0.00000000
-0.03316398
-0.17774439
-0.00000000
-0.00535887
0.04328219
0.13471200
-0.11079414
-0.04510865
-0.02187125
-0.00000000
0.00000000
0.02477091
-0.15207730
0.00000000
-0.00000056
-0.06455159
0.07228758
-0.02365181
-0.10727370
-0.00307028
0.22298624
-0.00960193
-0.00000000
0.02779346
-0.10480028
-0.00970159
0.00000000
-0.01786770
0.00000000
-0.01509570
-0.14396730
-0.05793396
-0.16825533
-0.10316911
0.00848795
-0.02250700
0.00000000
-0.05491517
-0.12331636
-0.11300447
-0.20173050
-0.06876501
-0.07760421
-0.13369326
0.00210650
-0.03612167
0.03945719
0.06193591
0.00171127
0.01803199
-0.02026718
-0.00998785
0.00000000
-0.00325274
-0.00060273
0.06470252
0.03563712
-0.00738280
0.01959323
-0.00153459
-0.02775373
0.01016167
-0.01639672
-0.00000000
-0.02971366
0.00506817
-0.00000000
-0.00531964
0.04157838
-0.16284527
0.00129862
-0.00683959
0.00161688
-0.00000000
0.00000000
0.04060825
-0.02077487
0.00000000
-0.00000000
0.02638486
0.08830455
0.06682234
-0.02970730
-0.00683281
-0.22918384
0.01182011
0.00000000
0.02754833
-0.01532965
0.04651213
0.00000000
0.04715823
0.00000000
0.02937143
-0.03771849
-0.04246914
0.02345712
0.01207517
-0.03185561
-0.04145708
0.00000000
0.07146473
0.01209253
-0.02209713
0.00887121
0.08469839
0.02327959
0.04053466
0.00000000
-0.02268694
-0.02794710
0.01861835
-0.00824547
-0.01372832
-0.01266560
-0.01815367
-0.00000000
-0.00289682
-0.02337676
-0.01836130
-0.01890253
-0.02150623
-0.03247239
-0.02508655
-0.01929459
-0.00080317
0.02008687
-0.00000000
-0.01323617
-0.01238426
0.00000000
-0.00000843
-0.03747354
0.00709411
0.00934403
-0.02266248
-0.01625661
-0.00000000
0.00000000
-0.01525259
0.00071603
0.00000000
-0.00000000
-0.01459544
-0.01788221
-0.01860945
-0.02409958
0.01080372
0.03035143
-0.02041326
-0.00000000
0.01439880
-0.01741215
-0.02081334
-0.00000000
0.00145985
-0.00000000
-0.02111443
-0.00879014
-0.01098152
-0.01777054
-0.01166605
-0.01247410
0.01352556
0.00000000
-0.00867047
-0.00452617
-0.01541046
-0.03665148
0.00617298
-0.01638666
-0.02233723
-0.00000000
-0.02901381
0.14500591
-0.05527644
-0.00675914
-0.00607742
0.02350652
0.12485848
0.00000000
-0.02410613
-0.03414267
0.00979326
0.07614130
0.06458890
-0.02228324
0.05133347
0.08172492
-0.03498102
-0.01108882
0.00000000
0.04853396
-0.06301127
0.00000000
0.00002716
0.09294905
-0.00992442
0.04014451
0.04487003
0.02026158
0.00000000
0.00000000
-0.02082435
0.07511856
-0.00000000
-0.00000000
0.12506007
-0.09235913
0.00871332
0.11189903
-0.01659692
-0.15668711
0.00547716
0.00000000
-0.04891373
-0.00081705
-0.04058453
0.00000000
0.01662614
0.00000000
0.00967583
-0.01787271
0.01711552
-0.01481046
0.01644530
0.10591669
-0.00107463
0.00000000
-0.03051281
0.04202203
0.01454374
-0.07978822
0.07289529
-0.06476200
0.06432855
-0.00011546
-0.08839173
-0.09832068
0.02163323
-0.11849412
-0.15504090
-0.00904697
-0.13948409
-0.00000000
-0.00854219
-0.10601462
-0.05410789
-0.11845765
0.00920946
-0.10435653
-0.04212409
-0.06766356
0.01002332
0.00515921
0.00000000
0.01815503
-0.09249199
0.00000000
-0.00012158
-0.11876273
0.02149935
-0.05169892
-0.06199693
-0.09458965
-0.00000000
0.00000000
-0.01806802
-0.14553037
0.00000000
-0.00000000
-0.15028641
-0.09363111
-0.05379846
-0.08559866
0.03060593
0.10909697
-0.05558734
0.00000000
-0.02120983
-0.02712429
-0.05555291
-0.00000000
-0.06806836
0.00000000
-0.17054687
-0.00593464
-0.11258134
-0.06339970
0.03189955
-0.05496274
0.16482836
0.00000000
-0.08221401
0.01745754
-0.08450919
-0.18247455
-0.06115080
-0.09336348
-0.08371850
0.00000000
0.10533641
0.00766898
0.06794724
-0.03159476
-0.02587411
0.01602789
0.02679959
-0.00000000
-0.01298607
0.04243954
-0.00900651
0.02462685
-0.00512203
-0.02202822
0.05573410
0.04203044
0.08984395
0.02938015
0.00000000
0.02759287
0.12673131
-0.00000000
0.00155630
0.03499487
-0.07526986
0.10794457
0.02616764
0.00853834
0.00000000
0.00000000
0.03522300
0.01203154
-0.00000000
-0.00000000
0.04126226
-0.04463382
0.03890199
0.04628336
0.07748584
-0.15799202
-0.02727626
-0.00000000
0.08592429
0.11446647
0.02985552
-0.00000000
0.01634387
-0.00000000
0.04586713
0.15118369
0.01040651
0.05963612
0.05525614
0.01260763
-0.26728174
0.00000000
0.08394029
0.04730509
0.09449021
0.04899849
-0.00251509
-0.00556973
0.03782215
-0.00141213
0.05619925
0.13631697
0.04114931
0.05588868
0.08741121
-0.02690058
0.05322744
0.00000000
-0.02072619
0.08860809
0.00721372
0.12801439
0.01905865
0.01534950
0.05834567
0.10425455
0.00138686
-0.01662537
0.00000000
0.02710577
0.04774459
0.00000000
0.01213339
0.10625049
-0.01239766
0.05073234
0.08487394
0.04544003
0.00000000
0.00000000
0.07791328
0.04827138
0.00000000
0.00000000
0.14398135
-0.07865879
-0.07195938
0.03143145
0.03619036
-0.21714182
0.02446013
0.00000000
0.01645028
0.02568039
-0.05595963
0.00000000
0.03199096
0.00000000
0.02773701
0.02831505
0.04173603
0.05547366
-0.01051284
0.12837178
-0.15574569
0.00000000
0.06032801
-0.00080285
0.03235465
0.08349936
-0.07218626
-0.00846516
-0.04601674
-0.00000000
0.05312252
0.05824757
0.07244065
0.11144147
0.13359258
0.00201741
0.15255441
-0.00000000
-0.00945102
-0.05680545
0.09112781
0.03727311
0.09241679
0.03703824
0.05674659
0.08175921
0.01119859
0.07025358
-0.00000000
0.05616178
0.01699317
-0.00000000
0.00186486
0.08958951
0.03186236
0.07220273
0.02430226
0.15341958
-0.00000000
0.00000000
0.00750745
0.06035210
-0.00000000
0.00000000
0.07105330
-0.10269897
0.09316030
0.12657547
0.00046274
-0.16223213
0.05940830
0.00000000
-0.01022126
0.01028290
0.11258686
-0.00000000
0.08555240
0.00000000
0.08328010
0.05202881
0.08896086
0.06926444
0.05463734
0.12358381
-0.13368008
0.00000000
0.04862026
0.12285826
-0.00142084
0.01438919
0.16110668
0.08795112
0.01897503
-0.00000649
0.04218693
0.13340844
-0.04824808
0.03443648
0.08621494
0.10191067
0.13182549
-0.00000000
-0.01149539
-0.02879521
-0.05639327
0.10989142
0.13024952
0.04175382
0.12158485
0.12804046
0.04584204
-0.00451180
0.00000000
0.08998874
-0.03981056
-0.00000000
-0.00029807
0.13578343
-0.10992446
0.07014108
0.06721728
0.14394680
0.00000000
0.00000000
-0.02711513
0.06454566
0.00000000
0.00000000
0.10524756
0.02651976
0.06842185
0.10082473
0.05473120
-0.22113407
0.04299958
0.00000000
0.02519525
0.02889809
-0.04209662
-0.00000000
-0.01214005
0.00000000
0.10771447
0.07096647
0.10030830
0.02471626
0.05659967
0.12184384
-0.18871622
0.00000000
0.00680644
-0.00652882
0.05585340
-0.10692805
0.01060905
-0.00442559
0.08855569
-0.00005548
0.04045723
0.01261080
-0.03248402
-0.12121507
-0.16900480
-0.11037546
0.09003150
0.00000000
-0.00336959
0.04622784
-0.21075249
0.04057255
-0.16997729
-0.14395277
-0.12549447
-0.14095521
-0.17240719
-0.18081580
0.00000000
-0.08715404
-0.01824370
0.00000000
-0.00006585
-0.03176259
0.06764062
-0.06588335
-0.10884269
-0.15897764
-0.00000000
-0.00000000
-0.14177606
0.09473136
0.00000000
0.00000000
0.09362937
-0.05132541
-0.13676709
-0.00366620
-0.06772866
-0.01063431
-0.13346134
-0.00000000
-0.02756428
0.04945248
-0.15481092
0.00000000
-0.20227337
-0.00000000
0.03458722
-0.08644242
-0.19508010
-0.05219290
-0.04424369
-0.06325690
0.03129000
0.00000000
-0.08638244
-0.18934569
0.00102821
-0.16626363
-0.19444782
-0.07076323
0.02936446
0.00709166
-0.02292313
-0.05212638
0.04458183
-0.04393642
-0.01996486
-0.05398580
-0.06025819
-0.00000000
-0.01559361
-0.05903441
0.02403199
-0.01363328
-0.02452332
0.02741073
0.12559949
-0.12043964
-0.03434515
0.00179211
0.00000000
0.03442581
0.03050903
-0.00000000
-0.00814062
-0.06182584
-0.09008869
-0.04657305
0.07324450
-0.00132744
-0.00000000
-0.00000000
0.04013833
0.03397236
-0.00000000
-0.00000001
-0.06922855
-0.32925040
0.03608943
-0.10670369
0.01542119
-0.15303586
0.01788801
0.00000000
0.02089814
-0.02314547
0.03559753
-0.00000000
0.03667399
0.00000000
-0.01028965
-0.01282999
0.09603742
0.06894325
0.02958990
-0.10188064
-0.01925188
0.00000000
-0.01699573
0.05409355
0.01667386
0.06934376
0.00975284
-0.07733155
-0.03722709
-0.00787900
-0.02816120
0.02115462
0.09838520
0.02966407
0.02099220
0.06271514
0.02552298
0.00000000
0.01365168
-0.03950530
-0.06047407
0.06111363
-0.03010220
-0.02434719
0.02311760
-0.10167333
0.08297231
0.04396120
0.00000000
-0.09671536
-0.01135852
-0.00000000
0.00672291
0.04036464
-0.09675095
0.01781278
-0.01263851
0.04642404
-0.00000000
0.00000000
0.05658557
-0.00392190
-0.00000000
-0.00000000
0.03372284
0.06220652
-0.00643617
-0.09253357
0.01580485
-0.35731575
-0.02211067
0.00000000
0.10998575
0.01891683
-0.02044499
-0.00000000
-0.00386661
-0.00000000
0.06995980
-0.01391438
0.04283533
0.02630009
0.03704068
-0.03019695
-0.21268316
0.00000000
0.03176156
0.03133449
0.00908675
0.02264860
0.02999178
-0.03188322
-0.03534226
0.00000000
0.08746713
-0.00076542
0.02133217
0.06507064
0.06620572
0.07356554
-0.06576001
0.00000000
-0.00492353
-0.02142229
0.15975432
0.06290545
0.09733465
-0.08105351
0.16060293
0.00571182
0.09104351
0.08511066
0.00000000
0.03953813
0.12017166
-0.00000000
0.00381204
0.12804525
-0.08802740
0.08878647
0.11829828
0.18999524
-0.00000000
0.00000000
0.06114498
0.05049359
0.00000000
0.00000000
-0.07866965
-0.19669196
0.07853930
0.01420671
0.06348524
-0.08765013
-0.07194127
0.00000000
-0.01178427
0.07614323
0.09011649
0.00000000
0.04446451
-0.00000000
-0.03639451
0.12260933
0.11234542
0.10905042
0.11366750
0.00523649
-0.17721726
0.00000000
0.03274419
0.14234532
0.07177511
0.16259860
0.12829457
-0.00018028
0.03858242
-0.00763717
-0.03025507
0.11691747
-0.00436226
0.07268088
0.07501338
0.01377491
0.14015774
0.00000000
-0.02683290
-0.10420639
-0.07557663
0.12988259
0.01995407
-0.05160926
0.04937742
0.01397330
-0.00497089
-0.03941653
0.00000000
0.03238257
-0.01691960
0.00000000
-0.00308668
0.08824094
-0.11894251
0.00295971
-0.00369752
0.02051706
0.00000000
0.00000000
-0.04320953
0.15029797
-0.00000000
-0.00000000
0.15414466
0.13730626
-0.09218740
0.06334633
-0.02086718
-0.12709446
-0.02742903
-0.00000000
0.06891478
-0.03024929
-0.05886813
0.00000000
-0.03781365
0.00000000
0.10514007
-0.00979957
0.08686041
-0.01975146
-0.00200215
0.09621600
0.02900213
0.00000000
-0.02806701
-0.01156513
-0.00835288
-0.02514328
-0.08981993
-0.10070979
-0.04787874
0.00000000
-0.00000000
-0.00000000
-0.00000000
0.00000000
0.00000000
0.00000000
-0.00000000
0.00000000
0.00000000
0.00000000
0.00000000
-0.00000000
-0.00000000
0.00000000
-0.00000000
-0.00000000
-0.00000000
-0.00000000
-0.00000000
0.00000000
0.00000000
0.00000000
-0.00000000
-0.00000000
0.00000000
-0.00000000
-0.00000000
0.00000000
0.00000000
-0.00000000
-0.00000000
-0.00000000
-0.00000000
0.00000000
-0.00000000
-0.00000000
-0.00000000
0.00000000
-0.00000000
0.00000000
0.00000000
-0.00000000
0.00000000
0.00000000
-0.00000000
-0.00000000
-0.00000000
-0.00000000
-0.00000000
-0.00000000
-0.00000000
-0.00000000
0.00000000
-0.00000000
0.00000000
0.00000000
0.00000000
-0.00000000
-0.00000000
-0.00000000
0.00000000
-0.00000000
-0.00000000
-0.00023529
0.03022972
0.01049864
0.00597438
0.01796386
0.06007782
-0.06858268
0.06752493
0.00000000
-0.00732100
0.12175392
-0.00693205
0.03348989
-0.08752272
0.06122521
0.06206469
-0.05295099
-0.02005735
-0.02271827
0.00000000
-0.05128901
0.08448176
-0.00000000
-0.00962082
0.05869789
0.08781802
0.08506713
-0.03917554
-0.03189092
-0.00000000
-0.00000000
0.06554890
-0.08372406
-0.00000000
-0.00002167
0.04767282
-0.04817680
0.04136365
0.00033194
-0.01811394
-0.17862815
0.07347577
-0.00000000
-0.04945402
0.07659151
0.08551726
0.00000000
0.00571244
-0.00000000
0.12670127
0.10068208
-0.06632765
0.14729896
0.05115547
0.04269176
-0.05846310
-0.00000000
0.06491518
-0.00096539
0.00648867
0.03606674
0.01958434
0.11095442
-0.01118018
-0.00000421
0.02735602
0.02582162
0.03937177
0.00764781
0.02658713
0.08510782
0.04155801
-0.00000000
-0.02654349
0.07214180
0.05327382
0.04270130
0.06537797
0.03230092
0.03050470
0.11568172
0.04083104
0.03954887
-0.00000000
0.06320392
0.06753577
-0.00000000
-0.01311765
0.07036697
-0.00620950
0.07365789
0.13188966
0.10133705
0.00000000
-0.00000000
0.00045902
0.02891997
-0.00000000
-0.00000000
0.06356347
0.00322378
0.07100376
0.00897528
-0.01186703
-0.16970687
0.06561907
0.00000000
-0.05497927
0.07548106
0.08391292
-0.00000000
0.00570287
0.00000000
0.06449591
0.03189485
0.02199535
0.05968438
0.03229558
0.04859713
-0.04414412
0.00000000
0.04196632
0.03094156
0.02207122
-0.01987354
0.04379550
0.01140421
0.02205998
0.01855540
0.00623046
-0.23002037
-0.02551612
-0.05858272
0.00236645
0.02708107
-0.21402276
0.00000000
-0.04274213
0.03463398
-0.18207170
-0.12821963
0.00207169
-0.07822890
-0.08628421
0.03560747
-0.04351870
-0.02439773
0.00000000
0.05255276
-0.05252923
-0.00000000
-0.01425110
-0.12947924
-0.02355503
-0.08312821
0.01233437
-0.07567611
0.00000000
-0.00000000
-0.07633755
0.04594232
-0.00000000
-0.00003849
-0.15792269
0.06576426
-0.14730310
0.00387956
-0.04911491
-0.03982685
0.05532175
-0.00000000
-0.09666243
-0.01792593
0.01280202
0.00000000
0.00720352
0.00000000
-0.12496385
-0.08336518
0.02178136
-0.15937215
-0.15136217
-0.02696734
0.07808464
-0.00000000
-0.04021901
-0.11319066
-0.06310473
-0.17542188
-0.26362547
-0.12731007
-0.24768189
0.00127223
-0.00998657
-0.12672666
-0.04529480
-0.09155504
-0.21013740
-0.06551224
-0.01971680
-0.00000000
-0.00294477
0.01768219
-0.11407460
-0.13092223
-0.10310816
-0.16709302
-0.18263938
-0.05283727
-0.01146435
-0.12855631
0.00000000
-0.08196915
-0.03453938
-0.00000000
-0.00279704
-0.13432090
0.13057601
-0.05733729
-0.07774846
-0.21373299
0.00000000
0.00000000
-0.14313592
0.02647172
-0.00000000
-0.00000000
-0.04103133
0.07921389
-0.18157345
-0.03677201
-0.06077751
0.00228465
-0.09593916
0.00000000
-0.00146269
-0.01641476
-0.12592515
0.00000000
-0.19671898
0.00000000
-0.15947109
-0.00512581
-0.09545453
-0.07617275
0.02923890
-0.07902979
0.04953013
0.00000000
-0.06210607
-0.09698976
-0.04279206
0.00224689
-0.20425268
-0.09477583
-0.00835781
-0.00000489
-0.12686279
0.07434595
0.10389885
0.05894455
0.03264416
0.01879538
0.03180606
0.00000000
-0.02078548
0.04454431
0.09968280
0.15388370
-0.00051959
0.03600927
0.03342187
-0.02152108
0.04261917
0.00783356
0.00000000
-0.08430579
-0.05264222
-0.00000000
-0.01196695
0.10079876
-0.02425179
-0.12713160
0.07082676
0.00779446
-0.00000000
0.00000000
0.06428797
0.04175653
-0.00000000
-0.00000815
0.03945269
-0.02935127
0.06499171
-0.06305927
0.00774010
-0.01148832
0.00543608
0.00000000
0.09713102
-0.12272395
0.05931716
-0.00000000
0.07458795
0.00000000
0.10467993
-0.12503874
0.01556650
0.07564249
-0.03559479
-0.00735351
0.03561981
0.00000000
-0.03593113
-0.00046005
-0.05618775
0.04226767
0.04993614
0.03377090
-0.09103625
0.00009113
0.04695681
-0.11578751
-0.03354371
-0.07914145
-0.08807532
-0.04374620
-0.10289650
0.00000000
0.02273274
-0.17266884
-0.08627453
-0.04479100
-0.02253633
-0.18217961
-0.11733137
-0.08415047
-0.05920380
-0.06211809
0.00000000
-0.02857356
-0.02446165
0.00000000
-0.00370014
-0.04500031
0.05408125
-0.01679686
-0.03898767
-0.08843423
0.00000000
-0.00000000
-0.08968185
-0.09696122
-0.00000000
0.00000000
-0.09489123
0.13031910
-0.13277735
-0.10180478
0.00036530
0.15838322
-0.08900521
-0.00000000
-0.03580191
-0.03443695
-0.13358358
0.00000000
-0.07297976
0.00000000
-0.11283729
-0.02427672
-0.03602843
-0.03409036
-0.04149820
-0.08126734
0.23153684
-0.00000000
-0.01224837
-0.05514769
0.01506125
0.01232313
-0.11270863
-0.16500577
-0.21877295
0.01521756
0.10837405
0.00737750
0.04203733
0.00871363
0.00628706
0.07855421
0.06711150
-0.00000000
-0.01898119
0.07331920
0.07994606
-0.00244698
0.07238486
0.07465324
0.01454186
0.01402226
0.06501936
0.09897070
0.00000000
0.01428042
0.09039902
0.00000000
-0.00717310
0.01002204
-0.03176459
0.05500711
0.04359660
-0.05878849
-0.00000000
-0.00000000
0.12474565
0.01071109
-0.00000000
0.00000000
0.00171072
0.08762935
0.03749110
0.02050090
0.10361141
-0.28829762
0.08260690
-0.00000000
0.02265931
0.12259555
0.05333315
-0.00000000
0.04783781
0.00000000
0.05845121
0.12158363
-0.02471460
0.07079334
0.04580123
0.00159631
0.06685937
0.00000000
0.08965825
0.00311086
0.09173389
0.01193696
0.00347880
0.08560937
0.06212871
-0.00207725
0.05393535
0.00057906
0.09618731
0.04707303
0.01256112
0.08682314
-0.00093754
0.00000000
-0.03553756
0.07731164
0.01831227
0.00280969
-0.00517835
0.04439433
-0.01822690
0.03561169
0.08184355
0.02557505
0.00000000
-0.02287020
0.04691667
-0.00000000
-0.00102365
-0.01224665
0.00056168
0.00084626
0.03040094
0.03956362
-0.00000000
-0.00000000
0.06107223
0.05190128
-0.00000000
-0.00000000
0.04743981
-0.17388107
-0.03889289
-0.01530301
0.05448766
-0.16609879
0.04267450
-0.00000000
0.04798771
0.07255349
0.03128381
0.00000000
0.02845601
0.00000000
0.03821712
0.03036653
0.03457884
0.04143223
0.05325180
0.02670390
-0.09721178
-0.00000000
0.04862005
0.04112030
0.01746211
0.08173982
0.00893358
0.05778532
0.01596531
0.00000000
0.04082973
0.11270517
0.06958012
-0.00885359
-0.01474903
0.08106103
0.09485901
-0.00000000
-0.00312407
0.06075759
0.22586863
0.03912351
0.17075969
-0.01812744
0.07386825
0.07895291
0.08314274
0.14796212
-0.00000000
0.03431461
0.07378235
0.00000000
0.00043637
0.08702330
-0.17621292
0.11090546
0.08546136
0.05698788
-0.00000000
-0.00000000
0.05964179
0.03542228
0.00000000
0.00000000
0.06790542
-0.02842022
0.13517357
0.10083877
0.04812132
-0.15682346
0.01431789
-0.00000000
0.07083251
0.03979062
0.07653841
-0.00000000
0.15192394
0.00000000
0.03974450
0.06817723
0.05227094
0.10609051
0.16237868
0.02341995
-0.03725366
-0.00000000
0.07956111
0.25745898
0.07312814
0.17372386
0.26409763
0.05312658
0.13024460
-0.00790216
-0.13099416
-0.25225374
-0.16188098
0.05327379
0.09656407
0.01712699
-0.11824171
-0.00000000
-0.00156279
-0.13507061
-0.01559656
-0.09677871
-0.01365265
0.09813776
0.01717538
-0.20232099
-0.00035969
-0.01087747
0.00000000
-0.08301100
-0.13234547
-0.00000000
0.00721039
-0.13281958
-0.03489645
-0.12019737
-0.07740880
0.10017478
-0.00000000
0.00000000
-0.07669179
-0.15951687
0.00000000
-0.00003647
-0.12516722
0.02660302
0.07515977
-0.18803743
-0.05333905
-0.15762292
0.04778815
-0.00000000
-0.00191980
-0.14998120
0.03573070
-0.00000000
-0.03710467
-0.00000000
0.08936703
-0.09020617
0.03661332
0.02090512
-0.11469803
-0.19486536
0.00395133
0.00000000
-0.13144784
-0.11734661
-0.10716322
-0.17592722
0.06743801
-0.12366664
-0.09397216
0.00000000
0.04984926
0.05951685
0.07991387
0.06900738
0.03125962
0.02759961
0.07912645
-0.00000000
-0.01170345
0.06424855
0.04680525
0.06160045
-0.03068392
-0.00837739
0.07574321
0.04148334
0.12240906
0.08960445
0.00000000
0.04646740
0.07944692
-0.00000000
-0.01098988
0.05059851
-0.00458185
0.02979025
0.03238620
0.03440344
0.00000000
0.00000000
0.02725819
0.03707218
-0.00000000
-0.00000178
0.05678061
-0.05065039
0.06408647
0.04489657
0.06211153
-0.24915498
0.04960582
-0.00000000
0.16866671
0.06369448
0.07159763
-0.00000000
0.09029141
0.00000000
0.01142842
0.05623801
0.06319088
0.04604626
0.00701724
0.08198034
-0.32852486
0.00000000
0.07534888
0.03208923
0.05213680
0.01229258
-0.01944946
0.03533256
0.05225784
0.01479447
-0.03562171
-0.10953095
-0.05576554
-0.18887518
-0.13406968
-0.17207576
-0.03900708
0.00000000
-0.02376401
-0.15420559
-0.03131685
-0.15582553
-0.00803550
-0.21532072
-0.06638013
-0.12011742
-0.15485361
-0.02552140
-0.00000000
0.01813680
-0.02700616
-0.00000000
-0.00801890
-0.09299694
-0.07714903
-0.07443589
-0.06732569
-0.16423053
-0.00000000
0.00000000
-0.02056740
-0.04411500
0.00000000
-0.00000000
-0.14785002
0.07018797
-0.10610924
-0.08741169
-0.11370099
-0.06072118
-0.08362175
0.00000000
-0.08792035
-0.08428536
-0.11280859
-0.00000000
-0.15279819
-0.00000000
-0.32856786
-0.11085945
-0.01178543
-0.14996411
-0.17191608
-0.05705385
-0.15594415
0.00000000
-0.07475052
-0.14840171
-0.02034586
-0.11333501
-0.12023674
-0.12049156
-0.04005189
-0.00314632
-0.06725585
-0.00199406
0.06808025
-0.00867064
-0.05428781
0.01883679
-0.05041144
-0.00000000
0.00396273
-0.03299810
-0.02475175
-0.04996882
-0.03761462
-0.00826273
-0.03203097
-0.02745375
0.02209336
-0.03188806
-0.00000000
-0.06044108
-0.10724304
0.00000000
-0.01206487
-0.06609593
-0.01665193
-0.10389036
-0.02504253
-0.06356385
-0.00000000
-0.00000000
0.03787211
-0.08594021
-0.00000000
0.00000141
-0.04233279
-0.03208855
0.00216380
-0.06490252
0.02950050
0.00970985
-0.01713907
-0.00000000
0.03564980
0.00402621
-0.01768772
-0.00000000
0.00363241
-0.00000000
0.03846930
-0.00371581
-0.09209958
-0.04239639
0.00608353
-0.03571081
0.11060242
0.00000000
-0.02019056
0.05245334
-0.11991613
-0.09105401
-0.03789308
-0.06105236
-0.00837885
-0.00321661
-0.04249356
-0.02160183
0.18833657
0.00926408
-0.08498941
0.13596402
0.02736719
-0.00000000
-0.01786002
-0.02440072
0.11382191
-0.02207117
0.06014075
0.00956369
0.02834031
0.00378225
0.13995275
0.12579502
-0.00000000
0.00088385
0.02361606
-0.00000000
-0.00099044
-0.09961960
-0.13157974
0.03197744
-0.06590251
-0.07844479
0.00000000
0.00000000
0.15389729
-0.09343371
-0.00000000
-0.00000002
-0.00368150
-0.02018213
-0.02344445
0.04590104
0.11086027
-0.16374867
-0.00613146
0.00000000
0.09252994
0.03708423
0.05829661
-0.00000000
0.02045835
0.00000000
0.03278871
0.09638248
0.13876624
0.00540742
0.14095707
-0.00026263
-0.15199865
-0.00000000
-0.01534047
0.12989332
-0.01199189
-0.10759661
0.04714085
-0.08661019
0.03216860
-0.00901406
0.01284875
0.08206237
0.06231790
-0.01152135
0.03212686
0.04666057
0.10576313
-0.00000000
0.02850525
0.06551078
-0.06877080
0.04511310
0.00435337
-0.04878658
-0.01122051
0.01895066
0.05374556
0.05704389
0.00000000
-0.00090183
-0.03659169
0.00000000
-0.02098786
0.07738990
-0.14818142
-0.03693167
0.02786298
0.02652165
-0.00000000
-0.00000000
0.04429189
0.00417536
-0.00000000
-0.00000000
0.10549113
0.17303808
0.06661705
0.05760883
0.09262258
-0.24232648
0.03126700
0.00000000
0.09050576
0.04213548
0.00329692
-0.00000000
0.03767544
-0.00000000
0.07996377
-0.01599662
-0.00137235
-0.00827427
-0.00232171
0.03557288
-0.03602598
0.00000000
0.00963083
0.03266121
-0.01816644
-0.06095545
-0.03776410
0.01039696
0.09736215
-0.00618514
0.01755315
-0.23080969
-0.02838370
0.06981102
0.02995492
-0.02662449
-0.30123577
0.00000000
0.03029815
-0.17999971
-0.00520909
-0.30011371
-0.21200053
-0.03007035
0.01886195
-0.14500661
-0.02335842
-0.03615070
0.00000000
-0.05514578
0.02783508
0.00000000
-0.01316938
-0.15165357
0.12587014
0.03005842
-0.10278601
0.07405389
-0.00000000
0.00000000
-0.00684782
-0.05702547
0.00000000
-0.00094279
-0.21303430
0.14414307
-0.23242532
-0.02818190
-0.01883873
0.07042581
-0.00972023
-0.00000000
-0.02272484
0.01652546
-0.04477976
-0.00000000
0.00267055
-0.00000000
-0.23952261
0.04454432
0.01447317
-0.08389889
-0.03870396
-0.01924264
-0.05756537
0.00000000
0.05766604
0.00261093
0.01312690
0.01868201
-0.24750613
-0.09551641
-0.31982058
-0.00287844
-0.19447576
0.12950830
0.01923421
-0.12229399
-0.15099023
-0.14270096
0.07515386
-0.00000000
-0.01848936
-0.13791147
-0.02528893
-0.01520490
-0.11448827
-0.17160402
-0.23164754
-0.02296864
-0.10883199
0.01663171
-0.00000000
-0.02340585
-0.21043310
-0.00000000
0.00630122
-0.10023098
-0.03494454
-0.12020329
-0.13573556
-0.13746707
0.00000000
0.00000000
-0.04884545
-0.10746329
-0.00000000
0.00034785
0.01328134
-0.06928808
-0.09440574
0.00429472
-0.06689562
0.05804355
-0.14171357
0.00000000
0.01607875
-0.22525504
-0.08328804
0.00000000
0.01608729
-0.00000000
-0.16299713
-0.19170715
-0.17061776
-0.20653187
0.00467277
-0.03559129
-0.05210992
0.00000000
-0.17925310
-0.00461083
-0.16027984
0.00208673
-0.00081396
-0.11438989
0.11185045
-0.00060238
0.07312448
-0.06378575
0.06951942
0.01635077
0.02350053
0.10254924
-0.01133929
-0.00000000
0.04779077
-0.00044508
0.09473853
-0.04600350
0.10278612
0.05228146
-0.00278046
-0.00956467
0.06932420
0.14159891
0.00000000
0.07029951
0.08619098
-0.00000000
-0.00280628
0.02411341
-0.04066414
0.12321261
0.12096146
0.07995342
0.00000000
-0.00000000
0.06145567
0.07715823
0.00000000
-0.00000000
-0.06048452
0.07586344
0.01052888
0.03853688
0.08046933
-0.15159436
0.03010777
0.00000000
0.04916791
0.06849314
0.03268743
0.00000000
0.07248633
0.00000000
-0.08582746
0.05734450
0.08473507
0.12128942
0.06951420
-0.00021197
0.08137400
-0.00000000
0.07971475
0.09521164
0.09503136
0.09370688
0.07849477
0.04600993
-0.07502276
0.00000000
0.00000010
-0.00000139
-0.00000001
0.00000000
0.00000041
0.00000001
-0.00000142
-0.00000000
0.00000000
0.00000701
-0.00000000
-0.00000050
-0.00000000
0.00000041
-0.00000000
0.00000099
-0.00000002
0.00000000
-0.00000000
0.00000002
0.00000054
0.00000000
-0.00000000
0.00000002
-0.00000000
0.00000058
0.00000005
0.00000000
-0.00000000
0.00000000
0.00000000
0.00000021
0.00000000
-0.00000000
-0.00000334
-0.00000000
0.00000000
0.00000126
0.00000002
-0.00017164
0.00000000
0.00000000
-0.00000000
0.00000230
0.00000031
-0.00000000
0.00000003
0.00000000
-0.00000080
0.00000209
0.00000002
-0.00000034
-0.00000001
0.00000148
0.00023254
-0.00000000
0.00000027
0.00000001
0.00000005
-0.00000047
-0.00000008
0.00000000
-0.00000000
0.00000000
0.09446143
0.07093888
0.00831741
0.04721481
0.10788690
0.08919792
0.07847769
0.00000000
0.00182758
0.06570951
0.15704457
0.04282813
0.08817428
0.12980318
0.12104747
0.07141604
0.08095890
0.00604766
-0.00000000
0.02768415
0.07405238
-0.00000000
0.00190617
0.00641511
-0.22590393
0.08993549
0.14663993
0.18013573
-0.00000000
0.00000000
0.01007268
0.01019659
-0.00000000
0.00000000
0.01013174
-0.10954016
0.16991654
0.03199025
0.00561767
-0.07164540
0.08512252
-0.00000000
0.04110624
0.07044303
0.13460794
-0.00000000
0.03493848
-0.00000000
0.11262092
0.07466968
0.13169466
0.11068583
-0.00946778
0.06680670
-0.01336559
0.00000000
0.05023036
0.05964870
0.04657652
0.04689036
0.15102422
0.05432109
0.13851933
0.00000128
0.01452055
-0.02695898
0.01104566
-0.02801798
-0.05870481
0.02109336
-0.02140159
0.00000000
-0.02031896
0.05573145
-0.04898674
0.00665809
-0.03417401
-0.00804851
0.01242384
-0.03978349
0.05195081
0.01741805
0.00000000
-0.02175352
0.07066409
-0.00000000
-0.00049260
-0.01080378
0.11399365
0.01207632
0.02360853
-0.06843953
-0.00000000
0.00000000
-0.00136829
0.03452671
0.00000000
-0.00000256
0.02190942
0.04572498
0.01153930
0.00606836
0.01203517
-0.21099049
0.03403454
-0.00000000
-0.00017367
0.03498637
-0.01184787
0.00000000
-0.08373103
-0.00000000
-0.00004757
0.03717308
0.00444988
0.08393379
0.00002725
0.00044868
-0.09749363
0.00000000
0.05219981
-0.01260716
-0.00678298
-0.01144873
-0.02274186
-0.02298417
-0.00168643
-0.00592164
-0.03672848
-0.03526407
0.06400542
0.02862851
0.04292194
0.10293432
-0.08085736
0.00000000
0.02584217
0.01662174
0.06445387
-0.03995791
0.10273981
0.08004629
-0.01024829
0.03595471
0.09787093
0.10865890
0.00000000
0.07166222
-0.01000192
0.00000000
-0.00281881
-0.01731854
-0.15751578
-0.01335166
0.09341998
0.09150887
0.00000000
0.00000000
0.08368558
-0.03491288
-0.00000000
-0.00000000
-0.05297472
0.01868769
0.08624952
0.02896284
0.12460053
-0.25703225
0.04864795
0.00000000
0.10039515
0.00368672
0.11831135
-0.00000000
0.07464840
-0.00000000
0.02950203
-0.04401811
0.01387577
0.04735292
0.04818884
-0.00063697
0.01265719
-0.00000000
-0.04965580
0.00544638
-0.00572091
-0.04910934
0.09730566
0.00284154
0.00732322
0.00003018
-0.10438979
-0.01170754
-0.09360308
0.04701537
0.05398813
-0.07860553
-0.02136951
0.00000000
-0.00487176
-0.06039584
-0.10853903
0.01426748
-0.06026348
0.02863508
-0.00559886
-0.01832719
-0.10173085
-0.12938082
0.00000000
-0.05623735
-0.10135112
0.00000000
-0.00846127
-0.01330797
0.04607030
-0.12021979
-0.02375354
0.03988880
0.00000000
0.00000000
-0.08241732
0.01303471
-0.00000000
-0.00000000
-0.01700023
0.06480556
0.00331908
-0.13299350
-0.05966069
0.20907308
-0.03653788
-0.00000000
-0.06900041
-0.10966534
-0.08199517
0.00000000
-0.07803676
-0.00000000
-0.00903350
-0.14671722
-0.00139322
-0.04428635
-0.08875978
-0.04458364
0.10801512
-0.00000000
-0.02985532
-0.04755734
-0.03805770
-0.01223726
-0.03042215
-0.00821919
-0.02787639
-0.00000000
-0.12029186
-0.06094248
-0.04364514
-0.13391419
-0.12186006
-0.11734282
-0.12891895
-0.00000000
-0.02470115
-0.10490063
-0.04197685
-0.05047155
-0.17551364
-0.13428852
-0.15475464
-0.16907766
-0.12380061
-0.15796305
0.00000000
-0.18446605
-0.07318581
0.00000000
-0.00187087
-0.10683259
0.02534276
-0.16447271
-0.21601774
-0.12535767
0.00000000
0.00000000
0.02705826
-0.10494364
-0.00000000
0.00005288
-0.09810431
0.02214607
-0.11631883
-0.02177734
-0.14011876
-0.14558199
-0.10651577
0.00000000
-0.13108008
-0.02478072
-0.01091981
-0.00000000
-0.23014387
0.00000000
-0.03211188
-0.03353517
-0.17457768
0.07940158
-0.02401649
-0.09498859
-0.00650926
-0.00000000
-0.11815478
0.00206566
-0.17142339
0.02310714
-0.00877970
-0.09926612
-0.08784257
-0.00237894
0.01029859
0.03202210
-0.01598449
0.05915555
0.04606499
0.03591932
0.02836658
0.00000000
-0.07372712
0.01317281
-0.00925611
0.01434214
0.04965008
-0.02573446
-0.00461505
0.05172955
-0.01553840
0.03239068
-0.00000000
0.03808922
0.00174045
-0.00000000
-0.01237521
0.05644983
0.21417354
0.00736620
0.03550241
0.04687099
-0.00000000
0.00000000
-0.05333572
0.02739416
-0.00000000
-0.00010713
0.05528422
-0.23533612
0.00292323
0.06781179
-0.01701798
-0.45819545
0.02691464
-0.00000000
-0.05602540
0.00406639
0.00426076
-0.00000000
0.06298336
0.00000000
-0.02990508
0.01353604
0.02419855
0.01400568
-0.02600087
0.07224746
-0.54864138
0.00000000
0.04263157
-0.01641216
0.02968499
-0.01131594
0.00558204
0.00266868
-0.02554122
-0.00207174
-0.03643699
-0.22133204
0.00975578
-0.19405906
-0.20198852
-0.03522059
-0.18023337
-0.00000000
0.07410432
0.02154244
-0.00565700
-0.26132935
-0.09806410
-0.00277772
-0.15549646
-0.05930658
-0.02563313
-0.01820168
0.00000000
-0.04995313
-0.04018355
-0.00000000
-0.01431932
-0.28293356
-0.02290303
-0.03491896
-0.11805247
-0.18373001
0.00000000
0.00000000
0.04112768
-0.23283939
-0.00000000
0.00005675
-0.20905602
0.04548207
-0.01596900
-0.22734728
-0.01131655
0.15410540
-0.07201227
-0.00000000
-0.06006235
0.01907601
0.03286220
-0.00000000
0.00943437
0.00000000
-0.14424673
0.00662221
-0.15067795
0.02391613
0.00592077
-0.12665707
0.06270821
-0.00000000
-0.02414704
0.01132312
-0.03398431
-0.02077719
0.08877431
-0.01119410
0.04141218
-0.00237055
-0.01865188
-0.04381800
0.04255479
-0.05693846
-0.06143177
0.04654532
0.02227739
-0.00000000
0.00389089
0.03334172
0.02096772
0.00149494
0.05265225
0.00508651
-0.02259245
-0.02357156
0.01594909
0.03029855
-0.00000000
-0.00952282
-0.04384252
0.00000000
-0.00024656
-0.02118451
-0.07313182
-0.07054093
0.03656746
-0.05554124
-0.00000000
0.00000000
0.06385500
-0.01656317
-0.00000000
-0.00000037
-0.00077341
-0.00161092
0.06243499
-0.06758161
0.05871836
-0.08565394
0.00404447
-0.00000000
0.01073344
-0.03429856
0.04709134
0.00000000
0.00044675
-0.00000000
0.05474974
-0.07756279
0.00918494
0.04491024
-0.01645337
-0.04518535
-0.03994332
-0.00000000
-0.04551879
0.00271295
-0.01874148
0.02729727
0.04691190
0.02395269
0.02346084
0.00000000
-0.00530939
0.00115131
0.00409871
-0.00665402
-0.01436111
0.02717160
0.01251578
0.00000000
-0.00093865
0.04699007
0.01824595
0.01278826
-0.00392741
0.01577521
-0.00567957
-0.00469913
0.01955568
0.00493806
0.00000000
-0.00631655
0.01442623
-0.00000000
-0.00748383
0.00269084
0.05043852
-0.03013698
0.02805277
-0.00255745
-0.00000000
0.00000000
0.00894563
-0.01381102
0.00000000
-0.00000000
-0.00506848
-0.02354720
-0.00533906
-0.02541461
0.01215013
0.06551141
-0.02265426
-0.00000000
0.00445812
0.02545225
0.00560351
0.00000000
0.00179368
0.00000000
0.00160817
0.01111699
-0.00183580
0.01169618
0.01442319
-0.02400817
0.00218751
-0.00000000
0.00103511
0.04329044
0.01443440
0.02300513
-0.00575744
-0.01715990
-0.00019349
-0.00509250
-0.12987837
-0.13579920
-0.01262601
-0.05955592
-0.10781322
-0.04471163
-0.15786979
-0.00000000
-0.00727622
-0.04119566
-0.05396938
-0.13410291
-0.10231806
-0.06697536
-0.08463863
-0.07040976
-0.06232012
-0.00962305
0.00000000
-0.03980068
-0.10468320
-0.00000000
0.00026242
-0.10746688
-0.07194656
-0.13648964
-0.10758165
-0.07413211
-0.00000000
0.00000000
0.00750803
-0.17670903
-0.00000000
0.00000000
-0.16829652
0.15325813
-0.07404012
-0.16265300
-0.05671042
0.09566572
-0.09515385
0.00000000
-0.05261985
-0.12131143
-0.00789120
0.00000000
0.01336910
0.00000000
-0.08476068
-0.12893520
-0.16595714
-0.10664552
-0.05282814
-0.17282376
0.16527280
0.00000000
-0.09416124
-0.04658204
-0.09655953
-0.06524627
-0.00506889
-0.08372699
-0.13645443
0.00000000
0.12053204
0.11569152
0.01943018
0.03575741
-0.02400757
-0.03844219
-0.00074577
-0.00000000
-0.02231669
0.13770609
0.03848810
0.03173772
-0.03361421
0.01736772
-0.01055876
0.06998358
-0.03737888
0.04243209
-0.00000000
0.02985753
0.08038601
0.00000000
-0.00164237
0.04649605
0.02412776
0.12998381
0.03043541
-0.02858240
-0.00000000
0.00000000
0.02141031
0.11273653
-0.00000000
-0.00000000
0.05934549
-0.00345230
0.03650126
0.10804829
-0.01443280
-0.13367721
0.02497937
0.00000000
-0.05629941
0.12368590
0.02677612
-0.00000000
0.02682345
0.00000000
0.05187022
0.12875524
-0.05357422
0.11496020
0.11888604
0.06979760
-0.10567389
0.00000000
0.09769492
0.08381841
0.14002910
0.15422635
0.02642962
0.09142751
0.05290650
-0.00020908
0.05684689
0.09063948
-0.07083724
0.03394287
-0.01543838
-0.09357247
0.06996427
0.00000000
-0.00772820
0.13782318
-0.08101458
-0.04545367
-0.08647463
0.02759192
0.03461496
0.12456510
-0.08930710
-0.10609088
0.00000000
0.04815084
0.05821662
-0.00000000
-0.00234087
0.06081472
0.12664314
0.04902060
0.07172970
-0.00593179
-0.00000000
-0.00000000
-0.06583545
0.06772786
-0.00000000
-0.00001788
0.12785432
-0.07454076
-0.03314734
0.08181142
-0.04788078
-0.21259490
0.03326672
-0.00000000
-0.09869747
0.01762561
-0.07014082
-0.00000000
-0.06631277
-0.00000000
0.04378116
0.09073304
-0.06012803
0.03146835
-0.04371310
0.11287652
0.01822152
0.00000000
0.04450100
-0.05611139
0.08873045
0.04964733
-0.08766171
0.08569366
0.05762840
-0.00004005
0.00691615
0.12121975
-0.01690774
0.11155473
0.11225531
0.06510753
0.11814756
0.00000000
0.01345163
-0.04315355
0.03078170
0.08505361
0.14881271
0.03756987
0.07328630
0.06002338
0.01389059
0.02271944
0.00000000
0.03614055
0.03391581
0.00000000
-0.00307198
0.11572284
0.09453598
0.04493718
0.07136774
0.17079671
0.00000000
0.00000000
0.00682329
0.06909385
-0.00000000
-0.00003267
0.10094926
-0.04889942
-0.07768551
0.19795677
0.00606205
-0.08746637
0.00427909
0.00000000
-0.08430442
-0.00024085
0.06057372
-0.00000000
-0.02061754
-0.00000000
0.15220375
0.07016850
0.12582423
0.03371359
-0.02669725
0.12253772
-0.15007253
-0.00000000
0.00206881
-0.00897079
-0.02504604
0.00525164
-0.00030629
-0.07283682
-0.08630741
0.01144302
0.10867457
-0.03318736
0.07593813
-0.05330438
-0.01809376
0.11973561
-0.01044873
-0.00000000
-0.03167185
0.11410405
0.13072619
-0.06131254
0.10583682
0.08966294
-0.09016432
0.05207757
0.09626458
0.12994441
-0.00000000
0.07596613
0.11591269
0.00000000
-0.01625787
-0.05330591
-0.13004145
0.12353063
0.00682578
-0.06255097
-0.00000000
0.00000000
0.04658902
-0.06547057
-0.00000000
0.00000000
-0.01938397
0.02240877
0.03456236
0.01457215
0.10060485
-0.17289625
0.05354149
0.00000000
-0.00747536
0.14648750
0.14435710
0.00000000
0.04602420
0.00000000
0.01796211
0.21192631
-0.01651865
-0.00461563
0.05543736
-0.01972798
0.15297274
0.00000000
0.03936150
0.11626992
-0.00337757
0.09518319
0.13155939
0.08790240
0.09508410
-0.00000000
0.05961600
0.06050545
-0.03402578
0.11861562
0.10274000
-0.01051111
-0.06127809
0.00000000
-0.02372503
0.03864795
0.00163413
0.07965917
0.01110957
0.04778928
0.08265875
0.07395500
-0.01357380
0.01471072
-0.00000000
0.08077430
0.10547549
0.00000000
-0.00063573
0.14027131
-0.00174855
0.17260231
0.10160828
0.08404187
0.00000000
-0.00000000
-0.00095553
0.03446509
0.00000000
0.00000000
0.04184712
0.12189014
-0.02061168
0.12192599
0.01378097
-0.07800292
-0.01797773
-0.00000000
-0.04573613
0.09837523
0.01363802
-0.00000000
0.05712813
0.00000000
0.06070159
0.13365263
0.06361925
0.07315097
0.04952602
0.06689624
0.08566744
0.00000000
0.07456771
0.03565504
0.07888386
0.11422832
0.04818312
0.00620325
-0.00041761
-0.00000000
-0.01587594
0.07122950
0.11627218
0.02714464
0.06642839
0.12026443
0.08540800
0.00000000
-0.00795658
0.06319010
0.01555664
0.01259687
-0.04016225
-0.05793056
0.01677698
-0.03827348
0.12883916
0.11572450
-0.00000000
-0.03965756
0.06061168
0.00000000
-0.00091491
0.12388483
0.07877573
0.03276451
0.02679269
0.04657334
-0.00000000
0.00000000
0.09566845
0.12095842
-0.00000000
0.00000000
0.16718653
0.00849624
0.07582050
0.03839907
0.10174801
-0.21741782
0.06524884
-0.00000000
0.12119968
0.07800440
0.09670182
-0.00000000
0.02831215
0.00000000
0.07932973
0.07059449
0.02020576
0.05261959
0.08737801
0.07896263
-0.06070542
-0.00000000
0.10484317
0.05622929
0.02665640
0.00772050
-0.03323314
-0.00959339
-0.04235093
-0.00001424
-0.01407573
0.03520426
0.03502532
-0.03662794
-0.03358725
-0.02042673
-0.05440782
0.00000000
0.02189115
0.01438224
-0.25239378
0.06090101
-0.15871477
-0.09847864
0.03529879
-0.08006751
0.06702759
-0.22370248
0.00000000
-0.13198350
0.00972892
-0.00000000
0.00736913
0.05809442
0.00737045
-0.20008633
-0.00726241
-0.13057604
-0.00000000
-0.00000000
-0.01083426
0.02250445
-0.00000000
0.00000000
-0.02147814
0.02575153
-0.00803925
-0.07653675
0.01552452
0.00766600
-0.02356195
-0.00000000
0.04123449
-0.02010865
0.02046464
-0.00000000
-0.22058862
-0.00000000
0.06228762
-0.10002949
-0.14820342
0.04922673
0.01421528
-0.08856390
0.01550743
-0.00000000
0.01136104
-0.20502032
0.00968857
-0.26783574
-0.17032236
0.02414843
-0.05554675
-0.00031562
0.05371033
0.04064769
0.00960881
0.12370843
0.05209591
0.02064660
0.00615532
0.00000000
-0.00770626
0.13648437
-0.04713890
0.09250493
0.04353467
0.02203564
0.02839134
0.12376984
0.06532019
-0.01006296
0.00000000
0.06781725
0.03730898
-0.00000000
-0.01069543
0.08404021
0.00554018
0.07347870
0.06486081
0.10841917
-0.00000000
-0.00000000
0.02792377
0.21468334
-0.00000000
-0.00000000
-0.01327116
0.01627027
-0.07231648
0.17356023
0.05355458
-0.04234595
0.01760830
0.00000000
0.06427895
0.14041227
-0.02173073
-0.00000000
0.00388912
-0.00000000
-0.05170079
0.07546107
0.06264341
0.00837737
0.04676005
0.22466099
-0.01339220
0.00000000
0.10422278
0.02958374
0.06418587
0.07324273
-0.08509289
0.05733099
0.06386576
-0.00000084
-0.02181793
-0.00361427
0.07605562
-0.08781699
-0.02576899
0.12059157
-0.04941440
0.00000000
0.04401034
0.12802583
0.06866845
-0.01189950
-0.02768379
0.11380640
0.05662361
0.04810149
0.08231597
0.10338805
0.00000000
0.08274785
0.07137337
0.00000000
-0.00800419
0.01252024
0.06585224
0.03488575
0.10456765
0.06411602
-0.00000000
0.00000000
0.07754220
0.00760816
0.00000000
0.00000073
-0.06648540
-0.09198274
0.08123439
-0.09384833
0.11373692
-0.11423472
0.05222059
0.00000000
0.03683832
0.11734708
0.14025094
0.00000000
0.04785039
-0.00000000
-0.08560731
0.11969156
-0.02855538
0.08381198
0.06844931
-0.16982968
-0.20528825
-0.00000000
0.04661347
0.09527320
0.02164519
0.03143927
0.08681570
0.07584311
0.12995481
-0.00591543
0.01040504
-0.06242417
-0.01144220
0.02335494
0.07390420
-0.02373207
-0.09268519
0.00000000
-0.02039148
0.07072099
-0.01127579
-0.03602832
0.07434536
0.11696176
0.00993332
0.11878686
0.01477455
0.00415961
0.00000000
0.08823294
0.02544688
0.00000000
-0.02137407
-0.02528150
0.03144205
0.06917974
0.08331604
0.05689584
-0.00000000
-0.00000000
-0.01891299
0.01981704
-0.00000000
-0.00001293
-0.07601281
-0.11212605
-0.01537380
-0.01023568
0.00425587
-0.23440233
0.06603587
0.00000000
-0.05442221
0.07482322
0.04576606
0.00000000
0.05482094
0.00000000
-0.05714627
0.01923794
0.01390351
-0.07858494
-0.00835371
0.05084836
-0.00706159
-0.00000000
0.03028663
0.04789126
-0.00994677
-0.07014167
0.00294678
-0.03688969
0.02853922
0.01058080
-0.02878554
0.05357126
0.14442515
-0.03239052
0.00318332
0.09854822
0.03856449
-0.00000000
0.03502951
-0.02512489
0.07060947
0.05086788
0.05470230
-0.03883849
0.03903882
0.01042473
0.11568534
0.10819325
-0.00000000
0.07130621
0.00023761
-0.00000000
-0.01313452
-0.01931350
-0.00523621
0.05162650
-0.01312644
0.04729967
-0.00000000
-0.00000000
0.11145292
0.00771247
-0.00000000
0.00000002
0.01182317
0.02233664
0.06816429
0.00620509
0.09257992
-0.22780178
-0.01861072
0.00000000
0.13037138
0.02339470
0.02641870
0.00000000
0.03812375
-0.00000000
0.02165967
0.02111555
-0.00238947
-0.00778581
0.09324531
-0.02629966
-0.10544451
0.00000000
-0.00862372
0.09394497
0.02598687
-0.07149790
0.12690754
-0.01689189
0.08006222
0.00000000
0.05831074
-0.03399249
0.03484986
0.00660540
-0.04170536
0.03671434
-0.03954444
0.00000000
-0.00537042
0.06517545
-0.01533862
-0.01420448
0.00346122
0.00734811
-0.02335435
0.04455784
0.03461559
-0.02043493
-0.00000000
0.03492726
0.06516207
0.00000000
0.00000001
-0.01946999
-0.05370604
0.03660987
0.01970281
-0.01049539
-0.00000000
0.00000000
0.00282290
-0.00045734
0.00000000
0.00000000
-0.05738787
-0.02619942
-0.01485621
-0.00344770
0.03213733
-0.03936822
-0.00163284
0.00000000
-0.01675177
0.03859710
0.00714920
0.00000000
-0.00544447
0.00000000
-0.02109780
0.07205942
-0.04587308
0.06928919
0.03520432
0.02094086
0.13076843
-0.00000000
0.07974469
0.00935976
0.04353938
0.03064615
-0.01318101
0.03121273
0.03981403
# B
-0.04766543
0.00175006
0.00740189
0.03697342
0.01768647
0.00811581
0.02636137
0.01294954
-0.00000000
-0.05332310
0.01919452
0.04864950
-0.01133522
0.02823505
0.00815438
-0.00209248
0.02108193
0.02877572
0.04280044
-0.00002232
0.01070949
0.01354180
-0.00180678
-0.01234567
0.01500896
-0.05325526
0.01908813
0.00907253
0.00594224
-0.00005684
-0.00000000
0.03364690
0.00821927
-0.00000000
-0.03576974
0.01527228
-0.08054955
0.01924947
0.00471094
0.02179199
0.07738195
0.01895758
-0.00000000
0.02832736
0.00169170
0.02027245
-0.00000000
0.01685967
-0.00000000
-0.00526226
0.00365925
0.01975098
0.02249090
0.00825578
0.01520840
0.05716314
-0.00000269
0.01578735
0.01124651
0.00522033
0.03135860
0.00974620
0.02303001
0.01773104
# Layer Number: 2
relu
32 64
# W
0.00000000
0.00008529
-0.00017851
-0.00000000
0.00000000
0.00174587
0.00136916
0.00000000
-0.00049604
0.00177758
0.00061734
0.00100330
0.00200972
-0.00260770
0.00009690
0.00226990
0.00248197
0.00612525
-0.00000000
0.00440356
0.00135198
0.00061452
0.00032582
0.00150346
0.00000000
0.00000000
-0.00128988
0.00162612
0.00045472
0.00188614
0.00371878
0.00197601
-0.00000000
-0.09547139
0.10714829
-0.00000000
0.00000000
0.08537049
0.07670619
-0.00000000
0.08254762
0.09345454
0.08801700
0.11023801
0.09740459
0.09593617
0.09665256
-0.12825352
0.09638640
-0.10178731
-0.00000000
-0.08610062
0.12841646
-0.10831304
0.11565536
0.10600110
0.00000000
-0.00000000
-0.09397633
0.11748606
0.08278445
0.09093386
-0.10662992
0.10033695
-0.00000000
-0.16839428
0.16288769
-0.00000000
0.00000000
0.16691954
0.13045669
-0.00000000
0.17094722
0.14120421
0.12823112
0.12269668
0.15632415
0.17502499
0.14581154
-0.19965543
0.14716864
-0.17300196
-0.00000000
-0.21660930
0.15967989
-0.18646374
0.16769755
0.15479244
-0.00000000
0.00000000
-0.16725622
0.15022913
0.11581191
0.14571443
-0.17134058
0.13987611
-0.00000000
-0.18697909
-0.04290862
0.00000000
0.00000000
-0.03663428
-0.06832212
-0.00000000
-0.04564470
-0.03252408
-0.00536551
-0.03986140
-0.04542864
-0.02583264
-0.02364668
-0.19637045
-0.02556833
-0.19989486
-0.00000000
-0.17099665
-0.03828888
-0.17950147
-0.04444083
-0.02590471
-0.00000000
0.00000000
-0.16960885
-0.05453644
0.02194729
-0.02063501
-0.15141997
-0.04057077
0.00000000
-0.09626830
0.12378160
0.00000000
0.00000000
0.12886827
0.07106936
-0.00000000
0.09989756
0.13077310
0.11177098
0.09610491
0.13841788
0.13438702
0.10572387
-0.13070571
0.10710090
-0.06999883
0.00000000
-0.08544456
0.12448352
-0.11960551
0.13410614
0.14006187
-0.00000000
-0.00000000
-0.10594814
0.11980617
0.06946977
0.12076662
-0.09030735
0.11425443
-0.00000000
-0.11057328
0.10068376
0.00000000
0.00000000
0.10113177
0.07176876
0.00000000
0.07511771
0.10173296
0.08650862
0.09631003
0.09263715
0.12255865
0.10833123
-0.14900443
0.09554463
-0.13392191
-0.00000000
-0.11184326
0.09718151
-0.14002962
0.09745733
0.12478740
0.00000000
0.00000000
-0.11580683
0.10881686
0.06851775
0.05942794
-0.12999094
0.08207799
-0.00000000
-0.16268608
0.03867444
0.00000000
0.00000000
0.01481073
0.01355164
-0.00000000
-0.02548272
0.01096751
0.03241073
0.02834413
0.01984537
0.00685283
0.00576295
-0.17156219
-0.00899800
-0.18040766
-0.00000000
-0.14542371
0.03774743
-0.16281323
0.00078742
0.00583786
0.00000000
-0.00000000
-0.14570260
-0.00809872
0.05306764
0.01770282
-0.19959359
-0.01003476
-0.00000000
-0.09192561
0.15769725
0.00000000
-0.00000000
0.18700850
0.17454763
0.00000000
0.17607991
0.17423055
0.15502483
0.16079046
0.18959971
0.18112494
0.17405121
-0.11264460
0.18912615
-0.11045957
-0.00000000
-0.09495810
0.17713223
-0.09872327
0.20146030
0.17405833
-0.00000000
0.00000000
-0.09655636
0.16962297
0.12162948
0.19748929
-0.11006130
0.17193861
-0.00000000
0.00000000
-0.00000000
0.00000000
-0.00000000
0.00000000
0.00000000
-0.00000000
-0.00000000
-0.00000000
-0.00000000
0.00000000
0.00000000
0.00000000
0.00000000
-0.00000000
0.00000000
-0.00000000
0.00000000
-0.00000000
-0.00000000
0.00000000
0.00000000
-0.00000000
-0.00000000
-0.00000000
0.00000000
0.00000000
-0.00000000
0.00000000
-0.00000000
-0.00000000
-0.00000000
-0.05247757
-0.01217030
-0.00000000
-0.00000000
-0.01335868
0.01804753
-0.00000000
0.00467404
-0.02695977
0.01169219
-0.01403560
0.00767632
-0.00702703
-0.00889400
-0.05747684
-0.01575761
-0.01843116
-0.00000000
-0.00125003
0.01757252
-0.03269548
0.00388020
0.01018604
0.00000000
0.00000000
-0.07297619
-0.02048877
-0.02612925
-0.00240147
-0.01649126
-0.00192951
0.00000000
-0.15422752
0.09454755
0.00000000
-0.00000000
0.10260963
0.12023596
-0.00000000
0.12645219
0.12447444
0.10673113
0.10467353
0.14273600
0.08892304
0.11706316
-0.16009811
0.12771784
-0.14674845
0.00000000
-0.13268442
0.11031656
-0.18745421
0.11510135
0.10703014
0.00000000
-0.00000000
-0.16110107
0.14606731
0.11697616
0.13011487
-0.14590903
0.11447865
-0.00000000
-0.18310727
0.02958362
0.00000000
0.00000000
0.06576979
0.03054027
0.00000000
0.04788481
0.06934232
0.04318504
0.04583893
0.02729523
0.08259656
0.03559987
-0.22333016
0.03442246
-0.18690641
0.00000000
-0.13842236
0.05089737
-0.16958797
0.02323782
0.02133501
0.00000000
0.00000000
-0.15956880
0.03610826
0.03928400
0.05456084
-0.15163770
0.05787071
-0.00000000
-0.15537801
0.10883897
0.00000000
-0.00000000
0.12246200
0.07628557
0.00000000
0.12713116
0.11219951
0.07506949
0.07456470
0.11434413
0.09621159
0.07480001
-0.18176357
0.11785540
-0.14482965
0.00000000
-0.16915202
0.09512042
-0.13616613
0.10280158
0.10422381
0.00000000
0.00000000
-0.13187362
0.07897019
0.07298617
0.10124252
-0.15444645
0.09200157
-0.00000000
-0.15828405
0.08417820
-0.00000000
-0.00000000
0.06437508
0.05809763
-0.00000000
0.06316860
0.09115043
0.06960518
0.07213012
0.06220562
0.10726716
0.09559733
-0.16019385
0.04980919
-0.16851595
0.00000000
-0.15471768
0.05595158
-0.16787489
0.04470715
0.09708159
0.00000000
0.00000000
-0.11127228
0.06417715
0.07403658
0.05177644
-0.17309026
0.06698088
-0.00000000
-0.07072791
0.15313612
0.00000000
-0.00000000
0.13069417
0.11844554
0.00000000
0.12901138
0.14000760
0.11315302
0.09821005
0.15088329
0.13086821
0.12413555
-0.10844073
0.13174176
-0.06420035
0.00000000
-0.04784393
0.10993958
-0.05947911
0.12702510
0.14704439
-0.00000000
-0.00000000
-0.09724618
0.15137011
0.10349060
0.12456589
-0.10063987
0.14044447
-0.00000000
-0.05611488
0.12113223
0.00000000
0.00000000
0.10910846
0.06626461
0.00000000
0.09310728
0.10957216
0.08022126
0.10346474
0.11333166
0.10105119
0.10653503
-0.08176485
0.09373437
-0.08566534
0.00000000
-0.09144603
0.10091387
-0.09045730
0.11398966
0.10250384
-0.00000000
0.00000000
-0.08064634
0.07450382
0.07598456
0.07158938
-0.07462785
0.09615794
0.00000000
-0.11655056
0.10332368
-0.00000000
-0.00000000
0.08176075
0.09620649
-0.00000000
0.11122680
0.12338870
0.07247464
0.09387183
0.12006442
0.10316587
0.12451775
-0.12363834
0.10923167
-0.13150835
-0.00000000
-0.12206418
0.12059677
-0.13139236
0.10814713
0.10913040
0.00000000
-0.00000000
-0.10785660
0.13122520
0.09572375
0.11586023
-0.12369800
0.11755132
-0.00000000
-0.14262137
0.01952667
0.00000000
-0.00000000
0.03679909
-0.00282127
-0.00000000
-0.02412021
-0.00038812
0.06505760
-0.00136664
-0.00632569
0.03967857
0.00899816
-0.17071341
-0.01817841
-0.16628988
-0.00000000
-0.15638356
0.02593479
-0.18357055
-0.00025599
-0.01675352
-0.00000000
0.00000000
-0.15595873
-0.02379281
0.04993463
0.00640055
-0.15601967
-0.00635472
-0.00000000
-0.20725165
-0.01110135
0.00000000
-0.00000000
-0.03791403
-0.01171766
0.00000000
-0.02990109
-0.01047589
0.01041507
-0.00048088
-0.01180405
0.01321659
-0.02204746
-0.20684944
-0.00910649
-0.20628428
0.00000000
-0.19059691
-0.00330041
-0.23092125
-0.00478907
0.02995639
-0.00000000
0.00000000
-0.18909632
-0.03195932
0.02799312
0.00236976
-0.20850185
-0.00600227
0.00000000
-0.00000000
0.00000000
-0.00000000
-0.00000000
-0.00000000
-0.00000000
0.00000000
-0.00000000
0.00000000
0.00000000
0.00000000
0.00000000
-0.00000000
0.00000000
-0.00000000
0.00000000
-0.00000000
0.00000000
-0.00000000
-0.00000000
-0.00000000
0.00000000
0.00000000
-0.00000000
0.00000000
0.00000000
-0.00000000
0.00000000
-0.00000000
-0.00000000
-0.00000000
-0.00000000
-0.07533058
0.08008659
0.00000000
0.00000000
0.05685924
0.07965671
0.00000000
0.05287502
0.06082582
0.05401886
0.06719056
0.07455731
0.04862282
0.07392010
-0.11728714
0.05692521
-0.10029750
-0.00000000
-0.04896282
0.06991185
-0.07445325
0.06866230
0.07372149
-0.00000000
0.00000000
-0.05556121
0.07099853
0.06881586
0.06270657
-0.08224102
0.06200236
-0.00000000
-0.10536499
0.09088286
0.00000000
0.00000000
0.05815689
0.06121656
0.00000000
0.07325504
0.07073350
0.09338176
0.09215459
0.09324297
0.09051666
0.08713313
-0.10888875
0.08225107
-0.08324325
0.00000000
-0.08959095
0.09496099
-0.14368102
0.10348608
0.07662253
0.00000000
-0.00000000
-0.10158294
0.10585123
0.07458657
0.07329325
-0.09765309
0.05962419
-0.00000000
0.00000001
-0.00000000
-0.00000000
-0.00000000
0.00000000
0.00000000
-0.00000000
-0.00000000
-0.00000000
-0.00000000
0.00000000
0.00000000
-0.00000000
0.00000000
-0.00000062
0.00000000
0.00000006
-0.00000000
0.00000003
0.00000000
0.00000017
0.00000000
-0.00000000
0.00000000
0.00000000
0.00000030
-0.00000000
-0.00000000
0.00000000
0.00000016
-0.00000000
0.00000000
-0.00172855
-0.00228450
-0.00000000
-0.00000000
-0.00271929
-0.00473604
0.00000000
-0.00459614
0.00063667
-0.00744917
-0.00597788
-0.00020924
-0.00113134
0.00250268
-0.00891884
-0.00278666
-0.00149186
-0.00000000
0.00226749
0.00053555
-0.01484161
-0.00120109
0.00226700
0.00000000
0.00000000
0.00570854
-0.00083869
0.00002201
0.00064178
0.00190299
0.00129090
-0.00000000
-0.10268029
0.13463245
0.00000000
-0.00000000
0.15029101
0.11108533
-0.00000000
0.16153812
0.15426932
0.12613036
0.12948059
0.15501685
0.14691089
0.14182635
-0.13967192
0.15579414
-0.12525183
-0.00000000
-0.11728112
0.16384257
-0.12345160
0.14981005
0.14120211
-0.00000000
0.00000000
-0.09857374
0.14317642
0.09009115
0.13072157
-0.09371015
0.13690215
0.00000000
0.13150011
-0.18673512
0.00000000
0.00000000
-0.18771355
-0.18339422
0.00000000
-0.18844306
-0.19196248
-0.16331734
-0.17502445
-0.17694964
-0.17642462
-0.15276961
0.09607587
-0.19314994
0.10039963
0.00000000
0.10565238
-0.16610435
0.16756201
-0.18401082
-0.18160714
0.00000000
-0.00000000
0.13152865
-0.15857477
-0.13734806
-0.18398649
0.10255561
-0.16600241
-0.00000000
-0.13749373
0.10540146
0.00000000
0.00000000
0.08110000
0.08234034
-0.00000000
0.05519865
0.09110471
0.08577394
0.07745543
0.07390311
0.10481355
0.07646000
-0.16087225
0.12265632
-0.12696996
-0.00000000
-0.11662932
0.10010507
-0.15231641
0.09179473
0.09388600
0.00000000
-0.00000000
-0.11868457
0.10095519
0.08538932
0.09499954
-0.12577914
0.08737956
-0.00000000
-0.06220754
0.11186867
0.00000000
0.00000000
0.10355478
0.09336764
-0.00000000
0.13349771
0.12786418
0.09316609
0.11480535
0.13481845
0.11552791
0.09858891
-0.09881422
0.10806360
-0.06027256
-0.00000000
-0.07798222
0.12605669
-0.06599664
0.11436705
0.10898544
-0.00000000
0.00000000
-0.03586574
0.14012107
0.10129945
0.11840151
-0.06254070
0.12048919
-0.00000000
-0.08299494
0.14811972
-0.00000000
0.00000000
0.16562301
0.11778945
0.00000000
0.12672900
0.14050539
0.11946446
0.12042457
0.11832229
0.12957537
0.12843835
-0.09078307
0.14251707
-0.07036130
0.00000000
-0.08860407
0.14987633
-0.10335428
0.13677822
0.15732677
0.00000000
0.00000000
-0.10792276
0.17923726
0.09724769
0.11543822
-0.07567411
0.12448474
0.00000000
-0.00000000
0.00000000
0.00000000
0.00000000
0.00000000
0.00000000
0.00000000
0.00000000
0.00000000
0.00000000
-0.00000000
-0.00000000
-0.00000000
0.00000000
0.00000000
-0.00000000
0.00000000
0.00000000
0.00000000
-0.00000000
-0.00000000
-0.00000000
0.00000000
-0.00000000
-0.00000000
-0.00000000
0.00000000
-0.00000000
0.00000000
-0.00000000
0.00000000
0.00000000
0.00000000
-0.00000000
-0.00000000
0.00000000
-0.00000000
-0.00000000
0.00000000
-0.00000000
-0.00000000
0.00000000
0.00000000
-0.00000000
-0.00000000
-0.00000000
0.00000000
-0.00000000
0.00000000
-0.00000000
0.00000000
-0.00000000
0.00000000
0.00000000
0.00000000
-0.00000000
-0.00000000
0.00000000
0.00000000
0.00000000
-0.00000000
-0.00000000
-0.00000000
0.00000000
-0.15697470
-0.00785378
-0.00000000
0.00000000
-0.03674102
-0.02768612
-0.00000000
-0.02004396
-0.01982734
0.02067172
0.01744818
-0.00051788
0.00907411
0.00261648
-0.14878985
0.03304037
-0.15887024
-0.00000000
-0.14026402
-0.02197190
-0.11772577
-0.01765994
0.00549507
0.00000000
-0.00000000
-0.14770010
-0.01077451
0.00349365
-0.00733287
-0.16749048
-0.00782614
-0.00000000
-0.14584358
0.13238752
-0.00000000
0.00000000
0.11384677
0.08945700
-0.00000000
0.11446612
0.14379548
0.12643752
0.09394380
0.12748316
0.11163548
0.10883014
-0.19657119
0.12716593
-0.17871697
0.00000000
-0.16200317
0.11368213
-0.17316633
0.12397960
0.13200948
0.00000000
0.00000000
-0.14928778
0.12154652
0.09056354
0.11487358
-0.13666265
0.11969278
0.00000000
-0.00000000
0.00000000
-0.00000000
0.00000000
0.00000000
-0.00000000
-0.00000000
0.00000000
0.00000000
0.00000000
0.00000000
0.00000000
0.00000000
0.00000000
-0.00000000
0.00000000
-0.00000000
-0.00000000
0.00000000
0.00000000
0.00000000
0.00000000
0.00000000
0.00000000
-0.00000000
-0.00000000
-0.00000000
0.00000000
0.00000000
0.00000000
0.00000000
0.00000000
0.00000000
-0.00000063
0.00000000
0.00000000
-0.00000018
-0.00000004
0.00000000
0.00000000
-0.00000001
-0.00000003
-0.00000000
-0.00000000
-0.00000013
-0.00000008
0.00000044
-0.00000001
0.00004960
0.00000000
0.00002609
-0.00000000
0.00001059
0.00000002
-0.00000000
0.00000000
0.00000000
0.00001030
-0.00000077
-0.00000000
-0.00000000
0.00005192
-0.00000000
-0.00000000
-0.15114670
0.15428573
-0.00000000
-0.00000000
0.18628612
0.17649028
0.00000000
0.21110733
0.19277443
0.16389164
0.16394345
0.21362329
0.17233124
0.17376889
-0.16090760
0.18462045
-0.16101077
0.00000000
-0.19637284
0.18382359
-0.14636338
0.19904512
0.18241201
-0.00000000
-0.00000000
-0.15140125
0.17281552
0.15652287
0.18104170
-0.12843674
0.16962272
-0.00000000
0.12655273
-0.23127809
-0.00000000
0.00000000
-0.22064634
-0.21373256
-0.00000000
-0.21372990
-0.21341039
-0.17751810
-0.24069956
-0.21260510
-0.24378476
-0.21865083
0.11885179
-0.22746582
0.17750761
0.00000000
0.25183034
-0.21575035
0.10691110
-0.19402650
-0.22295153
0.00000000
0.00000000
0.12927178
-0.21096206
-0.13942295
-0.20873806
0.11467488
-0.21075192
-0.00000000
-0.08817130
0.11416446
-0.00000000
-0.00000000
0.10934056
0.11787115
-0.00000000
0.09149453
0.07904249
0.08991203
0.09575065
0.08616699
0.09610110
0.09942160
-0.06154343
0.07855473
-0.08362869
-0.00000000
-0.08449739
0.10787887
-0.09356660
0.08361216
0.07783723
0.00000000
-0.00000000
-0.09926189
0.10095552
0.07435889
0.08697127
-0.08243214
0.09149966
-0.00000000
-0.15462282
0.10425179
0.00000000
-0.00000000
0.14151812
0.10961840
-0.00000000
0.13088249
0.12116112
0.10457246
0.10759836
0.14758010
0.13554403
0.11895426
-0.15546478
0.14456360
-0.13931525
-0.00000000
-0.16508572
0.13493501
-0.15979430
0.12717770
0.13816549
0.00000000
-0.00000000
-0.13319112
0.13265049
0.09803368
0.11568303
-0.15759021
0.12787229
-0.00000000
-0.11411556
0.02724090
0.00000000
0.00000000
-0.03010149
-0.03305097
-0.00000000
-0.01475696
0.01270412
0.02137809
0.01081380
0.00233885
0.03785621
0.02283363
-0.10622308
0.02247031
-0.12838528
0.00000000
-0.09240689
0.02255100
-0.16359872
-0.00601788
0.00812340
-0.00000000
0.00000000
-0.10607416
-0.00359144
0.02680603
0.00425953
-0.10195123
-0.01226307
-0.00000000
0.44369128
-0.21454026
0.00000000
-0.00000000
-0.19650656
-0.21259059
0.00000000
-0.20273930
-0.20967479
-0.17074975
-0.20397310
-0.20922510
-0.21293417
-0.20498522
0.48714790
-0.20393822
0.45446369
-0.00000000
0.47321531
-0.20570935
0.49648255
-0.20145854
-0.23943107
0.00000000
-0.00000000
0.47946593
-0.20623191
-0.16260065
-0.18587878
0.52343923
-0.20595570
-0.00000000
-0.03514202
0.08678115
0.00000000
0.00000000
0.07645604
0.06556857
0.00000000
0.06171392
0.08273675
0.09359601
0.07349591
0.08440392
0.08666153
0.07112751
-0.06911986
0.10196581
-0.04822602
0.00000000
-0.04617519
0.08196533
-0.04329734
0.09021679
0.08513498
-0.00000000
-0.00000000
-0.06221787
0.09917484
0.06779853
0.09466279
-0.07054249
0.06755622
0.00000000
0.00000000
0.00000000
-0.00000000
0.00000000
-0.00000000
0.00000000
0.00000000
0.00000000
0.00000000
-0.00000000
0.00000000
-0.00000000
-0.00000000
0.00000000
0.00000000
0.00000000
-0.00000000
0.00000000
-0.00000000
-0.00000000
0.00000000
0.00000000
-0.00000000
-0.00000000
-0.00000000
0.00000000
0.00000000
0.00000000
-0.00000000
0.00000000
-0.00000000
-0.00000000
-0.13732114
-0.02112969
-0.00000000
0.00000000
-0.02070589
-0.04679768
-0.00000000
-0.02920395
-0.05208902
-0.00553877
-0.04246329
-0.03392792
-0.03556351
-0.03779243
-0.12944114
-0.05174461
-0.13529511
0.00000000
-0.17400576
-0.05171619
-0.22002839
-0.02803210
0.00347892
0.00000000
-0.00000000
-0.15712972
-0.05776063
-0.01082691
-0.05313018
-0.14499545
-0.04584984
0.00000000
-0.16715217
0.05566328
-0.00000000
0.00000000
0.03217757
0.03190881
0.00000000
0.04403317
0.03911223
0.05525846
0.06139669
0.07875004
0.05344015
0.06213236
-0.20156643
0.06453726
-0.19003838
0.00000000
-0.14989696
0.08367476
-0.19023187
0.09242428
0.03857783
0.00000000
0.00000000
-0.18030271
0.11165377
0.06450810
0.05668569
-0.17427221
0.04794848
-0.00000000
-0.11260302
0.04487257
-0.00000000
-0.00000000
0.03719252
0.05843365
-0.00000000
0.02835982
0.04511270
0.03655495
0.06574284
0.03596006
0.06871291
0.07501619
-0.15525179
0.04098842
-0.13270202
0.00000000
-0.09285241
0.06621265
-0.10113543
0.04288192
0.05258568
-0.00000000
0.00000000
-0.14641780
0.06663037
0.05363924
0.05987212
-0.13310242
0.04666824
-0.00000000
0.00000000
-0.00000000
0.00000000
-0.00000000
0.00000000
0.00000000
-0.00000000
0.00000000
0.00000000
-0.00000000
0.00000000
0.00000000
0.00000000
-0.00000000
0.00000000
0.00000000
-0.00000000
-0.00000000
-0.00000000
0.00000000
-0.00000000
0.00000000
-0.00000000
-0.00000000
0.00000000
-0.00000000
-0.00000000
-0.00000000
-0.00000000
0.00000000
0.00000000
-0.00000000
-0.14449181
0.04683359
0.00000000
-0.00000000
0.03544391
0.03715392
0.00000000
0.02818577
0.03770176
0.04652111
0.04498366
0.01741547
0.03043899
0.02906398
-0.19709919
0.05361973
-0.15625724
0.00000000
-0.15064843
0.02727999
-0.18450396
0.02988122
0.06157227
0.00000000
-0.00000000
-0.11791142
0.05391005
0.04213106
0.03013127
-0.12618743
0.04233930
-0.00000000
0.00000000
0.00000000
0.00000000
-0.00000000
0.00000000
-0.00000000
0.00000000
-0.00000000
-0.00000000
0.00000000
-0.00000000
0.00000000
0.00000000
-0.00000000
0.00000000
0.00000000
-0.00000000
0.00000000
0.00000000
-0.00000000
-0.00000000
0.00000000
-0.00000000
0.00000000
0.00000000
0.00000000
0.00000000
0.00000000
-0.00000000
-0.00000000
-0.00000000
-0.00000000
-0.10200398
0.17881966
-0.00000000
0.00000000
0.20770739
0.19304220
-0.00000000
0.20160641
0.18024571
0.16104643
0.16323695
0.20908499
0.19817734
0.19225441
-0.10279991
0.22411831
-0.09479167
0.00000000
-0.10590088
0.19923027
-0.07187124
0.18762125
0.19087300
-0.00000000
-0.00000000
-0.10836917
0.20268857
0.12040459
0.17759161
-0.10453134
0.17852432
-0.00000000
-0.14439535
0.09305203
-0.00000000
0.00000000
0.07665570
0.09240339
-0.00000000
0.05547142
0.11396432
0.06218405
0.11077048
0.09188126
0.10089784
0.08514468
-0.16187604
0.10112312
-0.15871997
0.00000000
-0.13373655
0.11991919
-0.15374589
0.10712588
0.09422279
0.00000000
0.00000000
-0.15668246
0.12630993
0.06545282
0.09296311
-0.16570300
0.08483734
-0.00000000
-0.15341182
0.03835373
0.00000000
0.00000000
0.06577525
0.01355094
-0.00000000
0.02145762
0.06211460
0.06422007
0.03376304
0.03950105
0.03938477
0.04785732
-0.16262260
0.01694517
-0.18020505
0.00000000
-0.16416363
0.05658930
-0.16633874
0.03431615
0.06380070
-0.00000000
-0.00000000
-0.14611320
0.04609607
0.02858265
0.02657048
-0.13881117
0.01426199
0.00000000
-0.08830064
0.13361342
0.00000000
0.00000000
0.11197554
0.10380958
-0.00000000
0.12406629
0.11414050
0.09930906
0.12165156
0.11071772
0.12181978
0.11567952
-0.09474462
0.10344823
-0.06260213
0.00000000
-0.07524096
0.12652883
-0.09741236
0.12751952
0.08255427
0.00000000
-0.00000000
-0.11514886
0.12259928
0.09550185
0.11286949
-0.10474972
0.13511625
-0.00000000
-0.12550537
0.04037075
0.00000000
-0.00000000
0.00978648
0.02180779
0.00000000
0.03491439
0.02427257
0.04071001
0.00915364
-0.00716948
0.02694510
0.04063342
-0.13117984
0.00263287
-0.14893183
0.00000000
-0.11295932
0.05038678
-0.14534295
0.00629665
0.02098214
-0.00000000
0.00000000
-0.10618784
0.03544840
0.03739471
0.04022117
-0.14838248
0.03218012
-0.00000000
-0.10992561
0.12009103
-0.00000000
-0.00000000
0.12136987
0.10990936
-0.00000000
0.12841460
0.11012054
0.09554647
0.09443985
0.12989530
0.12007247
0.11593250
-0.13468611
0.13107803
-0.14364365
-0.00000000
-0.16126165
0.14465520
-0.15086497
0.13823327
0.13632935
-0.00000000
-0.00000000
-0.12632662
0.12795609
0.10731539
0.11291504
-0.14759317
0.11957727
0.00000000
0.36495498
-0.23074967
-0.00000000
0.00000000
-0.23905283
-0.24449840
-0.00000000
-0.24304122
-0.23084019
-0.20666468
-0.25159723
-0.23024555
-0.22391458
-0.22900026
0.36927918
-0.24819198
0.35250688
-0.00000000
0.39063457
-0.24936865
0.38042381
-0.21406761
-0.24853480
0.00000000
0.00000000
0.35562351
-0.26301521
-0.16261736
-0.21689664
0.33781159
-0.21736780
-0.00000000
0.00000000
-0.00000000
0.00000000
0.00000000
-0.00000000
0.00000000
-0.00000000
-0.00000000
-0.00000000
-0.00000000
-0.00000000
-0.00000000
-0.00000000
-0.00000000
-0.00000000
-0.00000000
-0.00000000
-0.00000000
0.00000000
0.00000000
-0.00000000
-0.00000000
-0.00000000
0.00000000
-0.00000000
-0.00000000
-0.00000000
0.00000000
-0.00000000
-0.00000000
0.00000000
0.00000000
-0.09422925
0.04751895
0.00000000
-0.00000000
0.02079059
0.00002565
-0.00000000
0.02118749
0.01610995
0.07524727
0.02716796
0.06484129
0.04073248
0.03898904
-0.17092177
0.05065867
-0.11826200
0.00000000
-0.10245487
0.06539526
-0.14224228
0.04654036
0.03455004
-0.00000000
0.00000000
-0.13917345
0.06313553
0.03906673
0.05136257
-0.12955822
0.04829039
-0.00000000
-0.15218511
0.04168551
-0.00000000
-0.00000000
0.03652954
0.01030372
0.00000000
0.03184389
0.06018649
0.03666648
0.04734833
0.02320725
0.05449490
0.05262216
-0.15448838
0.04025121
-0.15933107
0.00000000
-0.13056543
0.05749969
-0.18717341
0.06605114
0.05609218
-0.00000000
-0.00000000
-0.11971584
0.06665865
0.05560662
0.04715438
-0.19334197
0.05548041
-0.00000000
-0.08165929
0.07440140
0.00000000
0.00000000
0.02962344
0.02902697
-0.00000000
0.04854464
0.06526233
0.06137157
0.06442257
0.05667179
0.05650942
0.06246364
-0.14305899
0.06906623
-0.11236941
0.00000000
-0.08790326
0.06048564
-0.13419425
0.08031389
0.04594735
0.00000000
-0.00000000
-0.11401729
0.07030585
0.05556181
0.03964869
-0.11064094
0.06739911
-0.00000000
-0.10878183
0.10393890
0.00000000
-0.00000000
0.12750216
0.11753429
-0.00000000
0.12308835
0.15275544
0.08987454
0.12859721
0.16933542
0.12652117
0.13292789
-0.13646640
0.13538776
-0.14987135
-0.00000000
-0.12586293
0.12365651
-0.17763212
0.15605398
0.13951539
0.00000000
0.00000000
-0.14547978
0.14086455
0.08297791
0.13536952
-0.17006324
0.16351962
-0.00000000
-0.16028796
0.11194258
-0.00000000
0.00000000
0.10154045
0.08736113
0.00000000
0.07700928
0.08419885
0.06854049
0.09341634
0.06992746
0.11432352
0.10742272
-0.14216469
0.06898163
-0.11256177
0.00000000
-0.13775221
0.10214041
-0.11647664
0.08957593
0.10534041
-0.00000000
0.00000000
-0.13482851
0.11585662
0.08646491
0.10554221
-0.11684242
0.11224879
-0.00000000
-0.06545085
0.11678998
-0.00000000
-0.00000000
0.10026772
0.09890281
0.00000000
0.09837132
0.09604133
0.08501375
0.11004765
0.10649433
0.09829874
0.12441120
-0.09452430
0.12506248
-0.07140257
0.00000000
-0.08266564
0.09890115
-0.10865700
0.08824827
0.08622169
-0.00000000
0.00000000
-0.12116694
0.13981543
0.08729202
0.10851590
-0.11227597
0.11313932
-0.00000000
-0.09478741
0.13384083
0.00000000
-0.00000000
0.12773141
0.12758912
-0.00000000
0.13798532
0.12591119
0.11658860
0.12252840
0.13446942
0.15620756
0.11158320
-0.07056107
0.10755766
-0.08275311
0.00000000
-0.07982042
0.12399173
-0.10386232
0.16290617
0.12493709
-0.00000000
0.00000000
-0.11876601
0.13767254
0.13492702
0.13678670
-0.10242575
0.12776381
# B
-0.00000000
0.18566951
0.01051961
-0.00000007
-0.00000000
0.01641158
0.01665221
-0.00000000
0.03513423
0.02638892
0.02322375
0.03203961
0.02235352
0.03491676
0.03402181
0.17097585
0.01950294
0.19251658
-0.00000000
0.19600618
0.04128183
0.18651272
0.02677886
0.02299490
-0.00000000
-0.00000000
0.17025314
0.02410433
0.02865673
0.02350518
0.21155559
0.02123719
# Layer Number: 3
sigmoid
1 32
# W
0.00000000
0.84167290
-0.46049526
-0.00023477
-0.00000001
-0.47969216
-0.43082258
0.00000000
-0.46116987
-0.46267048
-0.35480061
-0.43641281
-0.47906968
-0.45375746
-0.45148811
0.90985954
-0.46890795
0.90187097
0.00000105
0.90814346
-0.48619652
0.92473692
-0.46661586
-0.45565444
0.00000000
0.00000000
0.86189139
-0.49552956
-0.31466854
-0.44147250
0.93031770
-0.44889757
# B
-0.88990283
